contract,contract_label,supplier_choice,supplier_payoff,buyer_payoff,supplier_payoff_high,supplier_payoff_low,supplier_payoff_none,buyer_payoff_high,buyer_payoff_low,buyer_payoff_none,c,q,r,p,F,B,S,R,L,v,g,k,alpha,lam,beta,eta_penalty,r_low_share,confidentiality,B_L,contract_value,outside_option,experiment
basic_compliance,Basic compliance,none,5.4,-5.0,-9.899999999999999,-0.9825000000000004,5.4,8.7,-1.99,-5.0,3.5,0.2,0.5,0.05,1.0,0.25,0.0,9.0,5.0,1.0,0.8,0.0,1.4,0.45,0.35,0.2,0.35,0.1,0.1,7.0,5.4,base_grid
basic_compliance,Basic compliance,none,5.4,-5.0,-9.899999999999999,-0.9825000000000004,5.4,11.7,-0.9400000000000007,-5.0,3.5,0.2,0.5,0.05,1.0,0.25,0.0,12.0,5.0,1.0,0.8,0.0,1.4,0.45,0.35,0.2,0.35,0.1,0.1,7.0,5.4,base_grid
basic_compliance,Basic compliance,none,5.4,-5.0,-9.899999999999999,-0.9825000000000004,5.4,14.7,0.11000000000000001,-5.0,3.5,0.2,0.5,0.05,1.0,0.25,0.0,15.0,5.0,1.0,0.8,0.0,1.4,0.45,0.35,0.2,0.35,0.1,0.1,7.0,5.4,base_grid
basic_compliance,Basic compliance,none,5.4,-5.0,-10.799999999999999,-1.2975000000000003,5.4,8.7,-1.99,-5.0,3.5,0.2,1.5,0.05,1.0,0.25,0.0,9.0,5.0,1.0,0.8,0.0,1.4,0.45,0.35,0.2,0.35,0.1,0.1,7.0,5.4,base_grid
basic_compliance,Basic compliance,none,5.4,-5.0,-10.799999999999999,-1.2975000000000003,5.4,11.7,-0.9400000000000007,-5.0,3.5,0.2,1.5,0.05,1.0,0.25,0.0,12.0,5.0,1.0,0.8,0.0,1.4,0.45,0.35,0.2,0.35,0.1,0.1,7.0,5.4,base_grid
basic_compliance,Basic compliance,none,5.4,-5.0,-10.799999999999999,-1.2975000000000003,5.4,14.7,0.11000000000000001,-5.0,3.5,0.2,1.5,0.05,1.0,0.25,0.0,15.0,5.0,1.0,0.8,0.0,1.4,0.45,0.35,0.2,0.35,0.1,0.1,7.0,5.4,base_grid
basic_compliance,Basic compliance,none,5.4,-5.0,-11.7,-1.6125000000000003,5.4,8.7,-1.99,-5.0,3.5,0.2,2.5,0.05,1.0,0.25,0.0,9.0,5.0,1.0,0.8,0.0,1.4,0.45,0.35,0.2,0.35,0.1,0.1,7.0,5.4,base_grid
basic_compliance,Basic compliance,none,5.4,-5.0,-11.7,-1.6125000000000003,5.4,11.7,-0.9400000000000007,-5.0,3.5,0.2,2.5,0.05,1.0,0.25,0.0,12.0,5.0,1.0,0.8,0.0,1.4,0.45,0.35,0.2,0.35,0.1,0.1,7.0,5.4,base_grid
basic_compliance,Basic compliance,none,5.4,-5.0,-11.7,-1.6125000000000003,5.4,14.7,0.11000000000000001,-5.0,3.5,0.2,2.5,0.05,1.0,0.25,0.0,15.0,5.0,1.0,0.8,0.0,1.4,0.45,0.35,0.2,0.35,0.1,0.1,7.0,5.4,base_grid
basic_compliance,Basic compliance,none,5.4,-5.0,-12.6,-1.9275000000000002,5.4,8.7,-1.99,-5.0,3.5,0.2,3.5,0.05,1.0,0.25,0.0,9.0,5.0,1.0,0.8,0.0,1.4,0.45,0.35,0.2,0.35,0.1,0.1,7.0,5.4,base_grid
basic_compliance,Basic compliance,none,5.4,-5.0,-12.6,-1.9275000000000002,5.4,11.7,-0.9400000000000007,-5.0,3.5,0.2,3.5,0.05,1.0,0.25,0.0,12.0,5.0,1.0,0.8,0.0,1.4,0.45,0.35,0.2,0.35,0.1,0.1,7.0,5.4,base_grid
basic_compliance,Basic compliance,none,5.4,-5.0,-12.6,-1.9275000000000002,5.4,14.7,0.11000000000000001,-5.0,3.5,0.2,3.5,0.05,1.0,0.25,0.0,15.0,5.0,1.0,0.8,0.0,1.4,0.45,0.35,0.2,0.35,0.1,0.1,7.0,5.4,base_grid
basic_compliance,Basic compliance,none,5.4,-5.0,-17.4,-4.3575,5.4,8.7,-1.99,-5.0,5.0,0.2,0.5,0.05,1.0,0.25,0.0,9.0,5.0,1.0,0.8,0.0,1.4,0.45,0.35,0.2,0.35,0.1,0.1,7.0,5.4,base_grid
basic_compliance,Basic compliance,none,5.4,-5.0,-17.4,-4.3575,5.4,11.7,-0.9400000000000007,-5.0,5.0,0.2,0.5,0.05,1.0,0.25,0.0,12.0,5.0,1.0,0.8,0.0,1.4,0.45,0.35,0.2,0.35,0.1,0.1,7.0,5.4,base_grid
basic_compliance,Basic compliance,none,5.4,-5.0,-17.4,-4.3575,5.4,14.7,0.11000000000000001,-5.0,5.0,0.2,0.5,0.05,1.0,0.25,0.0,15.0,5.0,1.0,0.8,0.0,1.4,0.45,0.35,0.2,0.35,0.1,0.1,7.0,5.4,base_grid
basic_compliance,Basic compliance,none,5.4,-5.0,-18.3,-4.6725,5.4,8.7,-1.99,-5.0,5.0,0.2,1.5,0.05,1.0,0.25,0.0,9.0,5.0,1.0,0.8,0.0,1.4,0.45,0.35,0.2,0.35,0.1,0.1,7.0,5.4,base_grid
basic_compliance,Basic compliance,none,5.4,-5.0,-18.3,-4.6725,5.4,11.7,-0.9400000000000007,-5.0,5.0,0.2,1.5,0.05,1.0,0.25,0.0,12.0,5.0,1.0,0.8,0.0,1.4,0.45,0.35,0.2,0.35,0.1,0.1,7.0,5.4,base_grid
basic_compliance,Basic compliance,none,5.4,-5.0,-18.3,-4.6725,5.4,14.7,0.11000000000000001,-5.0,5.0,0.2,1.5,0.05,1.0,0.25,0.0,15.0,5.0,1.0,0.8,0.0,1.4,0.45,0.35,0.2,0.35,0.1,0.1,7.0,5.4,base_grid
basic_compliance,Basic compliance,none,5.4,-5.0,-19.2,-4.9875,5.4,8.7,-1.99,-5.0,5.0,0.2,2.5,0.05,1.0,0.25,0.0,9.0,5.0,1.0,0.8,0.0,1.4,0.45,0.35,0.2,0.35,0.1,0.1,7.0,5.4,base_grid
basic_compliance,Basic compliance,none,5.4,-5.0,-19.2,-4.9875,5.4,11.7,-0.9400000000000007,-5.0,5.0,0.2,2.5,0.05,1.0,0.25,0.0,12.0,5.0,1.0,0.8,0.0,1.4,0.45,0.35,0.2,0.35,0.1,0.1,7.0,5.4,base_grid
basic_compliance,Basic compliance,none,5.4,-5.0,-19.2,-4.9875,5.4,14.7,0.11000000000000001,-5.0,5.0,0.2,2.5,0.05,1.0,0.25,0.0,15.0,5.0,1.0,0.8,0.0,1.4,0.45,0.35,0.2,0.35,0.1,0.1,7.0,5.4,base_grid
basic_compliance,Basic compliance,none,5.4,-5.0,-20.099999999999998,-5.3025,5.4,8.7,-1.99,-5.0,5.0,0.2,3.5,0.05,1.0,0.25,0.0,9.0,5.0,1.0,0.8,0.0,1.4,0.45,0.35,0.2,0.35,0.1,0.1,7.0,5.4,base_grid
basic_compliance,Basic compliance,none,5.4,-5.0,-20.099999999999998,-5.3025,5.4,11.7,-0.9400000000000007,-5.0,5.0,0.2,3.5,0.05,1.0,0.25,0.0,12.0,5.0,1.0,0.8,0.0,1.4,0.45,0.35,0.2,0.35,0.1,0.1,7.0,5.4,base_grid
basic_compliance,Basic compliance,none,5.4,-5.0,-20.099999999999998,-5.3025,5.4,14.7,0.11000000000000001,-5.0,5.0,0.2,3.5,0.05,1.0,0.25,0.0,15.0,5.0,1.0,0.8,0.0,1.4,0.45,0.35,0.2,0.35,0.1,0.1,7.0,5.4,base_grid
basic_compliance,Basic compliance,none,5.4,-5.0,-24.9,-7.7325,5.4,8.7,-1.99,-5.0,6.5,0.2,0.5,0.05,1.0,0.25,0.0,9.0,5.0,1.0,0.8,0.0,1.4,0.45,0.35,0.2,0.35,0.1,0.1,7.0,5.4,base_grid
basic_compliance,Basic compliance,none,5.4,-5.0,-24.9,-7.7325,5.4,11.7,-0.9400000000000007,-5.0,6.5,0.2,0.5,0.05,1.0,0.25,0.0,12.0,5.0,1.0,0.8,0.0,1.4,0.45,0.35,0.2,0.35,0.1,0.1,7.0,5.4,base_grid
basic_compliance,Basic compliance,none,5.4,-5.0,-24.9,-7.7325,5.4,14.7,0.11000000000000001,-5.0,6.5,0.2,0.5,0.05,1.0,0.25,0.0,15.0,5.0,1.0,0.8,0.0,1.4,0.45,0.35,0.2,0.35,0.1,0.1,7.0,5.4,base_grid
basic_compliance,Basic compliance,none,5.4,-5.0,-25.8,-8.0475,5.4,8.7,-1.99,-5.0,6.5,0.2,1.5,0.05,1.0,0.25,0.0,9.0,5.0,1.0,0.8,0.0,1.4,0.45,0.35,0.2,0.35,0.1,0.1,7.0,5.4,base_grid
basic_compliance,Basic compliance,none,5.4,-5.0,-25.8,-8.0475,5.4,11.7,-0.9400000000000007,-5.0,6.5,0.2,1.5,0.05,1.0,0.25,0.0,12.0,5.0,1.0,0.8,0.0,1.4,0.45,0.35,0.2,0.35,0.1,0.1,7.0,5.4,base_grid
basic_compliance,Basic compliance,none,5.4,-5.0,-25.8,-8.0475,5.4,14.7,0.11000000000000001,-5.0,6.5,0.2,1.5,0.05,1.0,0.25,0.0,15.0,5.0,1.0,0.8,0.0,1.4,0.45,0.35,0.2,0.35,0.1,0.1,7.0,5.4,base_grid
basic_compliance,Basic compliance,none,5.4,-5.0,-26.7,-8.3625,5.4,8.7,-1.99,-5.0,6.5,0.2,2.5,0.05,1.0,0.25,0.0,9.0,5.0,1.0,0.8,0.0,1.4,0.45,0.35,0.2,0.35,0.1,0.1,7.0,5.4,base_grid
basic_compliance,Basic compliance,none,5.4,-5.0,-26.7,-8.3625,5.4,11.7,-0.9400000000000007,-5.0,6.5,0.2,2.5,0.05,1.0,0.25,0.0,12.0,5.0,1.0,0.8,0.0,1.4,0.45,0.35,0.2,0.35,0.1,0.1,7.0,5.4,base_grid
basic_compliance,Basic compliance,none,5.4,-5.0,-26.7,-8.3625,5.4,14.7,0.11000000000000001,-5.0,6.5,0.2,2.5,0.05,1.0,0.25,0.0,15.0,5.0,1.0,0.8,0.0,1.4,0.45,0.35,0.2,0.35,0.1,0.1,7.0,5.4,base_grid
basic_compliance,Basic compliance,none,5.4,-5.0,-27.599999999999998,-8.6775,5.4,8.7,-1.99,-5.0,6.5,0.2,3.5,0.05,1.0,0.25,0.0,9.0,5.0,1.0,0.8,0.0,1.4,0.45,0.35,0.2,0.35,0.1,0.1,7.0,5.4,base_grid
basic_compliance,Basic compliance,none,5.4,-5.0,-27.599999999999998,-8.6775,5.4,11.7,-0.9400000000000007,-5.0,6.5,0.2,3.5,0.05,1.0,0.25,0.0,12.0,5.0,1.0,0.8,0.0,1.4,0.45,0.35,0.2,0.35,0.1,0.1,7.0,5.4,base_grid
basic_compliance,Basic compliance,none,5.4,-5.0,-27.599999999999998,-8.6775,5.4,14.7,0.11000000000000001,-5.0,6.5,0.2,3.5,0.05,1.0,0.25,0.0,15.0,5.0,1.0,0.8,0.0,1.4,0.45,0.35,0.2,0.35,0.1,0.1,7.0,5.4,base_grid
basic_compliance,Basic compliance,none,5.4,-5.0,-32.4,-11.107500000000002,5.4,8.7,-1.99,-5.0,8.0,0.2,0.5,0.05,1.0,0.25,0.0,9.0,5.0,1.0,0.8,0.0,1.4,0.45,0.35,0.2,0.35,0.1,0.1,7.0,5.4,base_grid
basic_compliance,Basic compliance,none,5.4,-5.0,-32.4,-11.107500000000002,5.4,11.7,-0.9400000000000007,-5.0,8.0,0.2,0.5,0.05,1.0,0.25,0.0,12.0,5.0,1.0,0.8,0.0,1.4,0.45,0.35,0.2,0.35,0.1,0.1,7.0,5.4,base_grid
basic_compliance,Basic compliance,none,5.4,-5.0,-32.4,-11.107500000000002,5.4,14.7,0.11000000000000001,-5.0,8.0,0.2,0.5,0.05,1.0,0.25,0.0,15.0,5.0,1.0,0.8,0.0,1.4,0.45,0.35,0.2,0.35,0.1,0.1,7.0,5.4,base_grid
basic_compliance,Basic compliance,none,5.4,-5.0,-33.3,-11.422500000000001,5.4,8.7,-1.99,-5.0,8.0,0.2,1.5,0.05,1.0,0.25,0.0,9.0,5.0,1.0,0.8,0.0,1.4,0.45,0.35,0.2,0.35,0.1,0.1,7.0,5.4,base_grid
basic_compliance,Basic compliance,none,5.4,-5.0,-33.3,-11.422500000000001,5.4,11.7,-0.9400000000000007,-5.0,8.0,0.2,1.5,0.05,1.0,0.25,0.0,12.0,5.0,1.0,0.8,0.0,1.4,0.45,0.35,0.2,0.35,0.1,0.1,7.0,5.4,base_grid
basic_compliance,Basic compliance,none,5.4,-5.0,-33.3,-11.422500000000001,5.4,14.7,0.11000000000000001,-5.0,8.0,0.2,1.5,0.05,1.0,0.25,0.0,15.0,5.0,1.0,0.8,0.0,1.4,0.45,0.35,0.2,0.35,0.1,0.1,7.0,5.4,base_grid
basic_compliance,Basic compliance,none,5.4,-5.0,-34.2,-11.7375,5.4,8.7,-1.99,-5.0,8.0,0.2,2.5,0.05,1.0,0.25,0.0,9.0,5.0,1.0,0.8,0.0,1.4,0.45,0.35,0.2,0.35,0.1,0.1,7.0,5.4,base_grid
basic_compliance,Basic compliance,none,5.4,-5.0,-34.2,-11.7375,5.4,11.7,-0.9400000000000007,-5.0,8.0,0.2,2.5,0.05,1.0,0.25,0.0,12.0,5.0,1.0,0.8,0.0,1.4,0.45,0.35,0.2,0.35,0.1,0.1,7.0,5.4,base_grid
basic_compliance,Basic compliance,none,5.4,-5.0,-34.2,-11.7375,5.4,14.7,0.11000000000000001,-5.0,8.0,0.2,2.5,0.05,1.0,0.25,0.0,15.0,5.0,1.0,0.8,0.0,1.4,0.45,0.35,0.2,0.35,0.1,0.1,7.0,5.4,base_grid
basic_compliance,Basic compliance,none,5.4,-5.0,-35.1,-12.0525,5.4,8.7,-1.99,-5.0,8.0,0.2,3.5,0.05,1.0,0.25,0.0,9.0,5.0,1.0,0.8,0.0,1.4,0.45,0.35,0.2,0.35,0.1,0.1,7.0,5.4,base_grid
basic_compliance,Basic compliance,none,5.4,-5.0,-35.1,-12.0525,5.4,11.7,-0.9400000000000007,-5.0,8.0,0.2,3.5,0.05,1.0,0.25,0.0,12.0,5.0,1.0,0.8,0.0,1.4,0.45,0.35,0.2,0.35,0.1,0.1,7.0,5.4,base_grid
basic_compliance,Basic compliance,none,5.4,-5.0,-35.1,-12.0525,5.4,14.7,0.11000000000000001,-5.0,8.0,0.2,3.5,0.05,1.0,0.25,0.0,15.0,5.0,1.0,0.8,0.0,1.4,0.45,0.35,0.2,0.35,0.1,0.1,7.0,5.4,base_grid
basic_compliance,Basic compliance,none,5.4,-5.0,-1.1499999999999992,2.9549999999999996,5.4,8.7,-1.99,-5.0,3.5,0.4,0.5,0.05,1.0,0.25,0.0,9.0,5.0,1.0,0.8,0.0,1.4,0.45,0.35,0.2,0.35,0.1,0.1,7.0,5.4,base_grid
basic_compliance,Basic compliance,none,5.4,-5.0,-1.1499999999999992,2.9549999999999996,5.4,11.7,-0.9400000000000007,-5.0,3.5,0.4,0.5,0.05,1.0,0.25,0.0,12.0,5.0,1.0,0.8,0.0,1.4,0.45,0.35,0.2,0.35,0.1,0.1,7.0,5.4,base_grid
basic_compliance,Basic compliance,none,5.4,-5.0,-1.1499999999999992,2.9549999999999996,5.4,14.7,0.11000000000000001,-5.0,3.5,0.4,0.5,0.05,1.0,0.25,0.0,15.0,5.0,1.0,0.8,0.0,1.4,0.45,0.35,0.2,0.35,0.1,0.1,7.0,5.4,base_grid
basic_compliance,Basic compliance,none,5.4,-5.0,-2.0499999999999994,2.6399999999999997,5.4,8.7,-1.99,-5.0,3.5,0.4,1.5,0.05,1.0,0.25,0.0,9.0,5.0,1.0,0.8,0.0,1.4,0.45,0.35,0.2,0.35,0.1,0.1,7.0,5.4,base_grid
basic_compliance,Basic compliance,none,5.4,-5.0,-2.0499999999999994,2.6399999999999997,5.4,11.7,-0.9400000000000007,-5.0,3.5,0.4,1.5,0.05,1.0,0.25,0.0,12.0,5.0,1.0,0.8,0.0,1.4,0.45,0.35,0.2,0.35,0.1,0.1,7.0,5.4,base_grid
basic_compliance,Basic compliance,none,5.4,-5.0,-2.0499999999999994,2.6399999999999997,5.4,14.7,0.11000000000000001,-5.0,3.5,0.4,1.5,0.05,1.0,0.25,0.0,15.0,5.0,1.0,0.8,0.0,1.4,0.45,0.35,0.2,0.35,0.1,0.1,7.0,5.4,base_grid
basic_compliance,Basic compliance,none,5.4,-5.0,-2.9499999999999993,2.3249999999999997,5.4,8.7,-1.99,-5.0,3.5,0.4,2.5,0.05,1.0,0.25,0.0,9.0,5.0,1.0,0.8,0.0,1.4,0.45,0.35,0.2,0.35,0.1,0.1,7.0,5.4,base_grid
basic_compliance,Basic compliance,none,5.4,-5.0,-2.9499999999999993,2.3249999999999997,5.4,11.7,-0.9400000000000007,-5.0,3.5,0.4,2.5,0.05,1.0,0.25,0.0,12.0,5.0,1.0,0.8,0.0,1.4,0.45,0.35,0.2,0.35,0.1,0.1,7.0,5.4,base_grid
basic_compliance,Basic compliance,none,5.4,-5.0,-2.9499999999999993,2.3249999999999997,5.4,14.7,0.11000000000000001,-5.0,3.5,0.4,2.5,0.05,1.0,0.25,0.0,15.0,5.0,1.0,0.8,0.0,1.4,0.45,0.35,0.2,0.35,0.1,0.1,7.0,5.4,base_grid
basic_compliance,Basic compliance,none,5.4,-5.0,-3.849999999999999,2.01,5.4,8.7,-1.99,-5.0,3.5,0.4,3.5,0.05,1.0,0.25,0.0,9.0,5.0,1.0,0.8,0.0,1.4,0.45,0.35,0.2,0.35,0.1,0.1,7.0,5.4,base_grid
basic_compliance,Basic compliance,none,5.4,-5.0,-3.849999999999999,2.01,5.4,11.7,-0.9400000000000007,-5.0,3.5,0.4,3.5,0.05,1.0,0.25,0.0,12.0,5.0,1.0,0.8,0.0,1.4,0.45,0.35,0.2,0.35,0.1,0.1,7.0,5.4,base_grid
basic_compliance,Basic compliance,none,5.4,-5.0,-3.849999999999999,2.01,5.4,14.7,0.11000000000000001,-5.0,3.5,0.4,3.5,0.05,1.0,0.25,0.0,15.0,5.0,1.0,0.8,0.0,1.4,0.45,0.35,0.2,0.35,0.1,0.1,7.0,5.4,base_grid
basic_compliance,Basic compliance,none,5.4,-5.0,-4.8999999999999995,1.2674999999999996,5.4,8.7,-1.99,-5.0,5.0,0.4,0.5,0.05,1.0,0.25,0.0,9.0,5.0,1.0,0.8,0.0,1.4,0.45,0.35,0.2,0.35,0.1,0.1,7.0,5.4,base_grid
basic_compliance,Basic compliance,none,5.4,-5.0,-4.8999999999999995,1.2674999999999996,5.4,11.7,-0.9400000000000007,-5.0,5.0,0.4,0.5,0.05,1.0,0.25,0.0,12.0,5.0,1.0,0.8,0.0,1.4,0.45,0.35,0.2,0.35,0.1,0.1,7.0,5.4,base_grid
basic_compliance,Basic compliance,none,5.4,-5.0,-4.8999999999999995,1.2674999999999996,5.4,14.7,0.11000000000000001,-5.0,5.0,0.4,0.5,0.05,1.0,0.25,0.0,15.0,5.0,1.0,0.8,0.0,1.4,0.45,0.35,0.2,0.35,0.1,0.1,7.0,5.4,base_grid
basic_compliance,Basic compliance,none,5.4,-5.0,-5.799999999999999,0.9524999999999997,5.4,8.7,-1.99,-5.0,5.0,0.4,1.5,0.05,1.0,0.25,0.0,9.0,5.0,1.0,0.8,0.0,1.4,0.45,0.35,0.2,0.35,0.1,0.1,7.0,5.4,base_grid
basic_compliance,Basic compliance,none,5.4,-5.0,-5.799999999999999,0.9524999999999997,5.4,11.7,-0.9400000000000007,-5.0,5.0,0.4,1.5,0.05,1.0,0.25,0.0,12.0,5.0,1.0,0.8,0.0,1.4,0.45,0.35,0.2,0.35,0.1,0.1,7.0,5.4,base_grid
basic_compliance,Basic compliance,none,5.4,-5.0,-5.799999999999999,0.9524999999999997,5.4,14.7,0.11000000000000001,-5.0,5.0,0.4,1.5,0.05,1.0,0.25,0.0,15.0,5.0,1.0,0.8,0.0,1.4,0.45,0.35,0.2,0.35,0.1,0.1,7.0,5.4,base_grid
basic_compliance,Basic compliance,none,5.4,-5.0,-6.699999999999999,0.6374999999999996,5.4,8.7,-1.99,-5.0,5.0,0.4,2.5,0.05,1.0,0.25,0.0,9.0,5.0,1.0,0.8,0.0,1.4,0.45,0.35,0.2,0.35,0.1,0.1,7.0,5.4,base_grid
basic_compliance,Basic compliance,none,5.4,-5.0,-6.699999999999999,0.6374999999999996,5.4,11.7,-0.9400000000000007,-5.0,5.0,0.4,2.5,0.05,1.0,0.25,0.0,12.0,5.0,1.0,0.8,0.0,1.4,0.45,0.35,0.2,0.35,0.1,0.1,7.0,5.4,base_grid
basic_compliance,Basic compliance,none,5.4,-5.0,-6.699999999999999,0.6374999999999996,5.4,14.7,0.11000000000000001,-5.0,5.0,0.4,2.5,0.05,1.0,0.25,0.0,15.0,5.0,1.0,0.8,0.0,1.4,0.45,0.35,0.2,0.35,0.1,0.1,7.0,5.4,base_grid
basic_compliance,Basic compliance,none,5.4,-5.0,-7.6,0.3224999999999998,5.4,8.7,-1.99,-5.0,5.0,0.4,3.5,0.05,1.0,0.25,0.0,9.0,5.0,1.0,0.8,0.0,1.4,0.45,0.35,0.2,0.35,0.1,0.1,7.0,5.4,base_grid
basic_compliance,Basic compliance,none,5.4,-5.0,-7.6,0.3224999999999998,5.4,11.7,-0.9400000000000007,-5.0,5.0,0.4,3.5,0.05,1.0,0.25,0.0,12.0,5.0,1.0,0.8,0.0,1.4,0.45,0.35,0.2,0.35,0.1,0.1,7.0,5.4,base_grid
basic_compliance,Basic compliance,none,5.4,-5.0,-7.6,0.3224999999999998,5.4,14.7,0.11000000000000001,-5.0,5.0,0.4,3.5,0.05,1.0,0.25,0.0,15.0,5.0,1.0,0.8,0.0,1.4,0.45,0.35,0.2,0.35,0.1,0.1,7.0,5.4,base_grid
basic_compliance,Basic compliance,none,5.4,-5.0,-8.649999999999999,-0.4200000000000004,5.4,8.7,-1.99,-5.0,6.5,0.4,0.5,0.05,1.0,0.25,0.0,9.0,5.0,1.0,0.8,0.0,1.4,0.45,0.35,0.2,0.35,0.1,0.1,7.0,5.4,base_grid
basic_compliance,Basic compliance,none,5.4,-5.0,-8.649999999999999,-0.4200000000000004,5.4,11.7,-0.9400000000000007,-5.0,6.5,0.4,0.5,0.05,1.0,0.25,0.0,12.0,5.0,1.0,0.8,0.0,1.4,0.45,0.35,0.2,0.35,0.1,0.1,7.0,5.4,base_grid
basic_compliance,Basic compliance,none,5.4,-5.0,-8.649999999999999,-0.4200000000000004,5.4,14.7,0.11000000000000001,-5.0,6.5,0.4,0.5,0.05,1.0,0.25,0.0,15.0,5.0,1.0,0.8,0.0,1.4,0.45,0.35,0.2,0.35,0.1,0.1,7.0,5.4,base_grid
basic_compliance,Basic compliance,none,5.4,-5.0,-9.549999999999999,-0.7350000000000003,5.4,8.7,-1.99,-5.0,6.5,0.4,1.5,0.05,1.0,0.25,0.0,9.0,5.0,1.0,0.8,0.0,1.4,0.45,0.35,0.2,0.35,0.1,0.1,7.0,5.4,base_grid
basic_compliance,Basic compliance,none,5.4,-5.0,-9.549999999999999,-0.7350000000000003,5.4,11.7,-0.9400000000000007,-5.0,6.5,0.4,1.5,0.05,1.0,0.25,0.0,12.0,5.0,1.0,0.8,0.0,1.4,0.45,0.35,0.2,0.35,0.1,0.1,7.0,5.4,base_grid
basic_compliance,Basic compliance,none,5.4,-5.0,-9.549999999999999,-0.7350000000000003,5.4,14.7,0.11000000000000001,-5.0,6.5,0.4,1.5,0.05,1.0,0.25,0.0,15.0,5.0,1.0,0.8,0.0,1.4,0.45,0.35,0.2,0.35,0.1,0.1,7.0,5.4,base_grid
basic_compliance,Basic compliance,none,5.4,-5.0,-10.45,-1.0500000000000003,5.4,8.7,-1.99,-5.0,6.5,0.4,2.5,0.05,1.0,0.25,0.0,9.0,5.0,1.0,0.8,0.0,1.4,0.45,0.35,0.2,0.35,0.1,0.1,7.0,5.4,base_grid
basic_compliance,Basic compliance,none,5.4,-5.0,-10.45,-1.0500000000000003,5.4,11.7,-0.9400000000000007,-5.0,6.5,0.4,2.5,0.05,1.0,0.25,0.0,12.0,5.0,1.0,0.8,0.0,1.4,0.45,0.35,0.2,0.35,0.1,0.1,7.0,5.4,base_grid
basic_compliance,Basic compliance,none,5.4,-5.0,-10.45,-1.0500000000000003,5.4,14.7,0.11000000000000001,-5.0,6.5,0.4,2.5,0.05,1.0,0.25,0.0,15.0,5.0,1.0,0.8,0.0,1.4,0.45,0.35,0.2,0.35,0.1,0.1,7.0,5.4,base_grid
basic_compliance,Basic compliance,none,5.4,-5.0,-11.35,-1.3650000000000002,5.4,8.7,-1.99,-5.0,6.5,0.4,3.5,0.05,1.0,0.25,0.0,9.0,5.0,1.0,0.8,0.0,1.4,0.45,0.35,0.2,0.35,0.1,0.1,7.0,5.4,base_grid
basic_compliance,Basic compliance,none,5.4,-5.0,-11.35,-1.3650000000000002,5.4,11.7,-0.9400000000000007,-5.0,6.5,0.4,3.5,0.05,1.0,0.25,0.0,12.0,5.0,1.0,0.8,0.0,1.4,0.45,0.35,0.2,0.35,0.1,0.1,7.0,5.4,base_grid
basic_compliance,Basic compliance,none,5.4,-5.0,-11.35,-1.3650000000000002,5.4,14.7,0.11000000000000001,-5.0,6.5,0.4,3.5,0.05,1.0,0.25,0.0,15.0,5.0,1.0,0.8,0.0,1.4,0.45,0.35,0.2,0.35,0.1,0.1,7.0,5.4,base_grid
basic_compliance,Basic compliance,none,5.4,-5.0,-12.399999999999999,-2.1075000000000004,5.4,8.7,-1.99,-5.0,8.0,0.4,0.5,0.05,1.0,0.25,0.0,9.0,5.0,1.0,0.8,0.0,1.4,0.45,0.35,0.2,0.35,0.1,0.1,7.0,5.4,base_grid
basic_compliance,Basic compliance,none,5.4,-5.0,-12.399999999999999,-2.1075000000000004,5.4,11.7,-0.9400000000000007,-5.0,8.0,0.4,0.5,0.05,1.0,0.25,0.0,12.0,5.0,1.0,0.8,0.0,1.4,0.45,0.35,0.2,0.35,0.1,0.1,7.0,5.4,base_grid
basic_compliance,Basic compliance,none,5.4,-5.0,-12.399999999999999,-2.1075000000000004,5.4,14.7,0.11000000000000001,-5.0,8.0,0.4,0.5,0.05,1.0,0.25,0.0,15.0,5.0,1.0,0.8,0.0,1.4,0.45,0.35,0.2,0.35,0.1,0.1,7.0,5.4,base_grid
basic_compliance,Basic compliance,none,5.4,-5.0,-13.299999999999999,-2.4225000000000003,5.4,8.7,-1.99,-5.0,8.0,0.4,1.5,0.05,1.0,0.25,0.0,9.0,5.0,1.0,0.8,0.0,1.4,0.45,0.35,0.2,0.35,0.1,0.1,7.0,5.4,base_grid
basic_compliance,Basic compliance,none,5.4,-5.0,-13.299999999999999,-2.4225000000000003,5.4,11.7,-0.9400000000000007,-5.0,8.0,0.4,1.5,0.05,1.0,0.25,0.0,12.0,5.0,1.0,0.8,0.0,1.4,0.45,0.35,0.2,0.35,0.1,0.1,7.0,5.4,base_grid
basic_compliance,Basic compliance,none,5.4,-5.0,-13.299999999999999,-2.4225000000000003,5.4,14.7,0.11000000000000001,-5.0,8.0,0.4,1.5,0.05,1.0,0.25,0.0,15.0,5.0,1.0,0.8,0.0,1.4,0.45,0.35,0.2,0.35,0.1,0.1,7.0,5.4,base_grid
basic_compliance,Basic compliance,none,5.4,-5.0,-14.2,-2.7375000000000003,5.4,8.7,-1.99,-5.0,8.0,0.4,2.5,0.05,1.0,0.25,0.0,9.0,5.0,1.0,0.8,0.0,1.4,0.45,0.35,0.2,0.35,0.1,0.1,7.0,5.4,base_grid
basic_compliance,Basic compliance,none,5.4,-5.0,-14.2,-2.7375000000000003,5.4,11.7,-0.9400000000000007,-5.0,8.0,0.4,2.5,0.05,1.0,0.25,0.0,12.0,5.0,1.0,0.8,0.0,1.4,0.45,0.35,0.2,0.35,0.1,0.1,7.0,5.4,base_grid
basic_compliance,Basic compliance,none,5.4,-5.0,-14.2,-2.7375000000000003,5.4,14.7,0.11000000000000001,-5.0,8.0,0.4,2.5,0.05,1.0,0.25,0.0,15.0,5.0,1.0,0.8,0.0,1.4,0.45,0.35,0.2,0.35,0.1,0.1,7.0,5.4,base_grid
basic_compliance,Basic compliance,none,5.4,-5.0,-15.1,-3.0525,5.4,8.7,-1.99,-5.0,8.0,0.4,3.5,0.05,1.0,0.25,0.0,9.0,5.0,1.0,0.8,0.0,1.4,0.45,0.35,0.2,0.35,0.1,0.1,7.0,5.4,base_grid
basic_compliance,Basic compliance,none,5.4,-5.0,-15.1,-3.0525,5.4,11.7,-0.9400000000000007,-5.0,8.0,0.4,3.5,0.05,1.0,0.25,0.0,12.0,5.0,1.0,0.8,0.0,1.4,0.45,0.35,0.2,0.35,0.1,0.1,7.0,5.4,base_grid
basic_compliance,Basic compliance,none,5.4,-5.0,-15.1,-3.0525,5.4,14.7,0.11000000000000001,-5.0,8.0,0.4,3.5,0.05,1.0,0.25,0.0,15.0,5.0,1.0,0.8,0.0,1.4,0.45,0.35,0.2,0.35,0.1,0.1,7.0,5.4,base_grid
basic_compliance,Basic compliance,none,5.4,-5.0,1.7666666666666668,4.2675,5.4,8.7,-1.99,-5.0,3.5,0.6,0.5,0.05,1.0,0.25,0.0,9.0,5.0,1.0,0.8,0.0,1.4,0.45,0.35,0.2,0.35,0.1,0.1,7.0,5.4,base_grid
basic_compliance,Basic compliance,none,5.4,-5.0,1.7666666666666668,4.2675,5.4,11.7,-0.9400000000000007,-5.0,3.5,0.6,0.5,0.05,1.0,0.25,0.0,12.0,5.0,1.0,0.8,0.0,1.4,0.45,0.35,0.2,0.35,0.1,0.1,7.0,5.4,base_grid
basic_compliance,Basic compliance,none,5.4,-5.0,1.7666666666666668,4.2675,5.4,14.7,0.11000000000000001,-5.0,3.5,0.6,0.5,0.05,1.0,0.25,0.0,15.0,5.0,1.0,0.8,0.0,1.4,0.45,0.35,0.2,0.35,0.1,0.1,7.0,5.4,base_grid
basic_compliance,Basic compliance,none,5.4,-5.0,0.8666666666666667,3.9524999999999997,5.4,8.7,-1.99,-5.0,3.5,0.6,1.5,0.05,1.0,0.25,0.0,9.0,5.0,1.0,0.8,0.0,1.4,0.45,0.35,0.2,0.35,0.1,0.1,7.0,5.4,base_grid
basic_compliance,Basic compliance,none,5.4,-5.0,0.8666666666666667,3.9524999999999997,5.4,11.7,-0.9400000000000007,-5.0,3.5,0.6,1.5,0.05,1.0,0.25,0.0,12.0,5.0,1.0,0.8,0.0,1.4,0.45,0.35,0.2,0.35,0.1,0.1,7.0,5.4,base_grid
basic_compliance,Basic compliance,none,5.4,-5.0,0.8666666666666667,3.9524999999999997,5.4,14.7,0.11000000000000001,-5.0,3.5,0.6,1.5,0.05,1.0,0.25,0.0,15.0,5.0,1.0,0.8,0.0,1.4,0.45,0.35,0.2,0.35,0.1,0.1,7.0,5.4,base_grid
basic_compliance,Basic compliance,none,5.4,-5.0,-0.033333333333333215,3.6374999999999997,5.4,8.7,-1.99,-5.0,3.5,0.6,2.5,0.05,1.0,0.25,0.0,9.0,5.0,1.0,0.8,0.0,1.4,0.45,0.35,0.2,0.35,0.1,0.1,7.0,5.4,base_grid
basic_compliance,Basic compliance,none,5.4,-5.0,-0.033333333333333215,3.6374999999999997,5.4,11.7,-0.9400000000000007,-5.0,3.5,0.6,2.5,0.05,1.0,0.25,0.0,12.0,5.0,1.0,0.8,0.0,1.4,0.45,0.35,0.2,0.35,0.1,0.1,7.0,5.4,base_grid
basic_compliance,Basic compliance,none,5.4,-5.0,-0.033333333333333215,3.6374999999999997,5.4,14.7,0.11000000000000001,-5.0,3.5,0.6,2.5,0.05,1.0,0.25,0.0,15.0,5.0,1.0,0.8,0.0,1.4,0.45,0.35,0.2,0.35,0.1,0.1,7.0,5.4,base_grid
basic_compliance,Basic compliance,none,5.4,-5.0,-0.9333333333333331,3.3225,5.4,8.7,-1.99,-5.0,3.5,0.6,3.5,0.05,1.0,0.25,0.0,9.0,5.0,1.0,0.8,0.0,1.4,0.45,0.35,0.2,0.35,0.1,0.1,7.0,5.4,base_grid
basic_compliance,Basic compliance,none,5.4,-5.0,-0.9333333333333331,3.3225,5.4,11.7,-0.9400000000000007,-5.0,3.5,0.6,3.5,0.05,1.0,0.25,0.0,12.0,5.0,1.0,0.8,0.0,1.4,0.45,0.35,0.2,0.35,0.1,0.1,7.0,5.4,base_grid
basic_compliance,Basic compliance,none,5.4,-5.0,-0.9333333333333331,3.3225,5.4,14.7,0.11000000000000001,-5.0,3.5,0.6,3.5,0.05,1.0,0.25,0.0,15.0,5.0,1.0,0.8,0.0,1.4,0.45,0.35,0.2,0.35,0.1,0.1,7.0,5.4,base_grid
basic_compliance,Basic compliance,none,5.4,-5.0,-0.7333333333333332,3.142499999999999,5.4,8.7,-1.99,-5.0,5.0,0.6,0.5,0.05,1.0,0.25,0.0,9.0,5.0,1.0,0.8,0.0,1.4,0.45,0.35,0.2,0.35,0.1,0.1,7.0,5.4,base_grid
basic_compliance,Basic compliance,none,5.4,-5.0,-0.7333333333333332,3.142499999999999,5.4,11.7,-0.9400000000000007,-5.0,5.0,0.6,0.5,0.05,1.0,0.25,0.0,12.0,5.0,1.0,0.8,0.0,1.4,0.45,0.35,0.2,0.35,0.1,0.1,7.0,5.4,base_grid
basic_compliance,Basic compliance,none,5.4,-5.0,-0.7333333333333332,3.142499999999999,5.4,14.7,0.11000000000000001,-5.0,5.0,0.6,0.5,0.05,1.0,0.25,0.0,15.0,5.0,1.0,0.8,0.0,1.4,0.45,0.35,0.2,0.35,0.1,0.1,7.0,5.4,base_grid
basic_compliance,Basic compliance,none,5.4,-5.0,-1.6333333333333333,2.8274999999999992,5.4,8.7,-1.99,-5.0,5.0,0.6,1.5,0.05,1.0,0.25,0.0,9.0,5.0,1.0,0.8,0.0,1.4,0.45,0.35,0.2,0.35,0.1,0.1,7.0,5.4,base_grid
basic_compliance,Basic compliance,none,5.4,-5.0,-1.6333333333333333,2.8274999999999992,5.4,11.7,-0.9400000000000007,-5.0,5.0,0.6,1.5,0.05,1.0,0.25,0.0,12.0,5.0,1.0,0.8,0.0,1.4,0.45,0.35,0.2,0.35,0.1,0.1,7.0,5.4,base_grid
basic_compliance,Basic compliance,none,5.4,-5.0,-1.6333333333333333,2.8274999999999992,5.4,14.7,0.11000000000000001,-5.0,5.0,0.6,1.5,0.05,1.0,0.25,0.0,15.0,5.0,1.0,0.8,0.0,1.4,0.45,0.35,0.2,0.35,0.1,0.1,7.0,5.4,base_grid
basic_compliance,Basic compliance,none,5.4,-5.0,-2.533333333333333,2.5124999999999993,5.4,8.7,-1.99,-5.0,5.0,0.6,2.5,0.05,1.0,0.25,0.0,9.0,5.0,1.0,0.8,0.0,1.4,0.45,0.35,0.2,0.35,0.1,0.1,7.0,5.4,base_grid
basic_compliance,Basic compliance,none,5.4,-5.0,-2.533333333333333,2.5124999999999993,5.4,11.7,-0.9400000000000007,-5.0,5.0,0.6,2.5,0.05,1.0,0.25,0.0,12.0,5.0,1.0,0.8,0.0,1.4,0.45,0.35,0.2,0.35,0.1,0.1,7.0,5.4,base_grid
basic_compliance,Basic compliance,none,5.4,-5.0,-2.533333333333333,2.5124999999999993,5.4,14.7,0.11000000000000001,-5.0,5.0,0.6,2.5,0.05,1.0,0.25,0.0,15.0,5.0,1.0,0.8,0.0,1.4,0.45,0.35,0.2,0.35,0.1,0.1,7.0,5.4,base_grid
basic_compliance,Basic compliance,none,5.4,-5.0,-3.433333333333333,2.1975,5.4,8.7,-1.99,-5.0,5.0,0.6,3.5,0.05,1.0,0.25,0.0,9.0,5.0,1.0,0.8,0.0,1.4,0.45,0.35,0.2,0.35,0.1,0.1,7.0,5.4,base_grid
basic_compliance,Basic compliance,none,5.4,-5.0,-3.433333333333333,2.1975,5.4,11.7,-0.9400000000000007,-5.0,5.0,0.6,3.5,0.05,1.0,0.25,0.0,12.0,5.0,1.0,0.8,0.0,1.4,0.45,0.35,0.2,0.35,0.1,0.1,7.0,5.4,base_grid
basic_compliance,Basic compliance,none,5.4,-5.0,-3.433333333333333,2.1975,5.4,14.7,0.11000000000000001,-5.0,5.0,0.6,3.5,0.05,1.0,0.25,0.0,15.0,5.0,1.0,0.8,0.0,1.4,0.45,0.35,0.2,0.35,0.1,0.1,7.0,5.4,base_grid
basic_compliance,Basic compliance,none,5.4,-5.0,-3.2333333333333334,2.0174999999999996,5.4,8.7,-1.99,-5.0,6.5,0.6,0.5,0.05,1.0,0.25,0.0,9.0,5.0,1.0,0.8,0.0,1.4,0.45,0.35,0.2,0.35,0.1,0.1,7.0,5.4,base_grid
basic_compliance,Basic compliance,none,5.4,-5.0,-3.2333333333333334,2.0174999999999996,5.4,11.7,-0.9400000000000007,-5.0,6.5,0.6,0.5,0.05,1.0,0.25,0.0,12.0,5.0,1.0,0.8,0.0,1.4,0.45,0.35,0.2,0.35,0.1,0.1,7.0,5.4,base_grid
basic_compliance,Basic compliance,none,5.4,-5.0,-3.2333333333333334,2.0174999999999996,5.4,14.7,0.11000000000000001,-5.0,6.5,0.6,0.5,0.05,1.0,0.25,0.0,15.0,5.0,1.0,0.8,0.0,1.4,0.45,0.35,0.2,0.35,0.1,0.1,7.0,5.4,base_grid
basic_compliance,Basic compliance,none,5.4,-5.0,-4.133333333333333,1.7025,5.4,8.7,-1.99,-5.0,6.5,0.6,1.5,0.05,1.0,0.25,0.0,9.0,5.0,1.0,0.8,0.0,1.4,0.45,0.35,0.2,0.35,0.1,0.1,7.0,5.4,base_grid
basic_compliance,Basic compliance,none,5.4,-5.0,-4.133333333333333,1.7025,5.4,11.7,-0.9400000000000007,-5.0,6.5,0.6,1.5,0.05,1.0,0.25,0.0,12.0,5.0,1.0,0.8,0.0,1.4,0.45,0.35,0.2,0.35,0.1,0.1,7.0,5.4,base_grid
basic_compliance,Basic compliance,none,5.4,-5.0,-4.133333333333333,1.7025,5.4,14.7,0.11000000000000001,-5.0,6.5,0.6,1.5,0.05,1.0,0.25,0.0,15.0,5.0,1.0,0.8,0.0,1.4,0.45,0.35,0.2,0.35,0.1,0.1,7.0,5.4,base_grid
basic_compliance,Basic compliance,none,5.4,-5.0,-5.033333333333333,1.3874999999999997,5.4,8.7,-1.99,-5.0,6.5,0.6,2.5,0.05,1.0,0.25,0.0,9.0,5.0,1.0,0.8,0.0,1.4,0.45,0.35,0.2,0.35,0.1,0.1,7.0,5.4,base_grid
basic_compliance,Basic compliance,none,5.4,-5.0,-5.033333333333333,1.3874999999999997,5.4,11.7,-0.9400000000000007,-5.0,6.5,0.6,2.5,0.05,1.0,0.25,0.0,12.0,5.0,1.0,0.8,0.0,1.4,0.45,0.35,0.2,0.35,0.1,0.1,7.0,5.4,base_grid
basic_compliance,Basic compliance,none,5.4,-5.0,-5.033333333333333,1.3874999999999997,5.4,14.7,0.11000000000000001,-5.0,6.5,0.6,2.5,0.05,1.0,0.25,0.0,15.0,5.0,1.0,0.8,0.0,1.4,0.45,0.35,0.2,0.35,0.1,0.1,7.0,5.4,base_grid
basic_compliance,Basic compliance,none,5.4,-5.0,-5.933333333333334,1.0725,5.4,8.7,-1.99,-5.0,6.5,0.6,3.5,0.05,1.0,0.25,0.0,9.0,5.0,1.0,0.8,0.0,1.4,0.45,0.35,0.2,0.35,0.1,0.1,7.0,5.4,base_grid
basic_compliance,Basic compliance,none,5.4,-5.0,-5.933333333333334,1.0725,5.4,11.7,-0.9400000000000007,-5.0,6.5,0.6,3.5,0.05,1.0,0.25,0.0,12.0,5.0,1.0,0.8,0.0,1.4,0.45,0.35,0.2,0.35,0.1,0.1,7.0,5.4,base_grid
basic_compliance,Basic compliance,none,5.4,-5.0,-5.933333333333334,1.0725,5.4,14.7,0.11000000000000001,-5.0,6.5,0.6,3.5,0.05,1.0,0.25,0.0,15.0,5.0,1.0,0.8,0.0,1.4,0.45,0.35,0.2,0.35,0.1,0.1,7.0,5.4,base_grid
basic_compliance,Basic compliance,none,5.4,-5.0,-5.733333333333333,0.8924999999999996,5.4,8.7,-1.99,-5.0,8.0,0.6,0.5,0.05,1.0,0.25,0.0,9.0,5.0,1.0,0.8,0.0,1.4,0.45,0.35,0.2,0.35,0.1,0.1,7.0,5.4,base_grid
basic_compliance,Basic compliance,none,5.4,-5.0,-5.733333333333333,0.8924999999999996,5.4,11.7,-0.9400000000000007,-5.0,8.0,0.6,0.5,0.05,1.0,0.25,0.0,12.0,5.0,1.0,0.8,0.0,1.4,0.45,0.35,0.2,0.35,0.1,0.1,7.0,5.4,base_grid
basic_compliance,Basic compliance,none,5.4,-5.0,-5.733333333333333,0.8924999999999996,5.4,14.7,0.11000000000000001,-5.0,8.0,0.6,0.5,0.05,1.0,0.25,0.0,15.0,5.0,1.0,0.8,0.0,1.4,0.45,0.35,0.2,0.35,0.1,0.1,7.0,5.4,base_grid
basic_compliance,Basic compliance,none,5.4,-5.0,-6.633333333333333,0.5774999999999997,5.4,8.7,-1.99,-5.0,8.0,0.6,1.5,0.05,1.0,0.25,0.0,9.0,5.0,1.0,0.8,0.0,1.4,0.45,0.35,0.2,0.35,0.1,0.1,7.0,5.4,base_grid
basic_compliance,Basic compliance,none,5.4,-5.0,-6.633333333333333,0.5774999999999997,5.4,11.7,-0.9400000000000007,-5.0,8.0,0.6,1.5,0.05,1.0,0.25,0.0,12.0,5.0,1.0,0.8,0.0,1.4,0.45,0.35,0.2,0.35,0.1,0.1,7.0,5.4,base_grid
basic_compliance,Basic compliance,none,5.4,-5.0,-6.633333333333333,0.5774999999999997,5.4,14.7,0.11000000000000001,-5.0,8.0,0.6,1.5,0.05,1.0,0.25,0.0,15.0,5.0,1.0,0.8,0.0,1.4,0.45,0.35,0.2,0.35,0.1,0.1,7.0,5.4,base_grid
basic_compliance,Basic compliance,none,5.4,-5.0,-7.533333333333333,0.2624999999999996,5.4,8.7,-1.99,-5.0,8.0,0.6,2.5,0.05,1.0,0.25,0.0,9.0,5.0,1.0,0.8,0.0,1.4,0.45,0.35,0.2,0.35,0.1,0.1,7.0,5.4,base_grid
basic_compliance,Basic compliance,none,5.4,-5.0,-7.533333333333333,0.2624999999999996,5.4,11.7,-0.9400000000000007,-5.0,8.0,0.6,2.5,0.05,1.0,0.25,0.0,12.0,5.0,1.0,0.8,0.0,1.4,0.45,0.35,0.2,0.35,0.1,0.1,7.0,5.4,base_grid
basic_compliance,Basic compliance,none,5.4,-5.0,-7.533333333333333,0.2624999999999996,5.4,14.7,0.11000000000000001,-5.0,8.0,0.6,2.5,0.05,1.0,0.25,0.0,15.0,5.0,1.0,0.8,0.0,1.4,0.45,0.35,0.2,0.35,0.1,0.1,7.0,5.4,base_grid
basic_compliance,Basic compliance,none,5.4,-5.0,-8.433333333333334,-0.05250000000000021,5.4,8.7,-1.99,-5.0,8.0,0.6,3.5,0.05,1.0,0.25,0.0,9.0,5.0,1.0,0.8,0.0,1.4,0.45,0.35,0.2,0.35,0.1,0.1,7.0,5.4,base_grid
basic_compliance,Basic compliance,none,5.4,-5.0,-8.433333333333334,-0.05250000000000021,5.4,11.7,-0.9400000000000007,-5.0,8.0,0.6,3.5,0.05,1.0,0.25,0.0,12.0,5.0,1.0,0.8,0.0,1.4,0.45,0.35,0.2,0.35,0.1,0.1,7.0,5.4,base_grid
basic_compliance,Basic compliance,none,5.4,-5.0,-8.433333333333334,-0.05250000000000021,5.4,14.7,0.11000000000000001,-5.0,8.0,0.6,3.5,0.05,1.0,0.25,0.0,15.0,5.0,1.0,0.8,0.0,1.4,0.45,0.35,0.2,0.35,0.1,0.1,7.0,5.4,base_grid
basic_compliance,Basic compliance,none,5.4,-5.0,3.2250000000000005,4.92375,5.4,8.7,-1.99,-5.0,3.5,0.8,0.5,0.05,1.0,0.25,0.0,9.0,5.0,1.0,0.8,0.0,1.4,0.45,0.35,0.2,0.35,0.1,0.1,7.0,5.4,base_grid
basic_compliance,Basic compliance,none,5.4,-5.0,3.2250000000000005,4.92375,5.4,11.7,-0.9400000000000007,-5.0,3.5,0.8,0.5,0.05,1.0,0.25,0.0,12.0,5.0,1.0,0.8,0.0,1.4,0.45,0.35,0.2,0.35,0.1,0.1,7.0,5.4,base_grid
basic_compliance,Basic compliance,none,5.4,-5.0,3.2250000000000005,4.92375,5.4,14.7,0.11000000000000001,-5.0,3.5,0.8,0.5,0.05,1.0,0.25,0.0,15.0,5.0,1.0,0.8,0.0,1.4,0.45,0.35,0.2,0.35,0.1,0.1,7.0,5.4,base_grid
basic_compliance,Basic compliance,none,5.4,-5.0,2.3250000000000006,4.60875,5.4,8.7,-1.99,-5.0,3.5,0.8,1.5,0.05,1.0,0.25,0.0,9.0,5.0,1.0,0.8,0.0,1.4,0.45,0.35,0.2,0.35,0.1,0.1,7.0,5.4,base_grid
basic_compliance,Basic compliance,none,5.4,-5.0,2.3250000000000006,4.60875,5.4,11.7,-0.9400000000000007,-5.0,3.5,0.8,1.5,0.05,1.0,0.25,0.0,12.0,5.0,1.0,0.8,0.0,1.4,0.45,0.35,0.2,0.35,0.1,0.1,7.0,5.4,base_grid
basic_compliance,Basic compliance,none,5.4,-5.0,2.3250000000000006,4.60875,5.4,14.7,0.11000000000000001,-5.0,3.5,0.8,1.5,0.05,1.0,0.25,0.0,15.0,5.0,1.0,0.8,0.0,1.4,0.45,0.35,0.2,0.35,0.1,0.1,7.0,5.4,base_grid
basic_compliance,Basic compliance,none,5.4,-5.0,1.4250000000000007,4.29375,5.4,8.7,-1.99,-5.0,3.5,0.8,2.5,0.05,1.0,0.25,0.0,9.0,5.0,1.0,0.8,0.0,1.4,0.45,0.35,0.2,0.35,0.1,0.1,7.0,5.4,base_grid
basic_compliance,Basic compliance,none,5.4,-5.0,1.4250000000000007,4.29375,5.4,11.7,-0.9400000000000007,-5.0,3.5,0.8,2.5,0.05,1.0,0.25,0.0,12.0,5.0,1.0,0.8,0.0,1.4,0.45,0.35,0.2,0.35,0.1,0.1,7.0,5.4,base_grid
basic_compliance,Basic compliance,none,5.4,-5.0,1.4250000000000007,4.29375,5.4,14.7,0.11000000000000001,-5.0,3.5,0.8,2.5,0.05,1.0,0.25,0.0,15.0,5.0,1.0,0.8,0.0,1.4,0.45,0.35,0.2,0.35,0.1,0.1,7.0,5.4,base_grid
basic_compliance,Basic compliance,none,5.4,-5.0,0.5250000000000008,3.97875,5.4,8.7,-1.99,-5.0,3.5,0.8,3.5,0.05,1.0,0.25,0.0,9.0,5.0,1.0,0.8,0.0,1.4,0.45,0.35,0.2,0.35,0.1,0.1,7.0,5.4,base_grid
basic_compliance,Basic compliance,none,5.4,-5.0,0.5250000000000008,3.97875,5.4,11.7,-0.9400000000000007,-5.0,3.5,0.8,3.5,0.05,1.0,0.25,0.0,12.0,5.0,1.0,0.8,0.0,1.4,0.45,0.35,0.2,0.35,0.1,0.1,7.0,5.4,base_grid
basic_compliance,Basic compliance,none,5.4,-5.0,0.5250000000000008,3.97875,5.4,14.7,0.11000000000000001,-5.0,3.5,0.8,3.5,0.05,1.0,0.25,0.0,15.0,5.0,1.0,0.8,0.0,1.4,0.45,0.35,0.2,0.35,0.1,0.1,7.0,5.4,base_grid
basic_compliance,Basic compliance,none,5.4,-5.0,1.3500000000000008,4.08,5.4,8.7,-1.99,-5.0,5.0,0.8,0.5,0.05,1.0,0.25,0.0,9.0,5.0,1.0,0.8,0.0,1.4,0.45,0.35,0.2,0.35,0.1,0.1,7.0,5.4,base_grid
basic_compliance,Basic compliance,none,5.4,-5.0,1.3500000000000008,4.08,5.4,11.7,-0.9400000000000007,-5.0,5.0,0.8,0.5,0.05,1.0,0.25,0.0,12.0,5.0,1.0,0.8,0.0,1.4,0.45,0.35,0.2,0.35,0.1,0.1,7.0,5.4,base_grid
basic_compliance,Basic compliance,none,5.4,-5.0,1.3500000000000008,4.08,5.4,14.7,0.11000000000000001,-5.0,5.0,0.8,0.5,0.05,1.0,0.25,0.0,15.0,5.0,1.0,0.8,0.0,1.4,0.45,0.35,0.2,0.35,0.1,0.1,7.0,5.4,base_grid
basic_compliance,Basic compliance,none,5.4,-5.0,0.4500000000000006,3.7649999999999997,5.4,8.7,-1.99,-5.0,5.0,0.8,1.5,0.05,1.0,0.25,0.0,9.0,5.0,1.0,0.8,0.0,1.4,0.45,0.35,0.2,0.35,0.1,0.1,7.0,5.4,base_grid
basic_compliance,Basic compliance,none,5.4,-5.0,0.4500000000000006,3.7649999999999997,5.4,11.7,-0.9400000000000007,-5.0,5.0,0.8,1.5,0.05,1.0,0.25,0.0,12.0,5.0,1.0,0.8,0.0,1.4,0.45,0.35,0.2,0.35,0.1,0.1,7.0,5.4,base_grid
basic_compliance,Basic compliance,none,5.4,-5.0,0.4500000000000006,3.7649999999999997,5.4,14.7,0.11000000000000001,-5.0,5.0,0.8,1.5,0.05,1.0,0.25,0.0,15.0,5.0,1.0,0.8,0.0,1.4,0.45,0.35,0.2,0.35,0.1,0.1,7.0,5.4,base_grid
basic_compliance,Basic compliance,none,5.4,-5.0,-0.4499999999999993,3.4499999999999997,5.4,8.7,-1.99,-5.0,5.0,0.8,2.5,0.05,1.0,0.25,0.0,9.0,5.0,1.0,0.8,0.0,1.4,0.45,0.35,0.2,0.35,0.1,0.1,7.0,5.4,base_grid
basic_compliance,Basic compliance,none,5.4,-5.0,-0.4499999999999993,3.4499999999999997,5.4,11.7,-0.9400000000000007,-5.0,5.0,0.8,2.5,0.05,1.0,0.25,0.0,12.0,5.0,1.0,0.8,0.0,1.4,0.45,0.35,0.2,0.35,0.1,0.1,7.0,5.4,base_grid
basic_compliance,Basic compliance,none,5.4,-5.0,-0.4499999999999993,3.4499999999999997,5.4,14.7,0.11000000000000001,-5.0,5.0,0.8,2.5,0.05,1.0,0.25,0.0,15.0,5.0,1.0,0.8,0.0,1.4,0.45,0.35,0.2,0.35,0.1,0.1,7.0,5.4,base_grid
basic_compliance,Basic compliance,none,5.4,-5.0,-1.3499999999999992,3.135,5.4,8.7,-1.99,-5.0,5.0,0.8,3.5,0.05,1.0,0.25,0.0,9.0,5.0,1.0,0.8,0.0,1.4,0.45,0.35,0.2,0.35,0.1,0.1,7.0,5.4,base_grid
basic_compliance,Basic compliance,none,5.4,-5.0,-1.3499999999999992,3.135,5.4,11.7,-0.9400000000000007,-5.0,5.0,0.8,3.5,0.05,1.0,0.25,0.0,12.0,5.0,1.0,0.8,0.0,1.4,0.45,0.35,0.2,0.35,0.1,0.1,7.0,5.4,base_grid
basic_compliance,Basic compliance,none,5.4,-5.0,-1.3499999999999992,3.135,5.4,14.7,0.11000000000000001,-5.0,5.0,0.8,3.5,0.05,1.0,0.25,0.0,15.0,5.0,1.0,0.8,0.0,1.4,0.45,0.35,0.2,0.35,0.1,0.1,7.0,5.4,base_grid
basic_compliance,Basic compliance,none,5.4,-5.0,-0.5249999999999992,3.2362499999999996,5.4,8.7,-1.99,-5.0,6.5,0.8,0.5,0.05,1.0,0.25,0.0,9.0,5.0,1.0,0.8,0.0,1.4,0.45,0.35,0.2,0.35,0.1,0.1,7.0,5.4,base_grid
basic_compliance,Basic compliance,none,5.4,-5.0,-0.5249999999999992,3.2362499999999996,5.4,11.7,-0.9400000000000007,-5.0,6.5,0.8,0.5,0.05,1.0,0.25,0.0,12.0,5.0,1.0,0.8,0.0,1.4,0.45,0.35,0.2,0.35,0.1,0.1,7.0,5.4,base_grid
basic_compliance,Basic compliance,none,5.4,-5.0,-0.5249999999999992,3.2362499999999996,5.4,14.7,0.11000000000000001,-5.0,6.5,0.8,0.5,0.05,1.0,0.25,0.0,15.0,5.0,1.0,0.8,0.0,1.4,0.45,0.35,0.2,0.35,0.1,0.1,7.0,5.4,base_grid
basic_compliance,Basic compliance,none,5.4,-5.0,-1.4249999999999994,2.9212499999999997,5.4,8.7,-1.99,-5.0,6.5,0.8,1.5,0.05,1.0,0.25,0.0,9.0,5.0,1.0,0.8,0.0,1.4,0.45,0.35,0.2,0.35,0.1,0.1,7.0,5.4,base_grid
basic_compliance,Basic compliance,none,5.4,-5.0,-1.4249999999999994,2.9212499999999997,5.4,11.7,-0.9400000000000007,-5.0,6.5,0.8,1.5,0.05,1.0,0.25,0.0,12.0,5.0,1.0,0.8,0.0,1.4,0.45,0.35,0.2,0.35,0.1,0.1,7.0,5.4,base_grid
basic_compliance,Basic compliance,none,5.4,-5.0,-1.4249999999999994,2.9212499999999997,5.4,14.7,0.11000000000000001,-5.0,6.5,0.8,1.5,0.05,1.0,0.25,0.0,15.0,5.0,1.0,0.8,0.0,1.4,0.45,0.35,0.2,0.35,0.1,0.1,7.0,5.4,base_grid
basic_compliance,Basic compliance,none,5.4,-5.0,-2.3249999999999993,2.6062499999999997,5.4,8.7,-1.99,-5.0,6.5,0.8,2.5,0.05,1.0,0.25,0.0,9.0,5.0,1.0,0.8,0.0,1.4,0.45,0.35,0.2,0.35,0.1,0.1,7.0,5.4,base_grid
basic_compliance,Basic compliance,none,5.4,-5.0,-2.3249999999999993,2.6062499999999997,5.4,11.7,-0.9400000000000007,-5.0,6.5,0.8,2.5,0.05,1.0,0.25,0.0,12.0,5.0,1.0,0.8,0.0,1.4,0.45,0.35,0.2,0.35,0.1,0.1,7.0,5.4,base_grid
basic_compliance,Basic compliance,none,5.4,-5.0,-2.3249999999999993,2.6062499999999997,5.4,14.7,0.11000000000000001,-5.0,6.5,0.8,2.5,0.05,1.0,0.25,0.0,15.0,5.0,1.0,0.8,0.0,1.4,0.45,0.35,0.2,0.35,0.1,0.1,7.0,5.4,base_grid
basic_compliance,Basic compliance,none,5.4,-5.0,-3.224999999999999,2.29125,5.4,8.7,-1.99,-5.0,6.5,0.8,3.5,0.05,1.0,0.25,0.0,9.0,5.0,1.0,0.8,0.0,1.4,0.45,0.35,0.2,0.35,0.1,0.1,7.0,5.4,base_grid
basic_compliance,Basic compliance,none,5.4,-5.0,-3.224999999999999,2.29125,5.4,11.7,-0.9400000000000007,-5.0,6.5,0.8,3.5,0.05,1.0,0.25,0.0,12.0,5.0,1.0,0.8,0.0,1.4,0.45,0.35,0.2,0.35,0.1,0.1,7.0,5.4,base_grid
basic_compliance,Basic compliance,none,5.4,-5.0,-3.224999999999999,2.29125,5.4,14.7,0.11000000000000001,-5.0,6.5,0.8,3.5,0.05,1.0,0.25,0.0,15.0,5.0,1.0,0.8,0.0,1.4,0.45,0.35,0.2,0.35,0.1,0.1,7.0,5.4,base_grid
basic_compliance,Basic compliance,none,5.4,-5.0,-2.3999999999999995,2.3924999999999996,5.4,8.7,-1.99,-5.0,8.0,0.8,0.5,0.05,1.0,0.25,0.0,9.0,5.0,1.0,0.8,0.0,1.4,0.45,0.35,0.2,0.35,0.1,0.1,7.0,5.4,base_grid
basic_compliance,Basic compliance,none,5.4,-5.0,-2.3999999999999995,2.3924999999999996,5.4,11.7,-0.9400000000000007,-5.0,8.0,0.8,0.5,0.05,1.0,0.25,0.0,12.0,5.0,1.0,0.8,0.0,1.4,0.45,0.35,0.2,0.35,0.1,0.1,7.0,5.4,base_grid
basic_compliance,Basic compliance,none,5.4,-5.0,-2.3999999999999995,2.3924999999999996,5.4,14.7,0.11000000000000001,-5.0,8.0,0.8,0.5,0.05,1.0,0.25,0.0,15.0,5.0,1.0,0.8,0.0,1.4,0.45,0.35,0.2,0.35,0.1,0.1,7.0,5.4,base_grid
basic_compliance,Basic compliance,none,5.4,-5.0,-3.2999999999999994,2.0774999999999997,5.4,8.7,-1.99,-5.0,8.0,0.8,1.5,0.05,1.0,0.25,0.0,9.0,5.0,1.0,0.8,0.0,1.4,0.45,0.35,0.2,0.35,0.1,0.1,7.0,5.4,base_grid
basic_compliance,Basic compliance,none,5.4,-5.0,-3.2999999999999994,2.0774999999999997,5.4,11.7,-0.9400000000000007,-5.0,8.0,0.8,1.5,0.05,1.0,0.25,0.0,12.0,5.0,1.0,0.8,0.0,1.4,0.45,0.35,0.2,0.35,0.1,0.1,7.0,5.4,base_grid
basic_compliance,Basic compliance,none,5.4,-5.0,-3.2999999999999994,2.0774999999999997,5.4,14.7,0.11000000000000001,-5.0,8.0,0.8,1.5,0.05,1.0,0.25,0.0,15.0,5.0,1.0,0.8,0.0,1.4,0.45,0.35,0.2,0.35,0.1,0.1,7.0,5.4,base_grid
basic_compliance,Basic compliance,none,5.4,-5.0,-4.199999999999999,1.7624999999999997,5.4,8.7,-1.99,-5.0,8.0,0.8,2.5,0.05,1.0,0.25,0.0,9.0,5.0,1.0,0.8,0.0,1.4,0.45,0.35,0.2,0.35,0.1,0.1,7.0,5.4,base_grid
basic_compliance,Basic compliance,none,5.4,-5.0,-4.199999999999999,1.7624999999999997,5.4,11.7,-0.9400000000000007,-5.0,8.0,0.8,2.5,0.05,1.0,0.25,0.0,12.0,5.0,1.0,0.8,0.0,1.4,0.45,0.35,0.2,0.35,0.1,0.1,7.0,5.4,base_grid
basic_compliance,Basic compliance,none,5.4,-5.0,-4.199999999999999,1.7624999999999997,5.4,14.7,0.11000000000000001,-5.0,8.0,0.8,2.5,0.05,1.0,0.25,0.0,15.0,5.0,1.0,0.8,0.0,1.4,0.45,0.35,0.2,0.35,0.1,0.1,7.0,5.4,base_grid
basic_compliance,Basic compliance,none,5.4,-5.0,-5.1,1.4475,5.4,8.7,-1.99,-5.0,8.0,0.8,3.5,0.05,1.0,0.25,0.0,9.0,5.0,1.0,0.8,0.0,1.4,0.45,0.35,0.2,0.35,0.1,0.1,7.0,5.4,base_grid
basic_compliance,Basic compliance,none,5.4,-5.0,-5.1,1.4475,5.4,11.7,-0.9400000000000007,-5.0,8.0,0.8,3.5,0.05,1.0,0.25,0.0,12.0,5.0,1.0,0.8,0.0,1.4,0.45,0.35,0.2,0.35,0.1,0.1,7.0,5.4,base_grid
basic_compliance,Basic compliance,none,5.4,-5.0,-5.1,1.4475,5.4,14.7,0.11000000000000001,-5.0,8.0,0.8,3.5,0.05,1.0,0.25,0.0,15.0,5.0,1.0,0.8,0.0,1.4,0.45,0.35,0.2,0.35,0.1,0.1,7.0,5.4,base_grid
basic_compliance,Basic compliance,none,5.4,-5.0,4.1000000000000005,5.3175,5.4,8.7,-1.99,-5.0,3.5,1.0,0.5,0.05,1.0,0.25,0.0,9.0,5.0,1.0,0.8,0.0,1.4,0.45,0.35,0.2,0.35,0.1,0.1,7.0,5.4,base_grid
basic_compliance,Basic compliance,none,5.4,-5.0,4.1000000000000005,5.3175,5.4,11.7,-0.9400000000000007,-5.0,3.5,1.0,0.5,0.05,1.0,0.25,0.0,12.0,5.0,1.0,0.8,0.0,1.4,0.45,0.35,0.2,0.35,0.1,0.1,7.0,5.4,base_grid
basic_compliance,Basic compliance,none,5.4,-5.0,4.1000000000000005,5.3175,5.4,14.7,0.11000000000000001,-5.0,3.5,1.0,0.5,0.05,1.0,0.25,0.0,15.0,5.0,1.0,0.8,0.0,1.4,0.45,0.35,0.2,0.35,0.1,0.1,7.0,5.4,base_grid
basic_compliance,Basic compliance,none,5.4,-5.0,3.2000000000000006,5.0024999999999995,5.4,8.7,-1.99,-5.0,3.5,1.0,1.5,0.05,1.0,0.25,0.0,9.0,5.0,1.0,0.8,0.0,1.4,0.45,0.35,0.2,0.35,0.1,0.1,7.0,5.4,base_grid
basic_compliance,Basic compliance,none,5.4,-5.0,3.2000000000000006,5.0024999999999995,5.4,11.7,-0.9400000000000007,-5.0,3.5,1.0,1.5,0.05,1.0,0.25,0.0,12.0,5.0,1.0,0.8,0.0,1.4,0.45,0.35,0.2,0.35,0.1,0.1,7.0,5.4,base_grid
basic_compliance,Basic compliance,none,5.4,-5.0,3.2000000000000006,5.0024999999999995,5.4,14.7,0.11000000000000001,-5.0,3.5,1.0,1.5,0.05,1.0,0.25,0.0,15.0,5.0,1.0,0.8,0.0,1.4,0.45,0.35,0.2,0.35,0.1,0.1,7.0,5.4,base_grid
basic_compliance,Basic compliance,none,5.4,-5.0,2.3000000000000007,4.6875,5.4,8.7,-1.99,-5.0,3.5,1.0,2.5,0.05,1.0,0.25,0.0,9.0,5.0,1.0,0.8,0.0,1.4,0.45,0.35,0.2,0.35,0.1,0.1,7.0,5.4,base_grid
basic_compliance,Basic compliance,none,5.4,-5.0,2.3000000000000007,4.6875,5.4,11.7,-0.9400000000000007,-5.0,3.5,1.0,2.5,0.05,1.0,0.25,0.0,12.0,5.0,1.0,0.8,0.0,1.4,0.45,0.35,0.2,0.35,0.1,0.1,7.0,5.4,base_grid
basic_compliance,Basic compliance,none,5.4,-5.0,2.3000000000000007,4.6875,5.4,14.7,0.11000000000000001,-5.0,3.5,1.0,2.5,0.05,1.0,0.25,0.0,15.0,5.0,1.0,0.8,0.0,1.4,0.45,0.35,0.2,0.35,0.1,0.1,7.0,5.4,base_grid
basic_compliance,Basic compliance,none,5.4,-5.0,1.4000000000000008,4.3725,5.4,8.7,-1.99,-5.0,3.5,1.0,3.5,0.05,1.0,0.25,0.0,9.0,5.0,1.0,0.8,0.0,1.4,0.45,0.35,0.2,0.35,0.1,0.1,7.0,5.4,base_grid
basic_compliance,Basic compliance,none,5.4,-5.0,1.4000000000000008,4.3725,5.4,11.7,-0.9400000000000007,-5.0,3.5,1.0,3.5,0.05,1.0,0.25,0.0,12.0,5.0,1.0,0.8,0.0,1.4,0.45,0.35,0.2,0.35,0.1,0.1,7.0,5.4,base_grid
basic_compliance,Basic compliance,none,5.4,-5.0,1.4000000000000008,4.3725,5.4,14.7,0.11000000000000001,-5.0,3.5,1.0,3.5,0.05,1.0,0.25,0.0,15.0,5.0,1.0,0.8,0.0,1.4,0.45,0.35,0.2,0.35,0.1,0.1,7.0,5.4,base_grid
basic_compliance,Basic compliance,none,5.4,-5.0,2.6000000000000005,4.6425,5.4,8.7,-1.99,-5.0,5.0,1.0,0.5,0.05,1.0,0.25,0.0,9.0,5.0,1.0,0.8,0.0,1.4,0.45,0.35,0.2,0.35,0.1,0.1,7.0,5.4,base_grid
basic_compliance,Basic compliance,none,5.4,-5.0,2.6000000000000005,4.6425,5.4,11.7,-0.9400000000000007,-5.0,5.0,1.0,0.5,0.05,1.0,0.25,0.0,12.0,5.0,1.0,0.8,0.0,1.4,0.45,0.35,0.2,0.35,0.1,0.1,7.0,5.4,base_grid
basic_compliance,Basic compliance,none,5.4,-5.0,2.6000000000000005,4.6425,5.4,14.7,0.11000000000000001,-5.0,5.0,1.0,0.5,0.05,1.0,0.25,0.0,15.0,5.0,1.0,0.8,0.0,1.4,0.45,0.35,0.2,0.35,0.1,0.1,7.0,5.4,base_grid
basic_compliance,Basic compliance,none,5.4,-5.0,1.7000000000000006,4.3275,5.4,8.7,-1.99,-5.0,5.0,1.0,1.5,0.05,1.0,0.25,0.0,9.0,5.0,1.0,0.8,0.0,1.4,0.45,0.35,0.2,0.35,0.1,0.1,7.0,5.4,base_grid
basic_compliance,Basic compliance,none,5.4,-5.0,1.7000000000000006,4.3275,5.4,11.7,-0.9400000000000007,-5.0,5.0,1.0,1.5,0.05,1.0,0.25,0.0,12.0,5.0,1.0,0.8,0.0,1.4,0.45,0.35,0.2,0.35,0.1,0.1,7.0,5.4,base_grid
basic_compliance,Basic compliance,none,5.4,-5.0,1.7000000000000006,4.3275,5.4,14.7,0.11000000000000001,-5.0,5.0,1.0,1.5,0.05,1.0,0.25,0.0,15.0,5.0,1.0,0.8,0.0,1.4,0.45,0.35,0.2,0.35,0.1,0.1,7.0,5.4,base_grid
basic_compliance,Basic compliance,none,5.4,-5.0,0.8000000000000007,4.0125,5.4,8.7,-1.99,-5.0,5.0,1.0,2.5,0.05,1.0,0.25,0.0,9.0,5.0,1.0,0.8,0.0,1.4,0.45,0.35,0.2,0.35,0.1,0.1,7.0,5.4,base_grid
basic_compliance,Basic compliance,none,5.4,-5.0,0.8000000000000007,4.0125,5.4,11.7,-0.9400000000000007,-5.0,5.0,1.0,2.5,0.05,1.0,0.25,0.0,12.0,5.0,1.0,0.8,0.0,1.4,0.45,0.35,0.2,0.35,0.1,0.1,7.0,5.4,base_grid
basic_compliance,Basic compliance,none,5.4,-5.0,0.8000000000000007,4.0125,5.4,14.7,0.11000000000000001,-5.0,5.0,1.0,2.5,0.05,1.0,0.25,0.0,15.0,5.0,1.0,0.8,0.0,1.4,0.45,0.35,0.2,0.35,0.1,0.1,7.0,5.4,base_grid
basic_compliance,Basic compliance,none,5.4,-5.0,-0.0999999999999992,3.6975,5.4,8.7,-1.99,-5.0,5.0,1.0,3.5,0.05,1.0,0.25,0.0,9.0,5.0,1.0,0.8,0.0,1.4,0.45,0.35,0.2,0.35,0.1,0.1,7.0,5.4,base_grid
basic_compliance,Basic compliance,none,5.4,-5.0,-0.0999999999999992,3.6975,5.4,11.7,-0.9400000000000007,-5.0,5.0,1.0,3.5,0.05,1.0,0.25,0.0,12.0,5.0,1.0,0.8,0.0,1.4,0.45,0.35,0.2,0.35,0.1,0.1,7.0,5.4,base_grid
basic_compliance,Basic compliance,none,5.4,-5.0,-0.0999999999999992,3.6975,5.4,14.7,0.11000000000000001,-5.0,5.0,1.0,3.5,0.05,1.0,0.25,0.0,15.0,5.0,1.0,0.8,0.0,1.4,0.45,0.35,0.2,0.35,0.1,0.1,7.0,5.4,base_grid
basic_compliance,Basic compliance,none,5.4,-5.0,1.1000000000000008,3.967499999999999,5.4,8.7,-1.99,-5.0,6.5,1.0,0.5,0.05,1.0,0.25,0.0,9.0,5.0,1.0,0.8,0.0,1.4,0.45,0.35,0.2,0.35,0.1,0.1,7.0,5.4,base_grid
basic_compliance,Basic compliance,none,5.4,-5.0,1.1000000000000008,3.967499999999999,5.4,11.7,-0.9400000000000007,-5.0,6.5,1.0,0.5,0.05,1.0,0.25,0.0,12.0,5.0,1.0,0.8,0.0,1.4,0.45,0.35,0.2,0.35,0.1,0.1,7.0,5.4,base_grid
basic_compliance,Basic compliance,none,5.4,-5.0,1.1000000000000008,3.967499999999999,5.4,14.7,0.11000000000000001,-5.0,6.5,1.0,0.5,0.05,1.0,0.25,0.0,15.0,5.0,1.0,0.8,0.0,1.4,0.45,0.35,0.2,0.35,0.1,0.1,7.0,5.4,base_grid
basic_compliance,Basic compliance,none,5.4,-5.0,0.20000000000000062,3.652499999999999,5.4,8.7,-1.99,-5.0,6.5,1.0,1.5,0.05,1.0,0.25,0.0,9.0,5.0,1.0,0.8,0.0,1.4,0.45,0.35,0.2,0.35,0.1,0.1,7.0,5.4,base_grid
basic_compliance,Basic compliance,none,5.4,-5.0,0.20000000000000062,3.652499999999999,5.4,11.7,-0.9400000000000007,-5.0,6.5,1.0,1.5,0.05,1.0,0.25,0.0,12.0,5.0,1.0,0.8,0.0,1.4,0.45,0.35,0.2,0.35,0.1,0.1,7.0,5.4,base_grid
basic_compliance,Basic compliance,none,5.4,-5.0,0.20000000000000062,3.652499999999999,5.4,14.7,0.11000000000000001,-5.0,6.5,1.0,1.5,0.05,1.0,0.25,0.0,15.0,5.0,1.0,0.8,0.0,1.4,0.45,0.35,0.2,0.35,0.1,0.1,7.0,5.4,base_grid
basic_compliance,Basic compliance,none,5.4,-5.0,-0.6999999999999993,3.337499999999999,5.4,8.7,-1.99,-5.0,6.5,1.0,2.5,0.05,1.0,0.25,0.0,9.0,5.0,1.0,0.8,0.0,1.4,0.45,0.35,0.2,0.35,0.1,0.1,7.0,5.4,base_grid
basic_compliance,Basic compliance,none,5.4,-5.0,-0.6999999999999993,3.337499999999999,5.4,11.7,-0.9400000000000007,-5.0,6.5,1.0,2.5,0.05,1.0,0.25,0.0,12.0,5.0,1.0,0.8,0.0,1.4,0.45,0.35,0.2,0.35,0.1,0.1,7.0,5.4,base_grid
basic_compliance,Basic compliance,none,5.4,-5.0,-0.6999999999999993,3.337499999999999,5.4,14.7,0.11000000000000001,-5.0,6.5,1.0,2.5,0.05,1.0,0.25,0.0,15.0,5.0,1.0,0.8,0.0,1.4,0.45,0.35,0.2,0.35,0.1,0.1,7.0,5.4,base_grid
basic_compliance,Basic compliance,none,5.4,-5.0,-1.5999999999999992,3.022499999999999,5.4,8.7,-1.99,-5.0,6.5,1.0,3.5,0.05,1.0,0.25,0.0,9.0,5.0,1.0,0.8,0.0,1.4,0.45,0.35,0.2,0.35,0.1,0.1,7.0,5.4,base_grid
basic_compliance,Basic compliance,none,5.4,-5.0,-1.5999999999999992,3.022499999999999,5.4,11.7,-0.9400000000000007,-5.0,6.5,1.0,3.5,0.05,1.0,0.25,0.0,12.0,5.0,1.0,0.8,0.0,1.4,0.45,0.35,0.2,0.35,0.1,0.1,7.0,5.4,base_grid
basic_compliance,Basic compliance,none,5.4,-5.0,-1.5999999999999992,3.022499999999999,5.4,14.7,0.11000000000000001,-5.0,6.5,1.0,3.5,0.05,1.0,0.25,0.0,15.0,5.0,1.0,0.8,0.0,1.4,0.45,0.35,0.2,0.35,0.1,0.1,7.0,5.4,base_grid
basic_compliance,Basic compliance,none,5.4,-5.0,-0.3999999999999993,3.2924999999999995,5.4,8.7,-1.99,-5.0,8.0,1.0,0.5,0.05,1.0,0.25,0.0,9.0,5.0,1.0,0.8,0.0,1.4,0.45,0.35,0.2,0.35,0.1,0.1,7.0,5.4,base_grid
basic_compliance,Basic compliance,none,5.4,-5.0,-0.3999999999999993,3.2924999999999995,5.4,11.7,-0.9400000000000007,-5.0,8.0,1.0,0.5,0.05,1.0,0.25,0.0,12.0,5.0,1.0,0.8,0.0,1.4,0.45,0.35,0.2,0.35,0.1,0.1,7.0,5.4,base_grid
basic_compliance,Basic compliance,none,5.4,-5.0,-0.3999999999999993,3.2924999999999995,5.4,14.7,0.11000000000000001,-5.0,8.0,1.0,0.5,0.05,1.0,0.25,0.0,15.0,5.0,1.0,0.8,0.0,1.4,0.45,0.35,0.2,0.35,0.1,0.1,7.0,5.4,base_grid
basic_compliance,Basic compliance,none,5.4,-5.0,-1.2999999999999994,2.9774999999999996,5.4,8.7,-1.99,-5.0,8.0,1.0,1.5,0.05,1.0,0.25,0.0,9.0,5.0,1.0,0.8,0.0,1.4,0.45,0.35,0.2,0.35,0.1,0.1,7.0,5.4,base_grid
basic_compliance,Basic compliance,none,5.4,-5.0,-1.2999999999999994,2.9774999999999996,5.4,11.7,-0.9400000000000007,-5.0,8.0,1.0,1.5,0.05,1.0,0.25,0.0,12.0,5.0,1.0,0.8,0.0,1.4,0.45,0.35,0.2,0.35,0.1,0.1,7.0,5.4,base_grid
basic_compliance,Basic compliance,none,5.4,-5.0,-1.2999999999999994,2.9774999999999996,5.4,14.7,0.11000000000000001,-5.0,8.0,1.0,1.5,0.05,1.0,0.25,0.0,15.0,5.0,1.0,0.8,0.0,1.4,0.45,0.35,0.2,0.35,0.1,0.1,7.0,5.4,base_grid
basic_compliance,Basic compliance,none,5.4,-5.0,-2.1999999999999993,2.6624999999999996,5.4,8.7,-1.99,-5.0,8.0,1.0,2.5,0.05,1.0,0.25,0.0,9.0,5.0,1.0,0.8,0.0,1.4,0.45,0.35,0.2,0.35,0.1,0.1,7.0,5.4,base_grid
basic_compliance,Basic compliance,none,5.4,-5.0,-2.1999999999999993,2.6624999999999996,5.4,11.7,-0.9400000000000007,-5.0,8.0,1.0,2.5,0.05,1.0,0.25,0.0,12.0,5.0,1.0,0.8,0.0,1.4,0.45,0.35,0.2,0.35,0.1,0.1,7.0,5.4,base_grid
basic_compliance,Basic compliance,none,5.4,-5.0,-2.1999999999999993,2.6624999999999996,5.4,14.7,0.11000000000000001,-5.0,8.0,1.0,2.5,0.05,1.0,0.25,0.0,15.0,5.0,1.0,0.8,0.0,1.4,0.45,0.35,0.2,0.35,0.1,0.1,7.0,5.4,base_grid
basic_compliance,Basic compliance,none,5.4,-5.0,-3.099999999999999,2.3475,5.4,8.7,-1.99,-5.0,8.0,1.0,3.5,0.05,1.0,0.25,0.0,9.0,5.0,1.0,0.8,0.0,1.4,0.45,0.35,0.2,0.35,0.1,0.1,7.0,5.4,base_grid
basic_compliance,Basic compliance,none,5.4,-5.0,-3.099999999999999,2.3475,5.4,11.7,-0.9400000000000007,-5.0,8.0,1.0,3.5,0.05,1.0,0.25,0.0,12.0,5.0,1.0,0.8,0.0,1.4,0.45,0.35,0.2,0.35,0.1,0.1,7.0,5.4,base_grid
basic_compliance,Basic compliance,none,5.4,-5.0,-3.099999999999999,2.3475,5.4,14.7,0.11000000000000001,-5.0,8.0,1.0,3.5,0.05,1.0,0.25,0.0,15.0,5.0,1.0,0.8,0.0,1.4,0.45,0.35,0.2,0.35,0.1,0.1,7.0,5.4,base_grid
basic_compliance,Basic compliance,low,5.58,-1.99,4.683333333333334,5.58,5.4,8.7,-1.99,-5.0,3.5,1.2,0.5,0.05,1.0,0.25,0.0,9.0,5.0,1.0,0.8,0.0,1.4,0.45,0.35,0.2,0.35,0.1,0.1,7.0,5.4,base_grid
basic_compliance,Basic compliance,low,5.58,-0.9400000000000007,4.683333333333334,5.58,5.4,11.7,-0.9400000000000007,-5.0,3.5,1.2,0.5,0.05,1.0,0.25,0.0,12.0,5.0,1.0,0.8,0.0,1.4,0.45,0.35,0.2,0.35,0.1,0.1,7.0,5.4,base_grid
basic_compliance,Basic compliance,low,5.58,0.11000000000000001,4.683333333333334,5.58,5.4,14.7,0.11000000000000001,-5.0,3.5,1.2,0.5,0.05,1.0,0.25,0.0,15.0,5.0,1.0,0.8,0.0,1.4,0.45,0.35,0.2,0.35,0.1,0.1,7.0,5.4,base_grid
basic_compliance,Basic compliance,none,5.4,-5.0,3.7833333333333337,5.265,5.4,8.7,-1.99,-5.0,3.5,1.2,1.5,0.05,1.0,0.25,0.0,9.0,5.0,1.0,0.8,0.0,1.4,0.45,0.35,0.2,0.35,0.1,0.1,7.0,5.4,base_grid
basic_compliance,Basic compliance,none,5.4,-5.0,3.7833333333333337,5.265,5.4,11.7,-0.9400000000000007,-5.0,3.5,1.2,1.5,0.05,1.0,0.25,0.0,12.0,5.0,1.0,0.8,0.0,1.4,0.45,0.35,0.2,0.35,0.1,0.1,7.0,5.4,base_grid
basic_compliance,Basic compliance,none,5.4,-5.0,3.7833333333333337,5.265,5.4,14.7,0.11000000000000001,-5.0,3.5,1.2,1.5,0.05,1.0,0.25,0.0,15.0,5.0,1.0,0.8,0.0,1.4,0.45,0.35,0.2,0.35,0.1,0.1,7.0,5.4,base_grid
basic_compliance,Basic compliance,none,5.4,-5.0,2.8833333333333337,4.95,5.4,8.7,-1.99,-5.0,3.5,1.2,2.5,0.05,1.0,0.25,0.0,9.0,5.0,1.0,0.8,0.0,1.4,0.45,0.35,0.2,0.35,0.1,0.1,7.0,5.4,base_grid
basic_compliance,Basic compliance,none,5.4,-5.0,2.8833333333333337,4.95,5.4,11.7,-0.9400000000000007,-5.0,3.5,1.2,2.5,0.05,1.0,0.25,0.0,12.0,5.0,1.0,0.8,0.0,1.4,0.45,0.35,0.2,0.35,0.1,0.1,7.0,5.4,base_grid
basic_compliance,Basic compliance,none,5.4,-5.0,2.8833333333333337,4.95,5.4,14.7,0.11000000000000001,-5.0,3.5,1.2,2.5,0.05,1.0,0.25,0.0,15.0,5.0,1.0,0.8,0.0,1.4,0.45,0.35,0.2,0.35,0.1,0.1,7.0,5.4,base_grid
basic_compliance,Basic compliance,none,5.4,-5.0,1.9833333333333338,4.635,5.4,8.7,-1.99,-5.0,3.5,1.2,3.5,0.05,1.0,0.25,0.0,9.0,5.0,1.0,0.8,0.0,1.4,0.45,0.35,0.2,0.35,0.1,0.1,7.0,5.4,base_grid
basic_compliance,Basic compliance,none,5.4,-5.0,1.9833333333333338,4.635,5.4,11.7,-0.9400000000000007,-5.0,3.5,1.2,3.5,0.05,1.0,0.25,0.0,12.0,5.0,1.0,0.8,0.0,1.4,0.45,0.35,0.2,0.35,0.1,0.1,7.0,5.4,base_grid
basic_compliance,Basic compliance,none,5.4,-5.0,1.9833333333333338,4.635,5.4,14.7,0.11000000000000001,-5.0,3.5,1.2,3.5,0.05,1.0,0.25,0.0,15.0,5.0,1.0,0.8,0.0,1.4,0.45,0.35,0.2,0.35,0.1,0.1,7.0,5.4,base_grid
basic_compliance,Basic compliance,none,5.4,-5.0,3.4333333333333336,5.0175,5.4,8.7,-1.99,-5.0,5.0,1.2,0.5,0.05,1.0,0.25,0.0,9.0,5.0,1.0,0.8,0.0,1.4,0.45,0.35,0.2,0.35,0.1,0.1,7.0,5.4,base_grid
basic_compliance,Basic compliance,none,5.4,-5.0,3.4333333333333336,5.0175,5.4,11.7,-0.9400000000000007,-5.0,5.0,1.2,0.5,0.05,1.0,0.25,0.0,12.0,5.0,1.0,0.8,0.0,1.4,0.45,0.35,0.2,0.35,0.1,0.1,7.0,5.4,base_grid
basic_compliance,Basic compliance,none,5.4,-5.0,3.4333333333333336,5.0175,5.4,14.7,0.11000000000000001,-5.0,5.0,1.2,0.5,0.05,1.0,0.25,0.0,15.0,5.0,1.0,0.8,0.0,1.4,0.45,0.35,0.2,0.35,0.1,0.1,7.0,5.4,base_grid
basic_compliance,Basic compliance,none,5.4,-5.0,2.5333333333333337,4.7025,5.4,8.7,-1.99,-5.0,5.0,1.2,1.5,0.05,1.0,0.25,0.0,9.0,5.0,1.0,0.8,0.0,1.4,0.45,0.35,0.2,0.35,0.1,0.1,7.0,5.4,base_grid
basic_compliance,Basic compliance,none,5.4,-5.0,2.5333333333333337,4.7025,5.4,11.7,-0.9400000000000007,-5.0,5.0,1.2,1.5,0.05,1.0,0.25,0.0,12.0,5.0,1.0,0.8,0.0,1.4,0.45,0.35,0.2,0.35,0.1,0.1,7.0,5.4,base_grid
basic_compliance,Basic compliance,none,5.4,-5.0,2.5333333333333337,4.7025,5.4,14.7,0.11000000000000001,-5.0,5.0,1.2,1.5,0.05,1.0,0.25,0.0,15.0,5.0,1.0,0.8,0.0,1.4,0.45,0.35,0.2,0.35,0.1,0.1,7.0,5.4,base_grid
basic_compliance,Basic compliance,none,5.4,-5.0,1.6333333333333337,4.3875,5.4,8.7,-1.99,-5.0,5.0,1.2,2.5,0.05,1.0,0.25,0.0,9.0,5.0,1.0,0.8,0.0,1.4,0.45,0.35,0.2,0.35,0.1,0.1,7.0,5.4,base_grid
basic_compliance,Basic compliance,none,5.4,-5.0,1.6333333333333337,4.3875,5.4,11.7,-0.9400000000000007,-5.0,5.0,1.2,2.5,0.05,1.0,0.25,0.0,12.0,5.0,1.0,0.8,0.0,1.4,0.45,0.35,0.2,0.35,0.1,0.1,7.0,5.4,base_grid
basic_compliance,Basic compliance,none,5.4,-5.0,1.6333333333333337,4.3875,5.4,14.7,0.11000000000000001,-5.0,5.0,1.2,2.5,0.05,1.0,0.25,0.0,15.0,5.0,1.0,0.8,0.0,1.4,0.45,0.35,0.2,0.35,0.1,0.1,7.0,5.4,base_grid
basic_compliance,Basic compliance,none,5.4,-5.0,0.7333333333333338,4.0725,5.4,8.7,-1.99,-5.0,5.0,1.2,3.5,0.05,1.0,0.25,0.0,9.0,5.0,1.0,0.8,0.0,1.4,0.45,0.35,0.2,0.35,0.1,0.1,7.0,5.4,base_grid
basic_compliance,Basic compliance,none,5.4,-5.0,0.7333333333333338,4.0725,5.4,11.7,-0.9400000000000007,-5.0,5.0,1.2,3.5,0.05,1.0,0.25,0.0,12.0,5.0,1.0,0.8,0.0,1.4,0.45,0.35,0.2,0.35,0.1,0.1,7.0,5.4,base_grid
basic_compliance,Basic compliance,none,5.4,-5.0,0.7333333333333338,4.0725,5.4,14.7,0.11000000000000001,-5.0,5.0,1.2,3.5,0.05,1.0,0.25,0.0,15.0,5.0,1.0,0.8,0.0,1.4,0.45,0.35,0.2,0.35,0.1,0.1,7.0,5.4,base_grid
basic_compliance,Basic compliance,none,5.4,-5.0,2.1833333333333336,4.455,5.4,8.7,-1.99,-5.0,6.5,1.2,0.5,0.05,1.0,0.25,0.0,9.0,5.0,1.0,0.8,0.0,1.4,0.45,0.35,0.2,0.35,0.1,0.1,7.0,5.4,base_grid
basic_compliance,Basic compliance,none,5.4,-5.0,2.1833333333333336,4.455,5.4,11.7,-0.9400000000000007,-5.0,6.5,1.2,0.5,0.05,1.0,0.25,0.0,12.0,5.0,1.0,0.8,0.0,1.4,0.45,0.35,0.2,0.35,0.1,0.1,7.0,5.4,base_grid
basic_compliance,Basic compliance,none,5.4,-5.0,2.1833333333333336,4.455,5.4,14.7,0.11000000000000001,-5.0,6.5,1.2,0.5,0.05,1.0,0.25,0.0,15.0,5.0,1.0,0.8,0.0,1.4,0.45,0.35,0.2,0.35,0.1,0.1,7.0,5.4,base_grid
basic_compliance,Basic compliance,none,5.4,-5.0,1.2833333333333337,4.14,5.4,8.7,-1.99,-5.0,6.5,1.2,1.5,0.05,1.0,0.25,0.0,9.0,5.0,1.0,0.8,0.0,1.4,0.45,0.35,0.2,0.35,0.1,0.1,7.0,5.4,base_grid
basic_compliance,Basic compliance,none,5.4,-5.0,1.2833333333333337,4.14,5.4,11.7,-0.9400000000000007,-5.0,6.5,1.2,1.5,0.05,1.0,0.25,0.0,12.0,5.0,1.0,0.8,0.0,1.4,0.45,0.35,0.2,0.35,0.1,0.1,7.0,5.4,base_grid
basic_compliance,Basic compliance,none,5.4,-5.0,1.2833333333333337,4.14,5.4,14.7,0.11000000000000001,-5.0,6.5,1.2,1.5,0.05,1.0,0.25,0.0,15.0,5.0,1.0,0.8,0.0,1.4,0.45,0.35,0.2,0.35,0.1,0.1,7.0,5.4,base_grid
basic_compliance,Basic compliance,none,5.4,-5.0,0.38333333333333375,3.8249999999999997,5.4,8.7,-1.99,-5.0,6.5,1.2,2.5,0.05,1.0,0.25,0.0,9.0,5.0,1.0,0.8,0.0,1.4,0.45,0.35,0.2,0.35,0.1,0.1,7.0,5.4,base_grid
basic_compliance,Basic compliance,none,5.4,-5.0,0.38333333333333375,3.8249999999999997,5.4,11.7,-0.9400000000000007,-5.0,6.5,1.2,2.5,0.05,1.0,0.25,0.0,12.0,5.0,1.0,0.8,0.0,1.4,0.45,0.35,0.2,0.35,0.1,0.1,7.0,5.4,base_grid
basic_compliance,Basic compliance,none,5.4,-5.0,0.38333333333333375,3.8249999999999997,5.4,14.7,0.11000000000000001,-5.0,6.5,1.2,2.5,0.05,1.0,0.25,0.0,15.0,5.0,1.0,0.8,0.0,1.4,0.45,0.35,0.2,0.35,0.1,0.1,7.0,5.4,base_grid
basic_compliance,Basic compliance,none,5.4,-5.0,-0.5166666666666662,3.51,5.4,8.7,-1.99,-5.0,6.5,1.2,3.5,0.05,1.0,0.25,0.0,9.0,5.0,1.0,0.8,0.0,1.4,0.45,0.35,0.2,0.35,0.1,0.1,7.0,5.4,base_grid
basic_compliance,Basic compliance,none,5.4,-5.0,-0.5166666666666662,3.51,5.4,11.7,-0.9400000000000007,-5.0,6.5,1.2,3.5,0.05,1.0,0.25,0.0,12.0,5.0,1.0,0.8,0.0,1.4,0.45,0.35,0.2,0.35,0.1,0.1,7.0,5.4,base_grid
basic_compliance,Basic compliance,none,5.4,-5.0,-0.5166666666666662,3.51,5.4,14.7,0.11000000000000001,-5.0,6.5,1.2,3.5,0.05,1.0,0.25,0.0,15.0,5.0,1.0,0.8,0.0,1.4,0.45,0.35,0.2,0.35,0.1,0.1,7.0,5.4,base_grid
basic_compliance,Basic compliance,none,5.4,-5.0,0.9333333333333338,3.8924999999999996,5.4,8.7,-1.99,-5.0,8.0,1.2,0.5,0.05,1.0,0.25,0.0,9.0,5.0,1.0,0.8,0.0,1.4,0.45,0.35,0.2,0.35,0.1,0.1,7.0,5.4,base_grid
basic_compliance,Basic compliance,none,5.4,-5.0,0.9333333333333338,3.8924999999999996,5.4,11.7,-0.9400000000000007,-5.0,8.0,1.2,0.5,0.05,1.0,0.25,0.0,12.0,5.0,1.0,0.8,0.0,1.4,0.45,0.35,0.2,0.35,0.1,0.1,7.0,5.4,base_grid
basic_compliance,Basic compliance,none,5.4,-5.0,0.9333333333333338,3.8924999999999996,5.4,14.7,0.11000000000000001,-5.0,8.0,1.2,0.5,0.05,1.0,0.25,0.0,15.0,5.0,1.0,0.8,0.0,1.4,0.45,0.35,0.2,0.35,0.1,0.1,7.0,5.4,base_grid
basic_compliance,Basic compliance,none,5.4,-5.0,0.03333333333333366,3.5774999999999997,5.4,8.7,-1.99,-5.0,8.0,1.2,1.5,0.05,1.0,0.25,0.0,9.0,5.0,1.0,0.8,0.0,1.4,0.45,0.35,0.2,0.35,0.1,0.1,7.0,5.4,base_grid
basic_compliance,Basic compliance,none,5.4,-5.0,0.03333333333333366,3.5774999999999997,5.4,11.7,-0.9400000000000007,-5.0,8.0,1.2,1.5,0.05,1.0,0.25,0.0,12.0,5.0,1.0,0.8,0.0,1.4,0.45,0.35,0.2,0.35,0.1,0.1,7.0,5.4,base_grid
basic_compliance,Basic compliance,none,5.4,-5.0,0.03333333333333366,3.5774999999999997,5.4,14.7,0.11000000000000001,-5.0,8.0,1.2,1.5,0.05,1.0,0.25,0.0,15.0,5.0,1.0,0.8,0.0,1.4,0.45,0.35,0.2,0.35,0.1,0.1,7.0,5.4,base_grid
basic_compliance,Basic compliance,none,5.4,-5.0,-0.8666666666666663,3.2624999999999997,5.4,8.7,-1.99,-5.0,8.0,1.2,2.5,0.05,1.0,0.25,0.0,9.0,5.0,1.0,0.8,0.0,1.4,0.45,0.35,0.2,0.35,0.1,0.1,7.0,5.4,base_grid
basic_compliance,Basic compliance,none,5.4,-5.0,-0.8666666666666663,3.2624999999999997,5.4,11.7,-0.9400000000000007,-5.0,8.0,1.2,2.5,0.05,1.0,0.25,0.0,12.0,5.0,1.0,0.8,0.0,1.4,0.45,0.35,0.2,0.35,0.1,0.1,7.0,5.4,base_grid
basic_compliance,Basic compliance,none,5.4,-5.0,-0.8666666666666663,3.2624999999999997,5.4,14.7,0.11000000000000001,-5.0,8.0,1.2,2.5,0.05,1.0,0.25,0.0,15.0,5.0,1.0,0.8,0.0,1.4,0.45,0.35,0.2,0.35,0.1,0.1,7.0,5.4,base_grid
basic_compliance,Basic compliance,none,5.4,-5.0,-1.7666666666666662,2.9475,5.4,8.7,-1.99,-5.0,8.0,1.2,3.5,0.05,1.0,0.25,0.0,9.0,5.0,1.0,0.8,0.0,1.4,0.45,0.35,0.2,0.35,0.1,0.1,7.0,5.4,base_grid
basic_compliance,Basic compliance,none,5.4,-5.0,-1.7666666666666662,2.9475,5.4,11.7,-0.9400000000000007,-5.0,8.0,1.2,3.5,0.05,1.0,0.25,0.0,12.0,5.0,1.0,0.8,0.0,1.4,0.45,0.35,0.2,0.35,0.1,0.1,7.0,5.4,base_grid
basic_compliance,Basic compliance,none,5.4,-5.0,-1.7666666666666662,2.9475,5.4,14.7,0.11000000000000001,-5.0,8.0,1.2,3.5,0.05,1.0,0.25,0.0,15.0,5.0,1.0,0.8,0.0,1.4,0.45,0.35,0.2,0.35,0.1,0.1,7.0,5.4,base_grid
incentive_only,Incentive-only,none,5.4,-5.0,-7.699999999999999,-0.7349999999999997,5.4,6.52,-2.306,-5.0,3.5,0.2,0.5,0.08,1.5,2.4,0.0,9.0,5.0,1.0,0.8,0.0,1.4,0.45,0.35,0.2,0.35,0.2,0.4,7.0,5.4,base_grid
incentive_only,Incentive-only,none,5.4,-5.0,-7.699999999999999,-0.7349999999999997,5.4,9.52,-1.2560000000000007,-5.0,3.5,0.2,0.5,0.08,1.5,2.4,0.0,12.0,5.0,1.0,0.8,0.0,1.4,0.45,0.35,0.2,0.35,0.2,0.4,7.0,5.4,base_grid
incentive_only,Incentive-only,none,5.4,-5.0,-7.699999999999999,-0.7349999999999997,5.4,12.52,-0.20600000000000004,-5.0,3.5,0.2,0.5,0.08,1.5,2.4,0.0,15.0,5.0,1.0,0.8,0.0,1.4,0.45,0.35,0.2,0.35,0.2,0.4,7.0,5.4,base_grid
incentive_only,Incentive-only,none,5.4,-5.0,-8.5,-1.0149999999999997,5.4,6.52,-2.306,-5.0,3.5,0.2,1.5,0.08,1.5,2.4,0.0,9.0,5.0,1.0,0.8,0.0,1.4,0.45,0.35,0.2,0.35,0.2,0.4,7.0,5.4,base_grid
incentive_only,Incentive-only,none,5.4,-5.0,-8.5,-1.0149999999999997,5.4,9.52,-1.2560000000000007,-5.0,3.5,0.2,1.5,0.08,1.5,2.4,0.0,12.0,5.0,1.0,0.8,0.0,1.4,0.45,0.35,0.2,0.35,0.2,0.4,7.0,5.4,base_grid
incentive_only,Incentive-only,none,5.4,-5.0,-8.5,-1.0149999999999997,5.4,12.52,-0.20600000000000004,-5.0,3.5,0.2,1.5,0.08,1.5,2.4,0.0,15.0,5.0,1.0,0.8,0.0,1.4,0.45,0.35,0.2,0.35,0.2,0.4,7.0,5.4,base_grid
incentive_only,Incentive-only,none,5.4,-5.0,-9.299999999999999,-1.2949999999999995,5.4,6.52,-2.306,-5.0,3.5,0.2,2.5,0.08,1.5,2.4,0.0,9.0,5.0,1.0,0.8,0.0,1.4,0.45,0.35,0.2,0.35,0.2,0.4,7.0,5.4,base_grid
incentive_only,Incentive-only,none,5.4,-5.0,-9.299999999999999,-1.2949999999999995,5.4,9.52,-1.2560000000000007,-5.0,3.5,0.2,2.5,0.08,1.5,2.4,0.0,12.0,5.0,1.0,0.8,0.0,1.4,0.45,0.35,0.2,0.35,0.2,0.4,7.0,5.4,base_grid
incentive_only,Incentive-only,none,5.4,-5.0,-9.299999999999999,-1.2949999999999995,5.4,12.52,-0.20600000000000004,-5.0,3.5,0.2,2.5,0.08,1.5,2.4,0.0,15.0,5.0,1.0,0.8,0.0,1.4,0.45,0.35,0.2,0.35,0.2,0.4,7.0,5.4,base_grid
incentive_only,Incentive-only,none,5.4,-5.0,-10.1,-1.5749999999999997,5.4,6.52,-2.306,-5.0,3.5,0.2,3.5,0.08,1.5,2.4,0.0,9.0,5.0,1.0,0.8,0.0,1.4,0.45,0.35,0.2,0.35,0.2,0.4,7.0,5.4,base_grid
incentive_only,Incentive-only,none,5.4,-5.0,-10.1,-1.5749999999999997,5.4,9.52,-1.2560000000000007,-5.0,3.5,0.2,3.5,0.08,1.5,2.4,0.0,12.0,5.0,1.0,0.8,0.0,1.4,0.45,0.35,0.2,0.35,0.2,0.4,7.0,5.4,base_grid
incentive_only,Incentive-only,none,5.4,-5.0,-10.1,-1.5749999999999997,5.4,12.52,-0.20600000000000004,-5.0,3.5,0.2,3.5,0.08,1.5,2.4,0.0,15.0,5.0,1.0,0.8,0.0,1.4,0.45,0.35,0.2,0.35,0.2,0.4,7.0,5.4,base_grid
incentive_only,Incentive-only,none,5.4,-5.0,-15.2,-4.109999999999999,5.4,6.52,-2.306,-5.0,5.0,0.2,0.5,0.08,1.5,2.4,0.0,9.0,5.0,1.0,0.8,0.0,1.4,0.45,0.35,0.2,0.35,0.2,0.4,7.0,5.4,base_grid
incentive_only,Incentive-only,none,5.4,-5.0,-15.2,-4.109999999999999,5.4,9.52,-1.2560000000000007,-5.0,5.0,0.2,0.5,0.08,1.5,2.4,0.0,12.0,5.0,1.0,0.8,0.0,1.4,0.45,0.35,0.2,0.35,0.2,0.4,7.0,5.4,base_grid
incentive_only,Incentive-only,none,5.4,-5.0,-15.2,-4.109999999999999,5.4,12.52,-0.20600000000000004,-5.0,5.0,0.2,0.5,0.08,1.5,2.4,0.0,15.0,5.0,1.0,0.8,0.0,1.4,0.45,0.35,0.2,0.35,0.2,0.4,7.0,5.4,base_grid
incentive_only,Incentive-only,none,5.4,-5.0,-16.0,-4.39,5.4,6.52,-2.306,-5.0,5.0,0.2,1.5,0.08,1.5,2.4,0.0,9.0,5.0,1.0,0.8,0.0,1.4,0.45,0.35,0.2,0.35,0.2,0.4,7.0,5.4,base_grid
incentive_only,Incentive-only,none,5.4,-5.0,-16.0,-4.39,5.4,9.52,-1.2560000000000007,-5.0,5.0,0.2,1.5,0.08,1.5,2.4,0.0,12.0,5.0,1.0,0.8,0.0,1.4,0.45,0.35,0.2,0.35,0.2,0.4,7.0,5.4,base_grid
incentive_only,Incentive-only,none,5.4,-5.0,-16.0,-4.39,5.4,12.52,-0.20600000000000004,-5.0,5.0,0.2,1.5,0.08,1.5,2.4,0.0,15.0,5.0,1.0,0.8,0.0,1.4,0.45,0.35,0.2,0.35,0.2,0.4,7.0,5.4,base_grid
incentive_only,Incentive-only,none,5.4,-5.0,-16.799999999999997,-4.67,5.4,6.52,-2.306,-5.0,5.0,0.2,2.5,0.08,1.5,2.4,0.0,9.0,5.0,1.0,0.8,0.0,1.4,0.45,0.35,0.2,0.35,0.2,0.4,7.0,5.4,base_grid
incentive_only,Incentive-only,none,5.4,-5.0,-16.799999999999997,-4.67,5.4,9.52,-1.2560000000000007,-5.0,5.0,0.2,2.5,0.08,1.5,2.4,0.0,12.0,5.0,1.0,0.8,0.0,1.4,0.45,0.35,0.2,0.35,0.2,0.4,7.0,5.4,base_grid
incentive_only,Incentive-only,none,5.4,-5.0,-16.799999999999997,-4.67,5.4,12.52,-0.20600000000000004,-5.0,5.0,0.2,2.5,0.08,1.5,2.4,0.0,15.0,5.0,1.0,0.8,0.0,1.4,0.45,0.35,0.2,0.35,0.2,0.4,7.0,5.4,base_grid
incentive_only,Incentive-only,none,5.4,-5.0,-17.599999999999998,-4.949999999999999,5.4,6.52,-2.306,-5.0,5.0,0.2,3.5,0.08,1.5,2.4,0.0,9.0,5.0,1.0,0.8,0.0,1.4,0.45,0.35,0.2,0.35,0.2,0.4,7.0,5.4,base_grid
incentive_only,Incentive-only,none,5.4,-5.0,-17.599999999999998,-4.949999999999999,5.4,9.52,-1.2560000000000007,-5.0,5.0,0.2,3.5,0.08,1.5,2.4,0.0,12.0,5.0,1.0,0.8,0.0,1.4,0.45,0.35,0.2,0.35,0.2,0.4,7.0,5.4,base_grid
incentive_only,Incentive-only,none,5.4,-5.0,-17.599999999999998,-4.949999999999999,5.4,12.52,-0.20600000000000004,-5.0,5.0,0.2,3.5,0.08,1.5,2.4,0.0,15.0,5.0,1.0,0.8,0.0,1.4,0.45,0.35,0.2,0.35,0.2,0.4,7.0,5.4,base_grid
incentive_only,Incentive-only,none,5.4,-5.0,-22.699999999999996,-7.484999999999999,5.4,6.52,-2.306,-5.0,6.5,0.2,0.5,0.08,1.5,2.4,0.0,9.0,5.0,1.0,0.8,0.0,1.4,0.45,0.35,0.2,0.35,0.2,0.4,7.0,5.4,base_grid
incentive_only,Incentive-only,none,5.4,-5.0,-22.699999999999996,-7.484999999999999,5.4,9.52,-1.2560000000000007,-5.0,6.5,0.2,0.5,0.08,1.5,2.4,0.0,12.0,5.0,1.0,0.8,0.0,1.4,0.45,0.35,0.2,0.35,0.2,0.4,7.0,5.4,base_grid
incentive_only,Incentive-only,none,5.4,-5.0,-22.699999999999996,-7.484999999999999,5.4,12.52,-0.20600000000000004,-5.0,6.5,0.2,0.5,0.08,1.5,2.4,0.0,15.0,5.0,1.0,0.8,0.0,1.4,0.45,0.35,0.2,0.35,0.2,0.4,7.0,5.4,base_grid
incentive_only,Incentive-only,none,5.4,-5.0,-23.499999999999996,-7.765,5.4,6.52,-2.306,-5.0,6.5,0.2,1.5,0.08,1.5,2.4,0.0,9.0,5.0,1.0,0.8,0.0,1.4,0.45,0.35,0.2,0.35,0.2,0.4,7.0,5.4,base_grid
incentive_only,Incentive-only,none,5.4,-5.0,-23.499999999999996,-7.765,5.4,9.52,-1.2560000000000007,-5.0,6.5,0.2,1.5,0.08,1.5,2.4,0.0,12.0,5.0,1.0,0.8,0.0,1.4,0.45,0.35,0.2,0.35,0.2,0.4,7.0,5.4,base_grid
incentive_only,Incentive-only,none,5.4,-5.0,-23.499999999999996,-7.765,5.4,12.52,-0.20600000000000004,-5.0,6.5,0.2,1.5,0.08,1.5,2.4,0.0,15.0,5.0,1.0,0.8,0.0,1.4,0.45,0.35,0.2,0.35,0.2,0.4,7.0,5.4,base_grid
incentive_only,Incentive-only,none,5.4,-5.0,-24.299999999999997,-8.045,5.4,6.52,-2.306,-5.0,6.5,0.2,2.5,0.08,1.5,2.4,0.0,9.0,5.0,1.0,0.8,0.0,1.4,0.45,0.35,0.2,0.35,0.2,0.4,7.0,5.4,base_grid
incentive_only,Incentive-only,none,5.4,-5.0,-24.299999999999997,-8.045,5.4,9.52,-1.2560000000000007,-5.0,6.5,0.2,2.5,0.08,1.5,2.4,0.0,12.0,5.0,1.0,0.8,0.0,1.4,0.45,0.35,0.2,0.35,0.2,0.4,7.0,5.4,base_grid
incentive_only,Incentive-only,none,5.4,-5.0,-24.299999999999997,-8.045,5.4,12.52,-0.20600000000000004,-5.0,6.5,0.2,2.5,0.08,1.5,2.4,0.0,15.0,5.0,1.0,0.8,0.0,1.4,0.45,0.35,0.2,0.35,0.2,0.4,7.0,5.4,base_grid
incentive_only,Incentive-only,none,5.4,-5.0,-25.099999999999998,-8.325,5.4,6.52,-2.306,-5.0,6.5,0.2,3.5,0.08,1.5,2.4,0.0,9.0,5.0,1.0,0.8,0.0,1.4,0.45,0.35,0.2,0.35,0.2,0.4,7.0,5.4,base_grid
incentive_only,Incentive-only,none,5.4,-5.0,-25.099999999999998,-8.325,5.4,9.52,-1.2560000000000007,-5.0,6.5,0.2,3.5,0.08,1.5,2.4,0.0,12.0,5.0,1.0,0.8,0.0,1.4,0.45,0.35,0.2,0.35,0.2,0.4,7.0,5.4,base_grid
incentive_only,Incentive-only,none,5.4,-5.0,-25.099999999999998,-8.325,5.4,12.52,-0.20600000000000004,-5.0,6.5,0.2,3.5,0.08,1.5,2.4,0.0,15.0,5.0,1.0,0.8,0.0,1.4,0.45,0.35,0.2,0.35,0.2,0.4,7.0,5.4,base_grid
incentive_only,Incentive-only,none,5.4,-5.0,-30.199999999999996,-10.86,5.4,6.52,-2.306,-5.0,8.0,0.2,0.5,0.08,1.5,2.4,0.0,9.0,5.0,1.0,0.8,0.0,1.4,0.45,0.35,0.2,0.35,0.2,0.4,7.0,5.4,base_grid
incentive_only,Incentive-only,none,5.4,-5.0,-30.199999999999996,-10.86,5.4,9.52,-1.2560000000000007,-5.0,8.0,0.2,0.5,0.08,1.5,2.4,0.0,12.0,5.0,1.0,0.8,0.0,1.4,0.45,0.35,0.2,0.35,0.2,0.4,7.0,5.4,base_grid
incentive_only,Incentive-only,none,5.4,-5.0,-30.199999999999996,-10.86,5.4,12.52,-0.20600000000000004,-5.0,8.0,0.2,0.5,0.08,1.5,2.4,0.0,15.0,5.0,1.0,0.8,0.0,1.4,0.45,0.35,0.2,0.35,0.2,0.4,7.0,5.4,base_grid
incentive_only,Incentive-only,none,5.4,-5.0,-30.999999999999996,-11.139999999999999,5.4,6.52,-2.306,-5.0,8.0,0.2,1.5,0.08,1.5,2.4,0.0,9.0,5.0,1.0,0.8,0.0,1.4,0.45,0.35,0.2,0.35,0.2,0.4,7.0,5.4,base_grid
incentive_only,Incentive-only,none,5.4,-5.0,-30.999999999999996,-11.139999999999999,5.4,9.52,-1.2560000000000007,-5.0,8.0,0.2,1.5,0.08,1.5,2.4,0.0,12.0,5.0,1.0,0.8,0.0,1.4,0.45,0.35,0.2,0.35,0.2,0.4,7.0,5.4,base_grid
incentive_only,Incentive-only,none,5.4,-5.0,-30.999999999999996,-11.139999999999999,5.4,12.52,-0.20600000000000004,-5.0,8.0,0.2,1.5,0.08,1.5,2.4,0.0,15.0,5.0,1.0,0.8,0.0,1.4,0.45,0.35,0.2,0.35,0.2,0.4,7.0,5.4,base_grid
incentive_only,Incentive-only,none,5.4,-5.0,-31.799999999999997,-11.419999999999998,5.4,6.52,-2.306,-5.0,8.0,0.2,2.5,0.08,1.5,2.4,0.0,9.0,5.0,1.0,0.8,0.0,1.4,0.45,0.35,0.2,0.35,0.2,0.4,7.0,5.4,base_grid
incentive_only,Incentive-only,none,5.4,-5.0,-31.799999999999997,-11.419999999999998,5.4,9.52,-1.2560000000000007,-5.0,8.0,0.2,2.5,0.08,1.5,2.4,0.0,12.0,5.0,1.0,0.8,0.0,1.4,0.45,0.35,0.2,0.35,0.2,0.4,7.0,5.4,base_grid
incentive_only,Incentive-only,none,5.4,-5.0,-31.799999999999997,-11.419999999999998,5.4,12.52,-0.20600000000000004,-5.0,8.0,0.2,2.5,0.08,1.5,2.4,0.0,15.0,5.0,1.0,0.8,0.0,1.4,0.45,0.35,0.2,0.35,0.2,0.4,7.0,5.4,base_grid
incentive_only,Incentive-only,none,5.4,-5.0,-32.599999999999994,-11.7,5.4,6.52,-2.306,-5.0,8.0,0.2,3.5,0.08,1.5,2.4,0.0,9.0,5.0,1.0,0.8,0.0,1.4,0.45,0.35,0.2,0.35,0.2,0.4,7.0,5.4,base_grid
incentive_only,Incentive-only,none,5.4,-5.0,-32.599999999999994,-11.7,5.4,9.52,-1.2560000000000007,-5.0,8.0,0.2,3.5,0.08,1.5,2.4,0.0,12.0,5.0,1.0,0.8,0.0,1.4,0.45,0.35,0.2,0.35,0.2,0.4,7.0,5.4,base_grid
incentive_only,Incentive-only,none,5.4,-5.0,-32.599999999999994,-11.7,5.4,12.52,-0.20600000000000004,-5.0,8.0,0.2,3.5,0.08,1.5,2.4,0.0,15.0,5.0,1.0,0.8,0.0,1.4,0.45,0.35,0.2,0.35,0.2,0.4,7.0,5.4,base_grid
incentive_only,Incentive-only,none,5.4,-5.0,1.0500000000000012,3.2025,5.4,6.52,-2.306,-5.0,3.5,0.4,0.5,0.08,1.5,2.4,0.0,9.0,5.0,1.0,0.8,0.0,1.4,0.45,0.35,0.2,0.35,0.2,0.4,7.0,5.4,base_grid
incentive_only,Incentive-only,none,5.4,-5.0,1.0500000000000012,3.2025,5.4,9.52,-1.2560000000000007,-5.0,3.5,0.4,0.5,0.08,1.5,2.4,0.0,12.0,5.0,1.0,0.8,0.0,1.4,0.45,0.35,0.2,0.35,0.2,0.4,7.0,5.4,base_grid
incentive_only,Incentive-only,none,5.4,-5.0,1.0500000000000012,3.2025,5.4,12.52,-0.20600000000000004,-5.0,3.5,0.4,0.5,0.08,1.5,2.4,0.0,15.0,5.0,1.0,0.8,0.0,1.4,0.45,0.35,0.2,0.35,0.2,0.4,7.0,5.4,base_grid
incentive_only,Incentive-only,none,5.4,-5.0,0.2500000000000009,2.9225000000000003,5.4,6.52,-2.306,-5.0,3.5,0.4,1.5,0.08,1.5,2.4,0.0,9.0,5.0,1.0,0.8,0.0,1.4,0.45,0.35,0.2,0.35,0.2,0.4,7.0,5.4,base_grid
incentive_only,Incentive-only,none,5.4,-5.0,0.2500000000000009,2.9225000000000003,5.4,9.52,-1.2560000000000007,-5.0,3.5,0.4,1.5,0.08,1.5,2.4,0.0,12.0,5.0,1.0,0.8,0.0,1.4,0.45,0.35,0.2,0.35,0.2,0.4,7.0,5.4,base_grid
incentive_only,Incentive-only,none,5.4,-5.0,0.2500000000000009,2.9225000000000003,5.4,12.52,-0.20600000000000004,-5.0,3.5,0.4,1.5,0.08,1.5,2.4,0.0,15.0,5.0,1.0,0.8,0.0,1.4,0.45,0.35,0.2,0.35,0.2,0.4,7.0,5.4,base_grid
incentive_only,Incentive-only,none,5.4,-5.0,-0.5499999999999989,2.6425,5.4,6.52,-2.306,-5.0,3.5,0.4,2.5,0.08,1.5,2.4,0.0,9.0,5.0,1.0,0.8,0.0,1.4,0.45,0.35,0.2,0.35,0.2,0.4,7.0,5.4,base_grid
incentive_only,Incentive-only,none,5.4,-5.0,-0.5499999999999989,2.6425,5.4,9.52,-1.2560000000000007,-5.0,3.5,0.4,2.5,0.08,1.5,2.4,0.0,12.0,5.0,1.0,0.8,0.0,1.4,0.45,0.35,0.2,0.35,0.2,0.4,7.0,5.4,base_grid
incentive_only,Incentive-only,none,5.4,-5.0,-0.5499999999999989,2.6425,5.4,12.52,-0.20600000000000004,-5.0,3.5,0.4,2.5,0.08,1.5,2.4,0.0,15.0,5.0,1.0,0.8,0.0,1.4,0.45,0.35,0.2,0.35,0.2,0.4,7.0,5.4,base_grid
incentive_only,Incentive-only,none,5.4,-5.0,-1.3499999999999992,2.3625000000000003,5.4,6.52,-2.306,-5.0,3.5,0.4,3.5,0.08,1.5,2.4,0.0,9.0,5.0,1.0,0.8,0.0,1.4,0.45,0.35,0.2,0.35,0.2,0.4,7.0,5.4,base_grid
incentive_only,Incentive-only,none,5.4,-5.0,-1.3499999999999992,2.3625000000000003,5.4,9.52,-1.2560000000000007,-5.0,3.5,0.4,3.5,0.08,1.5,2.4,0.0,12.0,5.0,1.0,0.8,0.0,1.4,0.45,0.35,0.2,0.35,0.2,0.4,7.0,5.4,base_grid
incentive_only,Incentive-only,none,5.4,-5.0,-1.3499999999999992,2.3625000000000003,5.4,12.52,-0.20600000000000004,-5.0,3.5,0.4,3.5,0.08,1.5,2.4,0.0,15.0,5.0,1.0,0.8,0.0,1.4,0.45,0.35,0.2,0.35,0.2,0.4,7.0,5.4,base_grid
incentive_only,Incentive-only,none,5.4,-5.0,-2.699999999999999,1.5150000000000003,5.4,6.52,-2.306,-5.0,5.0,0.4,0.5,0.08,1.5,2.4,0.0,9.0,5.0,1.0,0.8,0.0,1.4,0.45,0.35,0.2,0.35,0.2,0.4,7.0,5.4,base_grid
incentive_only,Incentive-only,none,5.4,-5.0,-2.699999999999999,1.5150000000000003,5.4,9.52,-1.2560000000000007,-5.0,5.0,0.4,0.5,0.08,1.5,2.4,0.0,12.0,5.0,1.0,0.8,0.0,1.4,0.45,0.35,0.2,0.35,0.2,0.4,7.0,5.4,base_grid
incentive_only,Incentive-only,none,5.4,-5.0,-2.699999999999999,1.5150000000000003,5.4,12.52,-0.20600000000000004,-5.0,5.0,0.4,0.5,0.08,1.5,2.4,0.0,15.0,5.0,1.0,0.8,0.0,1.4,0.45,0.35,0.2,0.35,0.2,0.4,7.0,5.4,base_grid
incentive_only,Incentive-only,none,5.4,-5.0,-3.499999999999999,1.2350000000000003,5.4,6.52,-2.306,-5.0,5.0,0.4,1.5,0.08,1.5,2.4,0.0,9.0,5.0,1.0,0.8,0.0,1.4,0.45,0.35,0.2,0.35,0.2,0.4,7.0,5.4,base_grid
incentive_only,Incentive-only,none,5.4,-5.0,-3.499999999999999,1.2350000000000003,5.4,9.52,-1.2560000000000007,-5.0,5.0,0.4,1.5,0.08,1.5,2.4,0.0,12.0,5.0,1.0,0.8,0.0,1.4,0.45,0.35,0.2,0.35,0.2,0.4,7.0,5.4,base_grid
incentive_only,Incentive-only,none,5.4,-5.0,-3.499999999999999,1.2350000000000003,5.4,12.52,-0.20600000000000004,-5.0,5.0,0.4,1.5,0.08,1.5,2.4,0.0,15.0,5.0,1.0,0.8,0.0,1.4,0.45,0.35,0.2,0.35,0.2,0.4,7.0,5.4,base_grid
incentive_only,Incentive-only,none,5.4,-5.0,-4.299999999999999,0.9550000000000003,5.4,6.52,-2.306,-5.0,5.0,0.4,2.5,0.08,1.5,2.4,0.0,9.0,5.0,1.0,0.8,0.0,1.4,0.45,0.35,0.2,0.35,0.2,0.4,7.0,5.4,base_grid
incentive_only,Incentive-only,none,5.4,-5.0,-4.299999999999999,0.9550000000000003,5.4,9.52,-1.2560000000000007,-5.0,5.0,0.4,2.5,0.08,1.5,2.4,0.0,12.0,5.0,1.0,0.8,0.0,1.4,0.45,0.35,0.2,0.35,0.2,0.4,7.0,5.4,base_grid
incentive_only,Incentive-only,none,5.4,-5.0,-4.299999999999999,0.9550000000000003,5.4,12.52,-0.20600000000000004,-5.0,5.0,0.4,2.5,0.08,1.5,2.4,0.0,15.0,5.0,1.0,0.8,0.0,1.4,0.45,0.35,0.2,0.35,0.2,0.4,7.0,5.4,base_grid
incentive_only,Incentive-only,none,5.4,-5.0,-5.1,0.6750000000000003,5.4,6.52,-2.306,-5.0,5.0,0.4,3.5,0.08,1.5,2.4,0.0,9.0,5.0,1.0,0.8,0.0,1.4,0.45,0.35,0.2,0.35,0.2,0.4,7.0,5.4,base_grid
incentive_only,Incentive-only,none,5.4,-5.0,-5.1,0.6750000000000003,5.4,9.52,-1.2560000000000007,-5.0,5.0,0.4,3.5,0.08,1.5,2.4,0.0,12.0,5.0,1.0,0.8,0.0,1.4,0.45,0.35,0.2,0.35,0.2,0.4,7.0,5.4,base_grid
incentive_only,Incentive-only,none,5.4,-5.0,-5.1,0.6750000000000003,5.4,12.52,-0.20600000000000004,-5.0,5.0,0.4,3.5,0.08,1.5,2.4,0.0,15.0,5.0,1.0,0.8,0.0,1.4,0.45,0.35,0.2,0.35,0.2,0.4,7.0,5.4,base_grid
incentive_only,Incentive-only,none,5.4,-5.0,-6.449999999999999,-0.17249999999999963,5.4,6.52,-2.306,-5.0,6.5,0.4,0.5,0.08,1.5,2.4,0.0,9.0,5.0,1.0,0.8,0.0,1.4,0.45,0.35,0.2,0.35,0.2,0.4,7.0,5.4,base_grid
incentive_only,Incentive-only,none,5.4,-5.0,-6.449999999999999,-0.17249999999999963,5.4,9.52,-1.2560000000000007,-5.0,6.5,0.4,0.5,0.08,1.5,2.4,0.0,12.0,5.0,1.0,0.8,0.0,1.4,0.45,0.35,0.2,0.35,0.2,0.4,7.0,5.4,base_grid
incentive_only,Incentive-only,none,5.4,-5.0,-6.449999999999999,-0.17249999999999963,5.4,12.52,-0.20600000000000004,-5.0,6.5,0.4,0.5,0.08,1.5,2.4,0.0,15.0,5.0,1.0,0.8,0.0,1.4,0.45,0.35,0.2,0.35,0.2,0.4,7.0,5.4,base_grid
incentive_only,Incentive-only,none,5.4,-5.0,-7.249999999999999,-0.4524999999999997,5.4,6.52,-2.306,-5.0,6.5,0.4,1.5,0.08,1.5,2.4,0.0,9.0,5.0,1.0,0.8,0.0,1.4,0.45,0.35,0.2,0.35,0.2,0.4,7.0,5.4,base_grid
incentive_only,Incentive-only,none,5.4,-5.0,-7.249999999999999,-0.4524999999999997,5.4,9.52,-1.2560000000000007,-5.0,6.5,0.4,1.5,0.08,1.5,2.4,0.0,12.0,5.0,1.0,0.8,0.0,1.4,0.45,0.35,0.2,0.35,0.2,0.4,7.0,5.4,base_grid
incentive_only,Incentive-only,none,5.4,-5.0,-7.249999999999999,-0.4524999999999997,5.4,12.52,-0.20600000000000004,-5.0,6.5,0.4,1.5,0.08,1.5,2.4,0.0,15.0,5.0,1.0,0.8,0.0,1.4,0.45,0.35,0.2,0.35,0.2,0.4,7.0,5.4,base_grid
incentive_only,Incentive-only,none,5.4,-5.0,-8.049999999999999,-0.7324999999999996,5.4,6.52,-2.306,-5.0,6.5,0.4,2.5,0.08,1.5,2.4,0.0,9.0,5.0,1.0,0.8,0.0,1.4,0.45,0.35,0.2,0.35,0.2,0.4,7.0,5.4,base_grid
incentive_only,Incentive-only,none,5.4,-5.0,-8.049999999999999,-0.7324999999999996,5.4,9.52,-1.2560000000000007,-5.0,6.5,0.4,2.5,0.08,1.5,2.4,0.0,12.0,5.0,1.0,0.8,0.0,1.4,0.45,0.35,0.2,0.35,0.2,0.4,7.0,5.4,base_grid
incentive_only,Incentive-only,none,5.4,-5.0,-8.049999999999999,-0.7324999999999996,5.4,12.52,-0.20600000000000004,-5.0,6.5,0.4,2.5,0.08,1.5,2.4,0.0,15.0,5.0,1.0,0.8,0.0,1.4,0.45,0.35,0.2,0.35,0.2,0.4,7.0,5.4,base_grid
incentive_only,Incentive-only,none,5.4,-5.0,-8.85,-1.0124999999999997,5.4,6.52,-2.306,-5.0,6.5,0.4,3.5,0.08,1.5,2.4,0.0,9.0,5.0,1.0,0.8,0.0,1.4,0.45,0.35,0.2,0.35,0.2,0.4,7.0,5.4,base_grid
incentive_only,Incentive-only,none,5.4,-5.0,-8.85,-1.0124999999999997,5.4,9.52,-1.2560000000000007,-5.0,6.5,0.4,3.5,0.08,1.5,2.4,0.0,12.0,5.0,1.0,0.8,0.0,1.4,0.45,0.35,0.2,0.35,0.2,0.4,7.0,5.4,base_grid
incentive_only,Incentive-only,none,5.4,-5.0,-8.85,-1.0124999999999997,5.4,12.52,-0.20600000000000004,-5.0,6.5,0.4,3.5,0.08,1.5,2.4,0.0,15.0,5.0,1.0,0.8,0.0,1.4,0.45,0.35,0.2,0.35,0.2,0.4,7.0,5.4,base_grid
incentive_only,Incentive-only,none,5.4,-5.0,-10.2,-1.8599999999999997,5.4,6.52,-2.306,-5.0,8.0,0.4,0.5,0.08,1.5,2.4,0.0,9.0,5.0,1.0,0.8,0.0,1.4,0.45,0.35,0.2,0.35,0.2,0.4,7.0,5.4,base_grid
incentive_only,Incentive-only,none,5.4,-5.0,-10.2,-1.8599999999999997,5.4,9.52,-1.2560000000000007,-5.0,8.0,0.4,0.5,0.08,1.5,2.4,0.0,12.0,5.0,1.0,0.8,0.0,1.4,0.45,0.35,0.2,0.35,0.2,0.4,7.0,5.4,base_grid
incentive_only,Incentive-only,none,5.4,-5.0,-10.2,-1.8599999999999997,5.4,12.52,-0.20600000000000004,-5.0,8.0,0.4,0.5,0.08,1.5,2.4,0.0,15.0,5.0,1.0,0.8,0.0,1.4,0.45,0.35,0.2,0.35,0.2,0.4,7.0,5.4,base_grid
incentive_only,Incentive-only,none,5.4,-5.0,-11.0,-2.1399999999999997,5.4,6.52,-2.306,-5.0,8.0,0.4,1.5,0.08,1.5,2.4,0.0,9.0,5.0,1.0,0.8,0.0,1.4,0.45,0.35,0.2,0.35,0.2,0.4,7.0,5.4,base_grid
incentive_only,Incentive-only,none,5.4,-5.0,-11.0,-2.1399999999999997,5.4,9.52,-1.2560000000000007,-5.0,8.0,0.4,1.5,0.08,1.5,2.4,0.0,12.0,5.0,1.0,0.8,0.0,1.4,0.45,0.35,0.2,0.35,0.2,0.4,7.0,5.4,base_grid
incentive_only,Incentive-only,none,5.4,-5.0,-11.0,-2.1399999999999997,5.4,12.52,-0.20600000000000004,-5.0,8.0,0.4,1.5,0.08,1.5,2.4,0.0,15.0,5.0,1.0,0.8,0.0,1.4,0.45,0.35,0.2,0.35,0.2,0.4,7.0,5.4,base_grid
incentive_only,Incentive-only,none,5.4,-5.0,-11.799999999999999,-2.42,5.4,6.52,-2.306,-5.0,8.0,0.4,2.5,0.08,1.5,2.4,0.0,9.0,5.0,1.0,0.8,0.0,1.4,0.45,0.35,0.2,0.35,0.2,0.4,7.0,5.4,base_grid
incentive_only,Incentive-only,none,5.4,-5.0,-11.799999999999999,-2.42,5.4,9.52,-1.2560000000000007,-5.0,8.0,0.4,2.5,0.08,1.5,2.4,0.0,12.0,5.0,1.0,0.8,0.0,1.4,0.45,0.35,0.2,0.35,0.2,0.4,7.0,5.4,base_grid
incentive_only,Incentive-only,none,5.4,-5.0,-11.799999999999999,-2.42,5.4,12.52,-0.20600000000000004,-5.0,8.0,0.4,2.5,0.08,1.5,2.4,0.0,15.0,5.0,1.0,0.8,0.0,1.4,0.45,0.35,0.2,0.35,0.2,0.4,7.0,5.4,base_grid
incentive_only,Incentive-only,none,5.4,-5.0,-12.6,-2.6999999999999997,5.4,6.52,-2.306,-5.0,8.0,0.4,3.5,0.08,1.5,2.4,0.0,9.0,5.0,1.0,0.8,0.0,1.4,0.45,0.35,0.2,0.35,0.2,0.4,7.0,5.4,base_grid
incentive_only,Incentive-only,none,5.4,-5.0,-12.6,-2.6999999999999997,5.4,9.52,-1.2560000000000007,-5.0,8.0,0.4,3.5,0.08,1.5,2.4,0.0,12.0,5.0,1.0,0.8,0.0,1.4,0.45,0.35,0.2,0.35,0.2,0.4,7.0,5.4,base_grid
incentive_only,Incentive-only,none,5.4,-5.0,-12.6,-2.6999999999999997,5.4,12.52,-0.20600000000000004,-5.0,8.0,0.4,3.5,0.08,1.5,2.4,0.0,15.0,5.0,1.0,0.8,0.0,1.4,0.45,0.35,0.2,0.35,0.2,0.4,7.0,5.4,base_grid
incentive_only,Incentive-only,none,5.4,-5.0,3.9666666666666672,4.515000000000001,5.4,6.52,-2.306,-5.0,3.5,0.6,0.5,0.08,1.5,2.4,0.0,9.0,5.0,1.0,0.8,0.0,1.4,0.45,0.35,0.2,0.35,0.2,0.4,7.0,5.4,base_grid
incentive_only,Incentive-only,none,5.4,-5.0,3.9666666666666672,4.515000000000001,5.4,9.52,-1.2560000000000007,-5.0,3.5,0.6,0.5,0.08,1.5,2.4,0.0,12.0,5.0,1.0,0.8,0.0,1.4,0.45,0.35,0.2,0.35,0.2,0.4,7.0,5.4,base_grid
incentive_only,Incentive-only,none,5.4,-5.0,3.9666666666666672,4.515000000000001,5.4,12.52,-0.20600000000000004,-5.0,3.5,0.6,0.5,0.08,1.5,2.4,0.0,15.0,5.0,1.0,0.8,0.0,1.4,0.45,0.35,0.2,0.35,0.2,0.4,7.0,5.4,base_grid
incentive_only,Incentive-only,none,5.4,-5.0,3.166666666666667,4.235,5.4,6.52,-2.306,-5.0,3.5,0.6,1.5,0.08,1.5,2.4,0.0,9.0,5.0,1.0,0.8,0.0,1.4,0.45,0.35,0.2,0.35,0.2,0.4,7.0,5.4,base_grid
incentive_only,Incentive-only,none,5.4,-5.0,3.166666666666667,4.235,5.4,9.52,-1.2560000000000007,-5.0,3.5,0.6,1.5,0.08,1.5,2.4,0.0,12.0,5.0,1.0,0.8,0.0,1.4,0.45,0.35,0.2,0.35,0.2,0.4,7.0,5.4,base_grid
incentive_only,Incentive-only,none,5.4,-5.0,3.166666666666667,4.235,5.4,12.52,-0.20600000000000004,-5.0,3.5,0.6,1.5,0.08,1.5,2.4,0.0,15.0,5.0,1.0,0.8,0.0,1.4,0.45,0.35,0.2,0.35,0.2,0.4,7.0,5.4,base_grid
incentive_only,Incentive-only,none,5.4,-5.0,2.366666666666667,3.955,5.4,6.52,-2.306,-5.0,3.5,0.6,2.5,0.08,1.5,2.4,0.0,9.0,5.0,1.0,0.8,0.0,1.4,0.45,0.35,0.2,0.35,0.2,0.4,7.0,5.4,base_grid
incentive_only,Incentive-only,none,5.4,-5.0,2.366666666666667,3.955,5.4,9.52,-1.2560000000000007,-5.0,3.5,0.6,2.5,0.08,1.5,2.4,0.0,12.0,5.0,1.0,0.8,0.0,1.4,0.45,0.35,0.2,0.35,0.2,0.4,7.0,5.4,base_grid
incentive_only,Incentive-only,none,5.4,-5.0,2.366666666666667,3.955,5.4,12.52,-0.20600000000000004,-5.0,3.5,0.6,2.5,0.08,1.5,2.4,0.0,15.0,5.0,1.0,0.8,0.0,1.4,0.45,0.35,0.2,0.35,0.2,0.4,7.0,5.4,base_grid
incentive_only,Incentive-only,none,5.4,-5.0,1.5666666666666669,3.6750000000000003,5.4,6.52,-2.306,-5.0,3.5,0.6,3.5,0.08,1.5,2.4,0.0,9.0,5.0,1.0,0.8,0.0,1.4,0.45,0.35,0.2,0.35,0.2,0.4,7.0,5.4,base_grid
incentive_only,Incentive-only,none,5.4,-5.0,1.5666666666666669,3.6750000000000003,5.4,9.52,-1.2560000000000007,-5.0,3.5,0.6,3.5,0.08,1.5,2.4,0.0,12.0,5.0,1.0,0.8,0.0,1.4,0.45,0.35,0.2,0.35,0.2,0.4,7.0,5.4,base_grid
incentive_only,Incentive-only,none,5.4,-5.0,1.5666666666666669,3.6750000000000003,5.4,12.52,-0.20600000000000004,-5.0,3.5,0.6,3.5,0.08,1.5,2.4,0.0,15.0,5.0,1.0,0.8,0.0,1.4,0.45,0.35,0.2,0.35,0.2,0.4,7.0,5.4,base_grid
incentive_only,Incentive-only,none,5.4,-5.0,1.4666666666666672,3.3899999999999997,5.4,6.52,-2.306,-5.0,5.0,0.6,0.5,0.08,1.5,2.4,0.0,9.0,5.0,1.0,0.8,0.0,1.4,0.45,0.35,0.2,0.35,0.2,0.4,7.0,5.4,base_grid
incentive_only,Incentive-only,none,5.4,-5.0,1.4666666666666672,3.3899999999999997,5.4,9.52,-1.2560000000000007,-5.0,5.0,0.6,0.5,0.08,1.5,2.4,0.0,12.0,5.0,1.0,0.8,0.0,1.4,0.45,0.35,0.2,0.35,0.2,0.4,7.0,5.4,base_grid
incentive_only,Incentive-only,none,5.4,-5.0,1.4666666666666672,3.3899999999999997,5.4,12.52,-0.20600000000000004,-5.0,5.0,0.6,0.5,0.08,1.5,2.4,0.0,15.0,5.0,1.0,0.8,0.0,1.4,0.45,0.35,0.2,0.35,0.2,0.4,7.0,5.4,base_grid
incentive_only,Incentive-only,none,5.4,-5.0,0.666666666666667,3.11,5.4,6.52,-2.306,-5.0,5.0,0.6,1.5,0.08,1.5,2.4,0.0,9.0,5.0,1.0,0.8,0.0,1.4,0.45,0.35,0.2,0.35,0.2,0.4,7.0,5.4,base_grid
incentive_only,Incentive-only,none,5.4,-5.0,0.666666666666667,3.11,5.4,9.52,-1.2560000000000007,-5.0,5.0,0.6,1.5,0.08,1.5,2.4,0.0,12.0,5.0,1.0,0.8,0.0,1.4,0.45,0.35,0.2,0.35,0.2,0.4,7.0,5.4,base_grid
incentive_only,Incentive-only,none,5.4,-5.0,0.666666666666667,3.11,5.4,12.52,-0.20600000000000004,-5.0,5.0,0.6,1.5,0.08,1.5,2.4,0.0,15.0,5.0,1.0,0.8,0.0,1.4,0.45,0.35,0.2,0.35,0.2,0.4,7.0,5.4,base_grid
incentive_only,Incentive-only,none,5.4,-5.0,-0.13333333333333286,2.83,5.4,6.52,-2.306,-5.0,5.0,0.6,2.5,0.08,1.5,2.4,0.0,9.0,5.0,1.0,0.8,0.0,1.4,0.45,0.35,0.2,0.35,0.2,0.4,7.0,5.4,base_grid
incentive_only,Incentive-only,none,5.4,-5.0,-0.13333333333333286,2.83,5.4,9.52,-1.2560000000000007,-5.0,5.0,0.6,2.5,0.08,1.5,2.4,0.0,12.0,5.0,1.0,0.8,0.0,1.4,0.45,0.35,0.2,0.35,0.2,0.4,7.0,5.4,base_grid
incentive_only,Incentive-only,none,5.4,-5.0,-0.13333333333333286,2.83,5.4,12.52,-0.20600000000000004,-5.0,5.0,0.6,2.5,0.08,1.5,2.4,0.0,15.0,5.0,1.0,0.8,0.0,1.4,0.45,0.35,0.2,0.35,0.2,0.4,7.0,5.4,base_grid
incentive_only,Incentive-only,none,5.4,-5.0,-0.9333333333333331,2.55,5.4,6.52,-2.306,-5.0,5.0,0.6,3.5,0.08,1.5,2.4,0.0,9.0,5.0,1.0,0.8,0.0,1.4,0.45,0.35,0.2,0.35,0.2,0.4,7.0,5.4,base_grid
incentive_only,Incentive-only,none,5.4,-5.0,-0.9333333333333331,2.55,5.4,9.52,-1.2560000000000007,-5.0,5.0,0.6,3.5,0.08,1.5,2.4,0.0,12.0,5.0,1.0,0.8,0.0,1.4,0.45,0.35,0.2,0.35,0.2,0.4,7.0,5.4,base_grid
incentive_only,Incentive-only,none,5.4,-5.0,-0.9333333333333331,2.55,5.4,12.52,-0.20600000000000004,-5.0,5.0,0.6,3.5,0.08,1.5,2.4,0.0,15.0,5.0,1.0,0.8,0.0,1.4,0.45,0.35,0.2,0.35,0.2,0.4,7.0,5.4,base_grid
incentive_only,Incentive-only,none,5.4,-5.0,-1.0333333333333328,2.265,5.4,6.52,-2.306,-5.0,6.5,0.6,0.5,0.08,1.5,2.4,0.0,9.0,5.0,1.0,0.8,0.0,1.4,0.45,0.35,0.2,0.35,0.2,0.4,7.0,5.4,base_grid
incentive_only,Incentive-only,none,5.4,-5.0,-1.0333333333333328,2.265,5.4,9.52,-1.2560000000000007,-5.0,6.5,0.6,0.5,0.08,1.5,2.4,0.0,12.0,5.0,1.0,0.8,0.0,1.4,0.45,0.35,0.2,0.35,0.2,0.4,7.0,5.4,base_grid
incentive_only,Incentive-only,none,5.4,-5.0,-1.0333333333333328,2.265,5.4,12.52,-0.20600000000000004,-5.0,6.5,0.6,0.5,0.08,1.5,2.4,0.0,15.0,5.0,1.0,0.8,0.0,1.4,0.45,0.35,0.2,0.35,0.2,0.4,7.0,5.4,base_grid
incentive_only,Incentive-only,none,5.4,-5.0,-1.833333333333333,1.9850000000000003,5.4,6.52,-2.306,-5.0,6.5,0.6,1.5,0.08,1.5,2.4,0.0,9.0,5.0,1.0,0.8,0.0,1.4,0.45,0.35,0.2,0.35,0.2,0.4,7.0,5.4,base_grid
incentive_only,Incentive-only,none,5.4,-5.0,-1.833333333333333,1.9850000000000003,5.4,9.52,-1.2560000000000007,-5.0,6.5,0.6,1.5,0.08,1.5,2.4,0.0,12.0,5.0,1.0,0.8,0.0,1.4,0.45,0.35,0.2,0.35,0.2,0.4,7.0,5.4,base_grid
incentive_only,Incentive-only,none,5.4,-5.0,-1.833333333333333,1.9850000000000003,5.4,12.52,-0.20600000000000004,-5.0,6.5,0.6,1.5,0.08,1.5,2.4,0.0,15.0,5.0,1.0,0.8,0.0,1.4,0.45,0.35,0.2,0.35,0.2,0.4,7.0,5.4,base_grid
incentive_only,Incentive-only,none,5.4,-5.0,-2.633333333333333,1.7050000000000003,5.4,6.52,-2.306,-5.0,6.5,0.6,2.5,0.08,1.5,2.4,0.0,9.0,5.0,1.0,0.8,0.0,1.4,0.45,0.35,0.2,0.35,0.2,0.4,7.0,5.4,base_grid
incentive_only,Incentive-only,none,5.4,-5.0,-2.633333333333333,1.7050000000000003,5.4,9.52,-1.2560000000000007,-5.0,6.5,0.6,2.5,0.08,1.5,2.4,0.0,12.0,5.0,1.0,0.8,0.0,1.4,0.45,0.35,0.2,0.35,0.2,0.4,7.0,5.4,base_grid
incentive_only,Incentive-only,none,5.4,-5.0,-2.633333333333333,1.7050000000000003,5.4,12.52,-0.20600000000000004,-5.0,6.5,0.6,2.5,0.08,1.5,2.4,0.0,15.0,5.0,1.0,0.8,0.0,1.4,0.45,0.35,0.2,0.35,0.2,0.4,7.0,5.4,base_grid
incentive_only,Incentive-only,none,5.4,-5.0,-3.433333333333333,1.4250000000000003,5.4,6.52,-2.306,-5.0,6.5,0.6,3.5,0.08,1.5,2.4,0.0,9.0,5.0,1.0,0.8,0.0,1.4,0.45,0.35,0.2,0.35,0.2,0.4,7.0,5.4,base_grid
incentive_only,Incentive-only,none,5.4,-5.0,-3.433333333333333,1.4250000000000003,5.4,9.52,-1.2560000000000007,-5.0,6.5,0.6,3.5,0.08,1.5,2.4,0.0,12.0,5.0,1.0,0.8,0.0,1.4,0.45,0.35,0.2,0.35,0.2,0.4,7.0,5.4,base_grid
incentive_only,Incentive-only,none,5.4,-5.0,-3.433333333333333,1.4250000000000003,5.4,12.52,-0.20600000000000004,-5.0,6.5,0.6,3.5,0.08,1.5,2.4,0.0,15.0,5.0,1.0,0.8,0.0,1.4,0.45,0.35,0.2,0.35,0.2,0.4,7.0,5.4,base_grid
incentive_only,Incentive-only,none,5.4,-5.0,-3.5333333333333328,1.1400000000000003,5.4,6.52,-2.306,-5.0,8.0,0.6,0.5,0.08,1.5,2.4,0.0,9.0,5.0,1.0,0.8,0.0,1.4,0.45,0.35,0.2,0.35,0.2,0.4,7.0,5.4,base_grid
incentive_only,Incentive-only,none,5.4,-5.0,-3.5333333333333328,1.1400000000000003,5.4,9.52,-1.2560000000000007,-5.0,8.0,0.6,0.5,0.08,1.5,2.4,0.0,12.0,5.0,1.0,0.8,0.0,1.4,0.45,0.35,0.2,0.35,0.2,0.4,7.0,5.4,base_grid
incentive_only,Incentive-only,none,5.4,-5.0,-3.5333333333333328,1.1400000000000003,5.4,12.52,-0.20600000000000004,-5.0,8.0,0.6,0.5,0.08,1.5,2.4,0.0,15.0,5.0,1.0,0.8,0.0,1.4,0.45,0.35,0.2,0.35,0.2,0.4,7.0,5.4,base_grid
incentive_only,Incentive-only,none,5.4,-5.0,-4.333333333333333,0.8600000000000002,5.4,6.52,-2.306,-5.0,8.0,0.6,1.5,0.08,1.5,2.4,0.0,9.0,5.0,1.0,0.8,0.0,1.4,0.45,0.35,0.2,0.35,0.2,0.4,7.0,5.4,base_grid
incentive_only,Incentive-only,none,5.4,-5.0,-4.333333333333333,0.8600000000000002,5.4,9.52,-1.2560000000000007,-5.0,8.0,0.6,1.5,0.08,1.5,2.4,0.0,12.0,5.0,1.0,0.8,0.0,1.4,0.45,0.35,0.2,0.35,0.2,0.4,7.0,5.4,base_grid
incentive_only,Incentive-only,none,5.4,-5.0,-4.333333333333333,0.8600000000000002,5.4,12.52,-0.20600000000000004,-5.0,8.0,0.6,1.5,0.08,1.5,2.4,0.0,15.0,5.0,1.0,0.8,0.0,1.4,0.45,0.35,0.2,0.35,0.2,0.4,7.0,5.4,base_grid
incentive_only,Incentive-only,none,5.4,-5.0,-5.133333333333333,0.5800000000000003,5.4,6.52,-2.306,-5.0,8.0,0.6,2.5,0.08,1.5,2.4,0.0,9.0,5.0,1.0,0.8,0.0,1.4,0.45,0.35,0.2,0.35,0.2,0.4,7.0,5.4,base_grid
incentive_only,Incentive-only,none,5.4,-5.0,-5.133333333333333,0.5800000000000003,5.4,9.52,-1.2560000000000007,-5.0,8.0,0.6,2.5,0.08,1.5,2.4,0.0,12.0,5.0,1.0,0.8,0.0,1.4,0.45,0.35,0.2,0.35,0.2,0.4,7.0,5.4,base_grid
incentive_only,Incentive-only,none,5.4,-5.0,-5.133333333333333,0.5800000000000003,5.4,12.52,-0.20600000000000004,-5.0,8.0,0.6,2.5,0.08,1.5,2.4,0.0,15.0,5.0,1.0,0.8,0.0,1.4,0.45,0.35,0.2,0.35,0.2,0.4,7.0,5.4,base_grid
incentive_only,Incentive-only,none,5.4,-5.0,-5.933333333333334,0.30000000000000027,5.4,6.52,-2.306,-5.0,8.0,0.6,3.5,0.08,1.5,2.4,0.0,9.0,5.0,1.0,0.8,0.0,1.4,0.45,0.35,0.2,0.35,0.2,0.4,7.0,5.4,base_grid
incentive_only,Incentive-only,none,5.4,-5.0,-5.933333333333334,0.30000000000000027,5.4,9.52,-1.2560000000000007,-5.0,8.0,0.6,3.5,0.08,1.5,2.4,0.0,12.0,5.0,1.0,0.8,0.0,1.4,0.45,0.35,0.2,0.35,0.2,0.4,7.0,5.4,base_grid
incentive_only,Incentive-only,none,5.4,-5.0,-5.933333333333334,0.30000000000000027,5.4,12.52,-0.20600000000000004,-5.0,8.0,0.6,3.5,0.08,1.5,2.4,0.0,15.0,5.0,1.0,0.8,0.0,1.4,0.45,0.35,0.2,0.35,0.2,0.4,7.0,5.4,base_grid
incentive_only,Incentive-only,high,5.425000000000001,6.52,5.425000000000001,5.171250000000001,5.4,6.52,-2.306,-5.0,3.5,0.8,0.5,0.08,1.5,2.4,0.0,9.0,5.0,1.0,0.8,0.0,1.4,0.45,0.35,0.2,0.35,0.2,0.4,7.0,5.4,base_grid
incentive_only,Incentive-only,high,5.425000000000001,9.52,5.425000000000001,5.171250000000001,5.4,9.52,-1.2560000000000007,-5.0,3.5,0.8,0.5,0.08,1.5,2.4,0.0,12.0,5.0,1.0,0.8,0.0,1.4,0.45,0.35,0.2,0.35,0.2,0.4,7.0,5.4,base_grid
incentive_only,Incentive-only,high,5.425000000000001,12.52,5.425000000000001,5.171250000000001,5.4,12.52,-0.20600000000000004,-5.0,3.5,0.8,0.5,0.08,1.5,2.4,0.0,15.0,5.0,1.0,0.8,0.0,1.4,0.45,0.35,0.2,0.35,0.2,0.4,7.0,5.4,base_grid
incentive_only,Incentive-only,none,5.4,-5.0,4.625000000000001,4.89125,5.4,6.52,-2.306,-5.0,3.5,0.8,1.5,0.08,1.5,2.4,0.0,9.0,5.0,1.0,0.8,0.0,1.4,0.45,0.35,0.2,0.35,0.2,0.4,7.0,5.4,base_grid
incentive_only,Incentive-only,none,5.4,-5.0,4.625000000000001,4.89125,5.4,9.52,-1.2560000000000007,-5.0,3.5,0.8,1.5,0.08,1.5,2.4,0.0,12.0,5.0,1.0,0.8,0.0,1.4,0.45,0.35,0.2,0.35,0.2,0.4,7.0,5.4,base_grid
incentive_only,Incentive-only,none,5.4,-5.0,4.625000000000001,4.89125,5.4,12.52,-0.20600000000000004,-5.0,3.5,0.8,1.5,0.08,1.5,2.4,0.0,15.0,5.0,1.0,0.8,0.0,1.4,0.45,0.35,0.2,0.35,0.2,0.4,7.0,5.4,base_grid
incentive_only,Incentive-only,none,5.4,-5.0,3.825000000000001,4.61125,5.4,6.52,-2.306,-5.0,3.5,0.8,2.5,0.08,1.5,2.4,0.0,9.0,5.0,1.0,0.8,0.0,1.4,0.45,0.35,0.2,0.35,0.2,0.4,7.0,5.4,base_grid
incentive_only,Incentive-only,none,5.4,-5.0,3.825000000000001,4.61125,5.4,9.52,-1.2560000000000007,-5.0,3.5,0.8,2.5,0.08,1.5,2.4,0.0,12.0,5.0,1.0,0.8,0.0,1.4,0.45,0.35,0.2,0.35,0.2,0.4,7.0,5.4,base_grid
incentive_only,Incentive-only,none,5.4,-5.0,3.825000000000001,4.61125,5.4,12.52,-0.20600000000000004,-5.0,3.5,0.8,2.5,0.08,1.5,2.4,0.0,15.0,5.0,1.0,0.8,0.0,1.4,0.45,0.35,0.2,0.35,0.2,0.4,7.0,5.4,base_grid
incentive_only,Incentive-only,none,5.4,-5.0,3.025000000000001,4.331250000000001,5.4,6.52,-2.306,-5.0,3.5,0.8,3.5,0.08,1.5,2.4,0.0,9.0,5.0,1.0,0.8,0.0,1.4,0.45,0.35,0.2,0.35,0.2,0.4,7.0,5.4,base_grid
incentive_only,Incentive-only,none,5.4,-5.0,3.025000000000001,4.331250000000001,5.4,9.52,-1.2560000000000007,-5.0,3.5,0.8,3.5,0.08,1.5,2.4,0.0,12.0,5.0,1.0,0.8,0.0,1.4,0.45,0.35,0.2,0.35,0.2,0.4,7.0,5.4,base_grid
incentive_only,Incentive-only,none,5.4,-5.0,3.025000000000001,4.331250000000001,5.4,12.52,-0.20600000000000004,-5.0,3.5,0.8,3.5,0.08,1.5,2.4,0.0,15.0,5.0,1.0,0.8,0.0,1.4,0.45,0.35,0.2,0.35,0.2,0.4,7.0,5.4,base_grid
incentive_only,Incentive-only,none,5.4,-5.0,3.550000000000001,4.327500000000001,5.4,6.52,-2.306,-5.0,5.0,0.8,0.5,0.08,1.5,2.4,0.0,9.0,5.0,1.0,0.8,0.0,1.4,0.45,0.35,0.2,0.35,0.2,0.4,7.0,5.4,base_grid
incentive_only,Incentive-only,none,5.4,-5.0,3.550000000000001,4.327500000000001,5.4,9.52,-1.2560000000000007,-5.0,5.0,0.8,0.5,0.08,1.5,2.4,0.0,12.0,5.0,1.0,0.8,0.0,1.4,0.45,0.35,0.2,0.35,0.2,0.4,7.0,5.4,base_grid
incentive_only,Incentive-only,none,5.4,-5.0,3.550000000000001,4.327500000000001,5.4,12.52,-0.20600000000000004,-5.0,5.0,0.8,0.5,0.08,1.5,2.4,0.0,15.0,5.0,1.0,0.8,0.0,1.4,0.45,0.35,0.2,0.35,0.2,0.4,7.0,5.4,base_grid
incentive_only,Incentive-only,none,5.4,-5.0,2.750000000000001,4.0475,5.4,6.52,-2.306,-5.0,5.0,0.8,1.5,0.08,1.5,2.4,0.0,9.0,5.0,1.0,0.8,0.0,1.4,0.45,0.35,0.2,0.35,0.2,0.4,7.0,5.4,base_grid
incentive_only,Incentive-only,none,5.4,-5.0,2.750000000000001,4.0475,5.4,9.52,-1.2560000000000007,-5.0,5.0,0.8,1.5,0.08,1.5,2.4,0.0,12.0,5.0,1.0,0.8,0.0,1.4,0.45,0.35,0.2,0.35,0.2,0.4,7.0,5.4,base_grid
incentive_only,Incentive-only,none,5.4,-5.0,2.750000000000001,4.0475,5.4,12.52,-0.20600000000000004,-5.0,5.0,0.8,1.5,0.08,1.5,2.4,0.0,15.0,5.0,1.0,0.8,0.0,1.4,0.45,0.35,0.2,0.35,0.2,0.4,7.0,5.4,base_grid
incentive_only,Incentive-only,none,5.4,-5.0,1.950000000000001,3.7675,5.4,6.52,-2.306,-5.0,5.0,0.8,2.5,0.08,1.5,2.4,0.0,9.0,5.0,1.0,0.8,0.0,1.4,0.45,0.35,0.2,0.35,0.2,0.4,7.0,5.4,base_grid
incentive_only,Incentive-only,none,5.4,-5.0,1.950000000000001,3.7675,5.4,9.52,-1.2560000000000007,-5.0,5.0,0.8,2.5,0.08,1.5,2.4,0.0,12.0,5.0,1.0,0.8,0.0,1.4,0.45,0.35,0.2,0.35,0.2,0.4,7.0,5.4,base_grid
incentive_only,Incentive-only,none,5.4,-5.0,1.950000000000001,3.7675,5.4,12.52,-0.20600000000000004,-5.0,5.0,0.8,2.5,0.08,1.5,2.4,0.0,15.0,5.0,1.0,0.8,0.0,1.4,0.45,0.35,0.2,0.35,0.2,0.4,7.0,5.4,base_grid
incentive_only,Incentive-only,none,5.4,-5.0,1.1500000000000008,3.4875000000000003,5.4,6.52,-2.306,-5.0,5.0,0.8,3.5,0.08,1.5,2.4,0.0,9.0,5.0,1.0,0.8,0.0,1.4,0.45,0.35,0.2,0.35,0.2,0.4,7.0,5.4,base_grid
incentive_only,Incentive-only,none,5.4,-5.0,1.1500000000000008,3.4875000000000003,5.4,9.52,-1.2560000000000007,-5.0,5.0,0.8,3.5,0.08,1.5,2.4,0.0,12.0,5.0,1.0,0.8,0.0,1.4,0.45,0.35,0.2,0.35,0.2,0.4,7.0,5.4,base_grid
incentive_only,Incentive-only,none,5.4,-5.0,1.1500000000000008,3.4875000000000003,5.4,12.52,-0.20600000000000004,-5.0,5.0,0.8,3.5,0.08,1.5,2.4,0.0,15.0,5.0,1.0,0.8,0.0,1.4,0.45,0.35,0.2,0.35,0.2,0.4,7.0,5.4,base_grid
incentive_only,Incentive-only,none,5.4,-5.0,1.6750000000000012,3.48375,5.4,6.52,-2.306,-5.0,6.5,0.8,0.5,0.08,1.5,2.4,0.0,9.0,5.0,1.0,0.8,0.0,1.4,0.45,0.35,0.2,0.35,0.2,0.4,7.0,5.4,base_grid
incentive_only,Incentive-only,none,5.4,-5.0,1.6750000000000012,3.48375,5.4,9.52,-1.2560000000000007,-5.0,6.5,0.8,0.5,0.08,1.5,2.4,0.0,12.0,5.0,1.0,0.8,0.0,1.4,0.45,0.35,0.2,0.35,0.2,0.4,7.0,5.4,base_grid
incentive_only,Incentive-only,none,5.4,-5.0,1.6750000000000012,3.48375,5.4,12.52,-0.20600000000000004,-5.0,6.5,0.8,0.5,0.08,1.5,2.4,0.0,15.0,5.0,1.0,0.8,0.0,1.4,0.45,0.35,0.2,0.35,0.2,0.4,7.0,5.4,base_grid
incentive_only,Incentive-only,none,5.4,-5.0,0.8750000000000009,3.2037500000000003,5.4,6.52,-2.306,-5.0,6.5,0.8,1.5,0.08,1.5,2.4,0.0,9.0,5.0,1.0,0.8,0.0,1.4,0.45,0.35,0.2,0.35,0.2,0.4,7.0,5.4,base_grid
incentive_only,Incentive-only,none,5.4,-5.0,0.8750000000000009,3.2037500000000003,5.4,9.52,-1.2560000000000007,-5.0,6.5,0.8,1.5,0.08,1.5,2.4,0.0,12.0,5.0,1.0,0.8,0.0,1.4,0.45,0.35,0.2,0.35,0.2,0.4,7.0,5.4,base_grid
incentive_only,Incentive-only,none,5.4,-5.0,0.8750000000000009,3.2037500000000003,5.4,12.52,-0.20600000000000004,-5.0,6.5,0.8,1.5,0.08,1.5,2.4,0.0,15.0,5.0,1.0,0.8,0.0,1.4,0.45,0.35,0.2,0.35,0.2,0.4,7.0,5.4,base_grid
incentive_only,Incentive-only,none,5.4,-5.0,0.07500000000000107,2.92375,5.4,6.52,-2.306,-5.0,6.5,0.8,2.5,0.08,1.5,2.4,0.0,9.0,5.0,1.0,0.8,0.0,1.4,0.45,0.35,0.2,0.35,0.2,0.4,7.0,5.4,base_grid
incentive_only,Incentive-only,none,5.4,-5.0,0.07500000000000107,2.92375,5.4,9.52,-1.2560000000000007,-5.0,6.5,0.8,2.5,0.08,1.5,2.4,0.0,12.0,5.0,1.0,0.8,0.0,1.4,0.45,0.35,0.2,0.35,0.2,0.4,7.0,5.4,base_grid
incentive_only,Incentive-only,none,5.4,-5.0,0.07500000000000107,2.92375,5.4,12.52,-0.20600000000000004,-5.0,6.5,0.8,2.5,0.08,1.5,2.4,0.0,15.0,5.0,1.0,0.8,0.0,1.4,0.45,0.35,0.2,0.35,0.2,0.4,7.0,5.4,base_grid
incentive_only,Incentive-only,none,5.4,-5.0,-0.7249999999999992,2.6437500000000003,5.4,6.52,-2.306,-5.0,6.5,0.8,3.5,0.08,1.5,2.4,0.0,9.0,5.0,1.0,0.8,0.0,1.4,0.45,0.35,0.2,0.35,0.2,0.4,7.0,5.4,base_grid
incentive_only,Incentive-only,none,5.4,-5.0,-0.7249999999999992,2.6437500000000003,5.4,9.52,-1.2560000000000007,-5.0,6.5,0.8,3.5,0.08,1.5,2.4,0.0,12.0,5.0,1.0,0.8,0.0,1.4,0.45,0.35,0.2,0.35,0.2,0.4,7.0,5.4,base_grid
incentive_only,Incentive-only,none,5.4,-5.0,-0.7249999999999992,2.6437500000000003,5.4,12.52,-0.20600000000000004,-5.0,6.5,0.8,3.5,0.08,1.5,2.4,0.0,15.0,5.0,1.0,0.8,0.0,1.4,0.45,0.35,0.2,0.35,0.2,0.4,7.0,5.4,base_grid
incentive_only,Incentive-only,none,5.4,-5.0,-0.19999999999999896,2.64,5.4,6.52,-2.306,-5.0,8.0,0.8,0.5,0.08,1.5,2.4,0.0,9.0,5.0,1.0,0.8,0.0,1.4,0.45,0.35,0.2,0.35,0.2,0.4,7.0,5.4,base_grid
incentive_only,Incentive-only,none,5.4,-5.0,-0.19999999999999896,2.64,5.4,9.52,-1.2560000000000007,-5.0,8.0,0.8,0.5,0.08,1.5,2.4,0.0,12.0,5.0,1.0,0.8,0.0,1.4,0.45,0.35,0.2,0.35,0.2,0.4,7.0,5.4,base_grid
incentive_only,Incentive-only,none,5.4,-5.0,-0.19999999999999896,2.64,5.4,12.52,-0.20600000000000004,-5.0,8.0,0.8,0.5,0.08,1.5,2.4,0.0,15.0,5.0,1.0,0.8,0.0,1.4,0.45,0.35,0.2,0.35,0.2,0.4,7.0,5.4,base_grid
incentive_only,Incentive-only,none,5.4,-5.0,-0.9999999999999991,2.3600000000000003,5.4,6.52,-2.306,-5.0,8.0,0.8,1.5,0.08,1.5,2.4,0.0,9.0,5.0,1.0,0.8,0.0,1.4,0.45,0.35,0.2,0.35,0.2,0.4,7.0,5.4,base_grid
incentive_only,Incentive-only,none,5.4,-5.0,-0.9999999999999991,2.3600000000000003,5.4,9.52,-1.2560000000000007,-5.0,8.0,0.8,1.5,0.08,1.5,2.4,0.0,12.0,5.0,1.0,0.8,0.0,1.4,0.45,0.35,0.2,0.35,0.2,0.4,7.0,5.4,base_grid
incentive_only,Incentive-only,none,5.4,-5.0,-0.9999999999999991,2.3600000000000003,5.4,12.52,-0.20600000000000004,-5.0,8.0,0.8,1.5,0.08,1.5,2.4,0.0,15.0,5.0,1.0,0.8,0.0,1.4,0.45,0.35,0.2,0.35,0.2,0.4,7.0,5.4,base_grid
incentive_only,Incentive-only,none,5.4,-5.0,-1.799999999999999,2.08,5.4,6.52,-2.306,-5.0,8.0,0.8,2.5,0.08,1.5,2.4,0.0,9.0,5.0,1.0,0.8,0.0,1.4,0.45,0.35,0.2,0.35,0.2,0.4,7.0,5.4,base_grid
incentive_only,Incentive-only,none,5.4,-5.0,-1.799999999999999,2.08,5.4,9.52,-1.2560000000000007,-5.0,8.0,0.8,2.5,0.08,1.5,2.4,0.0,12.0,5.0,1.0,0.8,0.0,1.4,0.45,0.35,0.2,0.35,0.2,0.4,7.0,5.4,base_grid
incentive_only,Incentive-only,none,5.4,-5.0,-1.799999999999999,2.08,5.4,12.52,-0.20600000000000004,-5.0,8.0,0.8,2.5,0.08,1.5,2.4,0.0,15.0,5.0,1.0,0.8,0.0,1.4,0.45,0.35,0.2,0.35,0.2,0.4,7.0,5.4,base_grid
incentive_only,Incentive-only,none,5.4,-5.0,-2.599999999999999,1.8000000000000003,5.4,6.52,-2.306,-5.0,8.0,0.8,3.5,0.08,1.5,2.4,0.0,9.0,5.0,1.0,0.8,0.0,1.4,0.45,0.35,0.2,0.35,0.2,0.4,7.0,5.4,base_grid
incentive_only,Incentive-only,none,5.4,-5.0,-2.599999999999999,1.8000000000000003,5.4,9.52,-1.2560000000000007,-5.0,8.0,0.8,3.5,0.08,1.5,2.4,0.0,12.0,5.0,1.0,0.8,0.0,1.4,0.45,0.35,0.2,0.35,0.2,0.4,7.0,5.4,base_grid
incentive_only,Incentive-only,none,5.4,-5.0,-2.599999999999999,1.8000000000000003,5.4,12.52,-0.20600000000000004,-5.0,8.0,0.8,3.5,0.08,1.5,2.4,0.0,15.0,5.0,1.0,0.8,0.0,1.4,0.45,0.35,0.2,0.35,0.2,0.4,7.0,5.4,base_grid
incentive_only,Incentive-only,high,6.300000000000001,6.52,6.300000000000001,5.565,5.4,6.52,-2.306,-5.0,3.5,1.0,0.5,0.08,1.5,2.4,0.0,9.0,5.0,1.0,0.8,0.0,1.4,0.45,0.35,0.2,0.35,0.2,0.4,7.0,5.4,base_grid
incentive_only,Incentive-only,high,6.300000000000001,9.52,6.300000000000001,5.565,5.4,9.52,-1.2560000000000007,-5.0,3.5,1.0,0.5,0.08,1.5,2.4,0.0,12.0,5.0,1.0,0.8,0.0,1.4,0.45,0.35,0.2,0.35,0.2,0.4,7.0,5.4,base_grid
incentive_only,Incentive-only,high,6.300000000000001,12.52,6.300000000000001,5.565,5.4,12.52,-0.20600000000000004,-5.0,3.5,1.0,0.5,0.08,1.5,2.4,0.0,15.0,5.0,1.0,0.8,0.0,1.4,0.45,0.35,0.2,0.35,0.2,0.4,7.0,5.4,base_grid
incentive_only,Incentive-only,high,5.500000000000001,6.52,5.500000000000001,5.285,5.4,6.52,-2.306,-5.0,3.5,1.0,1.5,0.08,1.5,2.4,0.0,9.0,5.0,1.0,0.8,0.0,1.4,0.45,0.35,0.2,0.35,0.2,0.4,7.0,5.4,base_grid
incentive_only,Incentive-only,high,5.500000000000001,9.52,5.500000000000001,5.285,5.4,9.52,-1.2560000000000007,-5.0,3.5,1.0,1.5,0.08,1.5,2.4,0.0,12.0,5.0,1.0,0.8,0.0,1.4,0.45,0.35,0.2,0.35,0.2,0.4,7.0,5.4,base_grid
incentive_only,Incentive-only,high,5.500000000000001,12.52,5.500000000000001,5.285,5.4,12.52,-0.20600000000000004,-5.0,3.5,1.0,1.5,0.08,1.5,2.4,0.0,15.0,5.0,1.0,0.8,0.0,1.4,0.45,0.35,0.2,0.35,0.2,0.4,7.0,5.4,base_grid
incentive_only,Incentive-only,none,5.4,-5.0,4.700000000000001,5.005,5.4,6.52,-2.306,-5.0,3.5,1.0,2.5,0.08,1.5,2.4,0.0,9.0,5.0,1.0,0.8,0.0,1.4,0.45,0.35,0.2,0.35,0.2,0.4,7.0,5.4,base_grid
incentive_only,Incentive-only,none,5.4,-5.0,4.700000000000001,5.005,5.4,9.52,-1.2560000000000007,-5.0,3.5,1.0,2.5,0.08,1.5,2.4,0.0,12.0,5.0,1.0,0.8,0.0,1.4,0.45,0.35,0.2,0.35,0.2,0.4,7.0,5.4,base_grid
incentive_only,Incentive-only,none,5.4,-5.0,4.700000000000001,5.005,5.4,12.52,-0.20600000000000004,-5.0,3.5,1.0,2.5,0.08,1.5,2.4,0.0,15.0,5.0,1.0,0.8,0.0,1.4,0.45,0.35,0.2,0.35,0.2,0.4,7.0,5.4,base_grid
incentive_only,Incentive-only,none,5.4,-5.0,3.900000000000001,4.725,5.4,6.52,-2.306,-5.0,3.5,1.0,3.5,0.08,1.5,2.4,0.0,9.0,5.0,1.0,0.8,0.0,1.4,0.45,0.35,0.2,0.35,0.2,0.4,7.0,5.4,base_grid
incentive_only,Incentive-only,none,5.4,-5.0,3.900000000000001,4.725,5.4,9.52,-1.2560000000000007,-5.0,3.5,1.0,3.5,0.08,1.5,2.4,0.0,12.0,5.0,1.0,0.8,0.0,1.4,0.45,0.35,0.2,0.35,0.2,0.4,7.0,5.4,base_grid
incentive_only,Incentive-only,none,5.4,-5.0,3.900000000000001,4.725,5.4,12.52,-0.20600000000000004,-5.0,3.5,1.0,3.5,0.08,1.5,2.4,0.0,15.0,5.0,1.0,0.8,0.0,1.4,0.45,0.35,0.2,0.35,0.2,0.4,7.0,5.4,base_grid
incentive_only,Incentive-only,none,5.4,-5.0,4.800000000000001,4.890000000000001,5.4,6.52,-2.306,-5.0,5.0,1.0,0.5,0.08,1.5,2.4,0.0,9.0,5.0,1.0,0.8,0.0,1.4,0.45,0.35,0.2,0.35,0.2,0.4,7.0,5.4,base_grid
incentive_only,Incentive-only,none,5.4,-5.0,4.800000000000001,4.890000000000001,5.4,9.52,-1.2560000000000007,-5.0,5.0,1.0,0.5,0.08,1.5,2.4,0.0,12.0,5.0,1.0,0.8,0.0,1.4,0.45,0.35,0.2,0.35,0.2,0.4,7.0,5.4,base_grid
incentive_only,Incentive-only,none,5.4,-5.0,4.800000000000001,4.890000000000001,5.4,12.52,-0.20600000000000004,-5.0,5.0,1.0,0.5,0.08,1.5,2.4,0.0,15.0,5.0,1.0,0.8,0.0,1.4,0.45,0.35,0.2,0.35,0.2,0.4,7.0,5.4,base_grid
incentive_only,Incentive-only,none,5.4,-5.0,4.000000000000001,4.61,5.4,6.52,-2.306,-5.0,5.0,1.0,1.5,0.08,1.5,2.4,0.0,9.0,5.0,1.0,0.8,0.0,1.4,0.45,0.35,0.2,0.35,0.2,0.4,7.0,5.4,base_grid
incentive_only,Incentive-only,none,5.4,-5.0,4.000000000000001,4.61,5.4,9.52,-1.2560000000000007,-5.0,5.0,1.0,1.5,0.08,1.5,2.4,0.0,12.0,5.0,1.0,0.8,0.0,1.4,0.45,0.35,0.2,0.35,0.2,0.4,7.0,5.4,base_grid
incentive_only,Incentive-only,none,5.4,-5.0,4.000000000000001,4.61,5.4,12.52,-0.20600000000000004,-5.0,5.0,1.0,1.5,0.08,1.5,2.4,0.0,15.0,5.0,1.0,0.8,0.0,1.4,0.45,0.35,0.2,0.35,0.2,0.4,7.0,5.4,base_grid
incentive_only,Incentive-only,none,5.4,-5.0,3.200000000000001,4.33,5.4,6.52,-2.306,-5.0,5.0,1.0,2.5,0.08,1.5,2.4,0.0,9.0,5.0,1.0,0.8,0.0,1.4,0.45,0.35,0.2,0.35,0.2,0.4,7.0,5.4,base_grid
incentive_only,Incentive-only,none,5.4,-5.0,3.200000000000001,4.33,5.4,9.52,-1.2560000000000007,-5.0,5.0,1.0,2.5,0.08,1.5,2.4,0.0,12.0,5.0,1.0,0.8,0.0,1.4,0.45,0.35,0.2,0.35,0.2,0.4,7.0,5.4,base_grid
incentive_only,Incentive-only,none,5.4,-5.0,3.200000000000001,4.33,5.4,12.52,-0.20600000000000004,-5.0,5.0,1.0,2.5,0.08,1.5,2.4,0.0,15.0,5.0,1.0,0.8,0.0,1.4,0.45,0.35,0.2,0.35,0.2,0.4,7.0,5.4,base_grid
incentive_only,Incentive-only,none,5.4,-5.0,2.400000000000001,4.050000000000001,5.4,6.52,-2.306,-5.0,5.0,1.0,3.5,0.08,1.5,2.4,0.0,9.0,5.0,1.0,0.8,0.0,1.4,0.45,0.35,0.2,0.35,0.2,0.4,7.0,5.4,base_grid
incentive_only,Incentive-only,none,5.4,-5.0,2.400000000000001,4.050000000000001,5.4,9.52,-1.2560000000000007,-5.0,5.0,1.0,3.5,0.08,1.5,2.4,0.0,12.0,5.0,1.0,0.8,0.0,1.4,0.45,0.35,0.2,0.35,0.2,0.4,7.0,5.4,base_grid
incentive_only,Incentive-only,none,5.4,-5.0,2.400000000000001,4.050000000000001,5.4,12.52,-0.20600000000000004,-5.0,5.0,1.0,3.5,0.08,1.5,2.4,0.0,15.0,5.0,1.0,0.8,0.0,1.4,0.45,0.35,0.2,0.35,0.2,0.4,7.0,5.4,base_grid
incentive_only,Incentive-only,none,5.4,-5.0,3.300000000000001,4.215,5.4,6.52,-2.306,-5.0,6.5,1.0,0.5,0.08,1.5,2.4,0.0,9.0,5.0,1.0,0.8,0.0,1.4,0.45,0.35,0.2,0.35,0.2,0.4,7.0,5.4,base_grid
incentive_only,Incentive-only,none,5.4,-5.0,3.300000000000001,4.215,5.4,9.52,-1.2560000000000007,-5.0,6.5,1.0,0.5,0.08,1.5,2.4,0.0,12.0,5.0,1.0,0.8,0.0,1.4,0.45,0.35,0.2,0.35,0.2,0.4,7.0,5.4,base_grid
incentive_only,Incentive-only,none,5.4,-5.0,3.300000000000001,4.215,5.4,12.52,-0.20600000000000004,-5.0,6.5,1.0,0.5,0.08,1.5,2.4,0.0,15.0,5.0,1.0,0.8,0.0,1.4,0.45,0.35,0.2,0.35,0.2,0.4,7.0,5.4,base_grid
incentive_only,Incentive-only,none,5.4,-5.0,2.500000000000001,3.9349999999999996,5.4,6.52,-2.306,-5.0,6.5,1.0,1.5,0.08,1.5,2.4,0.0,9.0,5.0,1.0,0.8,0.0,1.4,0.45,0.35,0.2,0.35,0.2,0.4,7.0,5.4,base_grid
incentive_only,Incentive-only,none,5.4,-5.0,2.500000000000001,3.9349999999999996,5.4,9.52,-1.2560000000000007,-5.0,6.5,1.0,1.5,0.08,1.5,2.4,0.0,12.0,5.0,1.0,0.8,0.0,1.4,0.45,0.35,0.2,0.35,0.2,0.4,7.0,5.4,base_grid
incentive_only,Incentive-only,none,5.4,-5.0,2.500000000000001,3.9349999999999996,5.4,12.52,-0.20600000000000004,-5.0,6.5,1.0,1.5,0.08,1.5,2.4,0.0,15.0,5.0,1.0,0.8,0.0,1.4,0.45,0.35,0.2,0.35,0.2,0.4,7.0,5.4,base_grid
incentive_only,Incentive-only,none,5.4,-5.0,1.700000000000001,3.6549999999999994,5.4,6.52,-2.306,-5.0,6.5,1.0,2.5,0.08,1.5,2.4,0.0,9.0,5.0,1.0,0.8,0.0,1.4,0.45,0.35,0.2,0.35,0.2,0.4,7.0,5.4,base_grid
incentive_only,Incentive-only,none,5.4,-5.0,1.700000000000001,3.6549999999999994,5.4,9.52,-1.2560000000000007,-5.0,6.5,1.0,2.5,0.08,1.5,2.4,0.0,12.0,5.0,1.0,0.8,0.0,1.4,0.45,0.35,0.2,0.35,0.2,0.4,7.0,5.4,base_grid
incentive_only,Incentive-only,none,5.4,-5.0,1.700000000000001,3.6549999999999994,5.4,12.52,-0.20600000000000004,-5.0,6.5,1.0,2.5,0.08,1.5,2.4,0.0,15.0,5.0,1.0,0.8,0.0,1.4,0.45,0.35,0.2,0.35,0.2,0.4,7.0,5.4,base_grid
incentive_only,Incentive-only,none,5.4,-5.0,0.9000000000000008,3.3749999999999996,5.4,6.52,-2.306,-5.0,6.5,1.0,3.5,0.08,1.5,2.4,0.0,9.0,5.0,1.0,0.8,0.0,1.4,0.45,0.35,0.2,0.35,0.2,0.4,7.0,5.4,base_grid
incentive_only,Incentive-only,none,5.4,-5.0,0.9000000000000008,3.3749999999999996,5.4,9.52,-1.2560000000000007,-5.0,6.5,1.0,3.5,0.08,1.5,2.4,0.0,12.0,5.0,1.0,0.8,0.0,1.4,0.45,0.35,0.2,0.35,0.2,0.4,7.0,5.4,base_grid
incentive_only,Incentive-only,none,5.4,-5.0,0.9000000000000008,3.3749999999999996,5.4,12.52,-0.20600000000000004,-5.0,6.5,1.0,3.5,0.08,1.5,2.4,0.0,15.0,5.0,1.0,0.8,0.0,1.4,0.45,0.35,0.2,0.35,0.2,0.4,7.0,5.4,base_grid
incentive_only,Incentive-only,none,5.4,-5.0,1.8000000000000012,3.54,5.4,6.52,-2.306,-5.0,8.0,1.0,0.5,0.08,1.5,2.4,0.0,9.0,5.0,1.0,0.8,0.0,1.4,0.45,0.35,0.2,0.35,0.2,0.4,7.0,5.4,base_grid
incentive_only,Incentive-only,none,5.4,-5.0,1.8000000000000012,3.54,5.4,9.52,-1.2560000000000007,-5.0,8.0,1.0,0.5,0.08,1.5,2.4,0.0,12.0,5.0,1.0,0.8,0.0,1.4,0.45,0.35,0.2,0.35,0.2,0.4,7.0,5.4,base_grid
incentive_only,Incentive-only,none,5.4,-5.0,1.8000000000000012,3.54,5.4,12.52,-0.20600000000000004,-5.0,8.0,1.0,0.5,0.08,1.5,2.4,0.0,15.0,5.0,1.0,0.8,0.0,1.4,0.45,0.35,0.2,0.35,0.2,0.4,7.0,5.4,base_grid
incentive_only,Incentive-only,none,5.4,-5.0,1.0000000000000009,3.2600000000000002,5.4,6.52,-2.306,-5.0,8.0,1.0,1.5,0.08,1.5,2.4,0.0,9.0,5.0,1.0,0.8,0.0,1.4,0.45,0.35,0.2,0.35,0.2,0.4,7.0,5.4,base_grid
incentive_only,Incentive-only,none,5.4,-5.0,1.0000000000000009,3.2600000000000002,5.4,9.52,-1.2560000000000007,-5.0,8.0,1.0,1.5,0.08,1.5,2.4,0.0,12.0,5.0,1.0,0.8,0.0,1.4,0.45,0.35,0.2,0.35,0.2,0.4,7.0,5.4,base_grid
incentive_only,Incentive-only,none,5.4,-5.0,1.0000000000000009,3.2600000000000002,5.4,12.52,-0.20600000000000004,-5.0,8.0,1.0,1.5,0.08,1.5,2.4,0.0,15.0,5.0,1.0,0.8,0.0,1.4,0.45,0.35,0.2,0.35,0.2,0.4,7.0,5.4,base_grid
incentive_only,Incentive-only,none,5.4,-5.0,0.20000000000000107,2.9800000000000004,5.4,6.52,-2.306,-5.0,8.0,1.0,2.5,0.08,1.5,2.4,0.0,9.0,5.0,1.0,0.8,0.0,1.4,0.45,0.35,0.2,0.35,0.2,0.4,7.0,5.4,base_grid
incentive_only,Incentive-only,none,5.4,-5.0,0.20000000000000107,2.9800000000000004,5.4,9.52,-1.2560000000000007,-5.0,8.0,1.0,2.5,0.08,1.5,2.4,0.0,12.0,5.0,1.0,0.8,0.0,1.4,0.45,0.35,0.2,0.35,0.2,0.4,7.0,5.4,base_grid
incentive_only,Incentive-only,none,5.4,-5.0,0.20000000000000107,2.9800000000000004,5.4,12.52,-0.20600000000000004,-5.0,8.0,1.0,2.5,0.08,1.5,2.4,0.0,15.0,5.0,1.0,0.8,0.0,1.4,0.45,0.35,0.2,0.35,0.2,0.4,7.0,5.4,base_grid
incentive_only,Incentive-only,none,5.4,-5.0,-0.5999999999999992,2.7,5.4,6.52,-2.306,-5.0,8.0,1.0,3.5,0.08,1.5,2.4,0.0,9.0,5.0,1.0,0.8,0.0,1.4,0.45,0.35,0.2,0.35,0.2,0.4,7.0,5.4,base_grid
incentive_only,Incentive-only,none,5.4,-5.0,-0.5999999999999992,2.7,5.4,9.52,-1.2560000000000007,-5.0,8.0,1.0,3.5,0.08,1.5,2.4,0.0,12.0,5.0,1.0,0.8,0.0,1.4,0.45,0.35,0.2,0.35,0.2,0.4,7.0,5.4,base_grid
incentive_only,Incentive-only,none,5.4,-5.0,-0.5999999999999992,2.7,5.4,12.52,-0.20600000000000004,-5.0,8.0,1.0,3.5,0.08,1.5,2.4,0.0,15.0,5.0,1.0,0.8,0.0,1.4,0.45,0.35,0.2,0.35,0.2,0.4,7.0,5.4,base_grid
incentive_only,Incentive-only,high,6.883333333333334,6.52,6.883333333333334,5.827500000000001,5.4,6.52,-2.306,-5.0,3.5,1.2,0.5,0.08,1.5,2.4,0.0,9.0,5.0,1.0,0.8,0.0,1.4,0.45,0.35,0.2,0.35,0.2,0.4,7.0,5.4,base_grid
incentive_only,Incentive-only,high,6.883333333333334,9.52,6.883333333333334,5.827500000000001,5.4,9.52,-1.2560000000000007,-5.0,3.5,1.2,0.5,0.08,1.5,2.4,0.0,12.0,5.0,1.0,0.8,0.0,1.4,0.45,0.35,0.2,0.35,0.2,0.4,7.0,5.4,base_grid
incentive_only,Incentive-only,high,6.883333333333334,12.52,6.883333333333334,5.827500000000001,5.4,12.52,-0.20600000000000004,-5.0,3.5,1.2,0.5,0.08,1.5,2.4,0.0,15.0,5.0,1.0,0.8,0.0,1.4,0.45,0.35,0.2,0.35,0.2,0.4,7.0,5.4,base_grid
incentive_only,Incentive-only,high,6.083333333333334,6.52,6.083333333333334,5.5475,5.4,6.52,-2.306,-5.0,3.5,1.2,1.5,0.08,1.5,2.4,0.0,9.0,5.0,1.0,0.8,0.0,1.4,0.45,0.35,0.2,0.35,0.2,0.4,7.0,5.4,base_grid
incentive_only,Incentive-only,high,6.083333333333334,9.52,6.083333333333334,5.5475,5.4,9.52,-1.2560000000000007,-5.0,3.5,1.2,1.5,0.08,1.5,2.4,0.0,12.0,5.0,1.0,0.8,0.0,1.4,0.45,0.35,0.2,0.35,0.2,0.4,7.0,5.4,base_grid
incentive_only,Incentive-only,high,6.083333333333334,12.52,6.083333333333334,5.5475,5.4,12.52,-0.20600000000000004,-5.0,3.5,1.2,1.5,0.08,1.5,2.4,0.0,15.0,5.0,1.0,0.8,0.0,1.4,0.45,0.35,0.2,0.35,0.2,0.4,7.0,5.4,base_grid
incentive_only,Incentive-only,none,5.4,-5.0,5.283333333333334,5.2675,5.4,6.52,-2.306,-5.0,3.5,1.2,2.5,0.08,1.5,2.4,0.0,9.0,5.0,1.0,0.8,0.0,1.4,0.45,0.35,0.2,0.35,0.2,0.4,7.0,5.4,base_grid
incentive_only,Incentive-only,none,5.4,-5.0,5.283333333333334,5.2675,5.4,9.52,-1.2560000000000007,-5.0,3.5,1.2,2.5,0.08,1.5,2.4,0.0,12.0,5.0,1.0,0.8,0.0,1.4,0.45,0.35,0.2,0.35,0.2,0.4,7.0,5.4,base_grid
incentive_only,Incentive-only,none,5.4,-5.0,5.283333333333334,5.2675,5.4,12.52,-0.20600000000000004,-5.0,3.5,1.2,2.5,0.08,1.5,2.4,0.0,15.0,5.0,1.0,0.8,0.0,1.4,0.45,0.35,0.2,0.35,0.2,0.4,7.0,5.4,base_grid
incentive_only,Incentive-only,none,5.4,-5.0,4.483333333333334,4.987500000000001,5.4,6.52,-2.306,-5.0,3.5,1.2,3.5,0.08,1.5,2.4,0.0,9.0,5.0,1.0,0.8,0.0,1.4,0.45,0.35,0.2,0.35,0.2,0.4,7.0,5.4,base_grid
incentive_only,Incentive-only,none,5.4,-5.0,4.483333333333334,4.987500000000001,5.4,9.52,-1.2560000000000007,-5.0,3.5,1.2,3.5,0.08,1.5,2.4,0.0,12.0,5.0,1.0,0.8,0.0,1.4,0.45,0.35,0.2,0.35,0.2,0.4,7.0,5.4,base_grid
incentive_only,Incentive-only,none,5.4,-5.0,4.483333333333334,4.987500000000001,5.4,12.52,-0.20600000000000004,-5.0,3.5,1.2,3.5,0.08,1.5,2.4,0.0,15.0,5.0,1.0,0.8,0.0,1.4,0.45,0.35,0.2,0.35,0.2,0.4,7.0,5.4,base_grid
incentive_only,Incentive-only,high,5.633333333333334,6.52,5.633333333333334,5.265000000000001,5.4,6.52,-2.306,-5.0,5.0,1.2,0.5,0.08,1.5,2.4,0.0,9.0,5.0,1.0,0.8,0.0,1.4,0.45,0.35,0.2,0.35,0.2,0.4,7.0,5.4,base_grid
incentive_only,Incentive-only,high,5.633333333333334,9.52,5.633333333333334,5.265000000000001,5.4,9.52,-1.2560000000000007,-5.0,5.0,1.2,0.5,0.08,1.5,2.4,0.0,12.0,5.0,1.0,0.8,0.0,1.4,0.45,0.35,0.2,0.35,0.2,0.4,7.0,5.4,base_grid
incentive_only,Incentive-only,high,5.633333333333334,12.52,5.633333333333334,5.265000000000001,5.4,12.52,-0.20600000000000004,-5.0,5.0,1.2,0.5,0.08,1.5,2.4,0.0,15.0,5.0,1.0,0.8,0.0,1.4,0.45,0.35,0.2,0.35,0.2,0.4,7.0,5.4,base_grid
incentive_only,Incentive-only,none,5.4,-5.0,4.833333333333334,4.985,5.4,6.52,-2.306,-5.0,5.0,1.2,1.5,0.08,1.5,2.4,0.0,9.0,5.0,1.0,0.8,0.0,1.4,0.45,0.35,0.2,0.35,0.2,0.4,7.0,5.4,base_grid
incentive_only,Incentive-only,none,5.4,-5.0,4.833333333333334,4.985,5.4,9.52,-1.2560000000000007,-5.0,5.0,1.2,1.5,0.08,1.5,2.4,0.0,12.0,5.0,1.0,0.8,0.0,1.4,0.45,0.35,0.2,0.35,0.2,0.4,7.0,5.4,base_grid
incentive_only,Incentive-only,none,5.4,-5.0,4.833333333333334,4.985,5.4,12.52,-0.20600000000000004,-5.0,5.0,1.2,1.5,0.08,1.5,2.4,0.0,15.0,5.0,1.0,0.8,0.0,1.4,0.45,0.35,0.2,0.35,0.2,0.4,7.0,5.4,base_grid
incentive_only,Incentive-only,none,5.4,-5.0,4.033333333333334,4.705,5.4,6.52,-2.306,-5.0,5.0,1.2,2.5,0.08,1.5,2.4,0.0,9.0,5.0,1.0,0.8,0.0,1.4,0.45,0.35,0.2,0.35,0.2,0.4,7.0,5.4,base_grid
incentive_only,Incentive-only,none,5.4,-5.0,4.033333333333334,4.705,5.4,9.52,-1.2560000000000007,-5.0,5.0,1.2,2.5,0.08,1.5,2.4,0.0,12.0,5.0,1.0,0.8,0.0,1.4,0.45,0.35,0.2,0.35,0.2,0.4,7.0,5.4,base_grid
incentive_only,Incentive-only,none,5.4,-5.0,4.033333333333334,4.705,5.4,12.52,-0.20600000000000004,-5.0,5.0,1.2,2.5,0.08,1.5,2.4,0.0,15.0,5.0,1.0,0.8,0.0,1.4,0.45,0.35,0.2,0.35,0.2,0.4,7.0,5.4,base_grid
incentive_only,Incentive-only,none,5.4,-5.0,3.233333333333334,4.425000000000001,5.4,6.52,-2.306,-5.0,5.0,1.2,3.5,0.08,1.5,2.4,0.0,9.0,5.0,1.0,0.8,0.0,1.4,0.45,0.35,0.2,0.35,0.2,0.4,7.0,5.4,base_grid
incentive_only,Incentive-only,none,5.4,-5.0,3.233333333333334,4.425000000000001,5.4,9.52,-1.2560000000000007,-5.0,5.0,1.2,3.5,0.08,1.5,2.4,0.0,12.0,5.0,1.0,0.8,0.0,1.4,0.45,0.35,0.2,0.35,0.2,0.4,7.0,5.4,base_grid
incentive_only,Incentive-only,none,5.4,-5.0,3.233333333333334,4.425000000000001,5.4,12.52,-0.20600000000000004,-5.0,5.0,1.2,3.5,0.08,1.5,2.4,0.0,15.0,5.0,1.0,0.8,0.0,1.4,0.45,0.35,0.2,0.35,0.2,0.4,7.0,5.4,base_grid
incentive_only,Incentive-only,none,5.4,-5.0,4.383333333333334,4.702500000000001,5.4,6.52,-2.306,-5.0,6.5,1.2,0.5,0.08,1.5,2.4,0.0,9.0,5.0,1.0,0.8,0.0,1.4,0.45,0.35,0.2,0.35,0.2,0.4,7.0,5.4,base_grid
incentive_only,Incentive-only,none,5.4,-5.0,4.383333333333334,4.702500000000001,5.4,9.52,-1.2560000000000007,-5.0,6.5,1.2,0.5,0.08,1.5,2.4,0.0,12.0,5.0,1.0,0.8,0.0,1.4,0.45,0.35,0.2,0.35,0.2,0.4,7.0,5.4,base_grid
incentive_only,Incentive-only,none,5.4,-5.0,4.383333333333334,4.702500000000001,5.4,12.52,-0.20600000000000004,-5.0,6.5,1.2,0.5,0.08,1.5,2.4,0.0,15.0,5.0,1.0,0.8,0.0,1.4,0.45,0.35,0.2,0.35,0.2,0.4,7.0,5.4,base_grid
incentive_only,Incentive-only,none,5.4,-5.0,3.583333333333334,4.4225,5.4,6.52,-2.306,-5.0,6.5,1.2,1.5,0.08,1.5,2.4,0.0,9.0,5.0,1.0,0.8,0.0,1.4,0.45,0.35,0.2,0.35,0.2,0.4,7.0,5.4,base_grid
incentive_only,Incentive-only,none,5.4,-5.0,3.583333333333334,4.4225,5.4,9.52,-1.2560000000000007,-5.0,6.5,1.2,1.5,0.08,1.5,2.4,0.0,12.0,5.0,1.0,0.8,0.0,1.4,0.45,0.35,0.2,0.35,0.2,0.4,7.0,5.4,base_grid
incentive_only,Incentive-only,none,5.4,-5.0,3.583333333333334,4.4225,5.4,12.52,-0.20600000000000004,-5.0,6.5,1.2,1.5,0.08,1.5,2.4,0.0,15.0,5.0,1.0,0.8,0.0,1.4,0.45,0.35,0.2,0.35,0.2,0.4,7.0,5.4,base_grid
incentive_only,Incentive-only,none,5.4,-5.0,2.783333333333334,4.1425,5.4,6.52,-2.306,-5.0,6.5,1.2,2.5,0.08,1.5,2.4,0.0,9.0,5.0,1.0,0.8,0.0,1.4,0.45,0.35,0.2,0.35,0.2,0.4,7.0,5.4,base_grid
incentive_only,Incentive-only,none,5.4,-5.0,2.783333333333334,4.1425,5.4,9.52,-1.2560000000000007,-5.0,6.5,1.2,2.5,0.08,1.5,2.4,0.0,12.0,5.0,1.0,0.8,0.0,1.4,0.45,0.35,0.2,0.35,0.2,0.4,7.0,5.4,base_grid
incentive_only,Incentive-only,none,5.4,-5.0,2.783333333333334,4.1425,5.4,12.52,-0.20600000000000004,-5.0,6.5,1.2,2.5,0.08,1.5,2.4,0.0,15.0,5.0,1.0,0.8,0.0,1.4,0.45,0.35,0.2,0.35,0.2,0.4,7.0,5.4,base_grid
incentive_only,Incentive-only,none,5.4,-5.0,1.9833333333333338,3.8625000000000003,5.4,6.52,-2.306,-5.0,6.5,1.2,3.5,0.08,1.5,2.4,0.0,9.0,5.0,1.0,0.8,0.0,1.4,0.45,0.35,0.2,0.35,0.2,0.4,7.0,5.4,base_grid
incentive_only,Incentive-only,none,5.4,-5.0,1.9833333333333338,3.8625000000000003,5.4,9.52,-1.2560000000000007,-5.0,6.5,1.2,3.5,0.08,1.5,2.4,0.0,12.0,5.0,1.0,0.8,0.0,1.4,0.45,0.35,0.2,0.35,0.2,0.4,7.0,5.4,base_grid
incentive_only,Incentive-only,none,5.4,-5.0,1.9833333333333338,3.8625000000000003,5.4,12.52,-0.20600000000000004,-5.0,6.5,1.2,3.5,0.08,1.5,2.4,0.0,15.0,5.0,1.0,0.8,0.0,1.4,0.45,0.35,0.2,0.35,0.2,0.4,7.0,5.4,base_grid
incentive_only,Incentive-only,none,5.4,-5.0,3.133333333333334,4.140000000000001,5.4,6.52,-2.306,-5.0,8.0,1.2,0.5,0.08,1.5,2.4,0.0,9.0,5.0,1.0,0.8,0.0,1.4,0.45,0.35,0.2,0.35,0.2,0.4,7.0,5.4,base_grid
incentive_only,Incentive-only,none,5.4,-5.0,3.133333333333334,4.140000000000001,5.4,9.52,-1.2560000000000007,-5.0,8.0,1.2,0.5,0.08,1.5,2.4,0.0,12.0,5.0,1.0,0.8,0.0,1.4,0.45,0.35,0.2,0.35,0.2,0.4,7.0,5.4,base_grid
incentive_only,Incentive-only,none,5.4,-5.0,3.133333333333334,4.140000000000001,5.4,12.52,-0.20600000000000004,-5.0,8.0,1.2,0.5,0.08,1.5,2.4,0.0,15.0,5.0,1.0,0.8,0.0,1.4,0.45,0.35,0.2,0.35,0.2,0.4,7.0,5.4,base_grid
incentive_only,Incentive-only,none,5.4,-5.0,2.333333333333334,3.8600000000000003,5.4,6.52,-2.306,-5.0,8.0,1.2,1.5,0.08,1.5,2.4,0.0,9.0,5.0,1.0,0.8,0.0,1.4,0.45,0.35,0.2,0.35,0.2,0.4,7.0,5.4,base_grid
incentive_only,Incentive-only,none,5.4,-5.0,2.333333333333334,3.8600000000000003,5.4,9.52,-1.2560000000000007,-5.0,8.0,1.2,1.5,0.08,1.5,2.4,0.0,12.0,5.0,1.0,0.8,0.0,1.4,0.45,0.35,0.2,0.35,0.2,0.4,7.0,5.4,base_grid
incentive_only,Incentive-only,none,5.4,-5.0,2.333333333333334,3.8600000000000003,5.4,12.52,-0.20600000000000004,-5.0,8.0,1.2,1.5,0.08,1.5,2.4,0.0,15.0,5.0,1.0,0.8,0.0,1.4,0.45,0.35,0.2,0.35,0.2,0.4,7.0,5.4,base_grid
incentive_only,Incentive-only,none,5.4,-5.0,1.533333333333334,3.58,5.4,6.52,-2.306,-5.0,8.0,1.2,2.5,0.08,1.5,2.4,0.0,9.0,5.0,1.0,0.8,0.0,1.4,0.45,0.35,0.2,0.35,0.2,0.4,7.0,5.4,base_grid
incentive_only,Incentive-only,none,5.4,-5.0,1.533333333333334,3.58,5.4,9.52,-1.2560000000000007,-5.0,8.0,1.2,2.5,0.08,1.5,2.4,0.0,12.0,5.0,1.0,0.8,0.0,1.4,0.45,0.35,0.2,0.35,0.2,0.4,7.0,5.4,base_grid
incentive_only,Incentive-only,none,5.4,-5.0,1.533333333333334,3.58,5.4,12.52,-0.20600000000000004,-5.0,8.0,1.2,2.5,0.08,1.5,2.4,0.0,15.0,5.0,1.0,0.8,0.0,1.4,0.45,0.35,0.2,0.35,0.2,0.4,7.0,5.4,base_grid
incentive_only,Incentive-only,none,5.4,-5.0,0.7333333333333338,3.3000000000000003,5.4,6.52,-2.306,-5.0,8.0,1.2,3.5,0.08,1.5,2.4,0.0,9.0,5.0,1.0,0.8,0.0,1.4,0.45,0.35,0.2,0.35,0.2,0.4,7.0,5.4,base_grid
incentive_only,Incentive-only,none,5.4,-5.0,0.7333333333333338,3.3000000000000003,5.4,9.52,-1.2560000000000007,-5.0,8.0,1.2,3.5,0.08,1.5,2.4,0.0,12.0,5.0,1.0,0.8,0.0,1.4,0.45,0.35,0.2,0.35,0.2,0.4,7.0,5.4,base_grid
incentive_only,Incentive-only,none,5.4,-5.0,0.7333333333333338,3.3000000000000003,5.4,12.52,-0.20600000000000004,-5.0,8.0,1.2,3.5,0.08,1.5,2.4,0.0,15.0,5.0,1.0,0.8,0.0,1.4,0.45,0.35,0.2,0.35,0.2,0.4,7.0,5.4,base_grid
audit_penalty,Audit/penalty,none,5.4,-5.0,-9.775,-4.12375,5.4,8.200000000000001,-1.72,-5.0,3.5,0.2,0.5,0.45,7.0,0.35,0.0,9.0,5.0,1.0,0.8,0.0,1.4,0.45,0.35,0.2,0.35,0.15,0.05,7.0,5.4,base_grid
audit_penalty,Audit/penalty,none,5.4,-5.0,-9.775,-4.12375,5.4,11.200000000000001,-0.6700000000000006,-5.0,3.5,0.2,0.5,0.45,7.0,0.35,0.0,12.0,5.0,1.0,0.8,0.0,1.4,0.45,0.35,0.2,0.35,0.15,0.05,7.0,5.4,base_grid
audit_penalty,Audit/penalty,none,5.4,-5.0,-9.775,-4.12375,5.4,14.200000000000001,0.3800000000000001,-5.0,3.5,0.2,0.5,0.45,7.0,0.35,0.0,15.0,5.0,1.0,0.8,0.0,1.4,0.45,0.35,0.2,0.35,0.15,0.05,7.0,5.4,base_grid
audit_penalty,Audit/penalty,none,5.4,-5.0,-10.625,-4.42125,5.4,8.200000000000001,-1.72,-5.0,3.5,0.2,1.5,0.45,7.0,0.35,0.0,9.0,5.0,1.0,0.8,0.0,1.4,0.45,0.35,0.2,0.35,0.15,0.05,7.0,5.4,base_grid
audit_penalty,Audit/penalty,none,5.4,-5.0,-10.625,-4.42125,5.4,11.200000000000001,-0.6700000000000006,-5.0,3.5,0.2,1.5,0.45,7.0,0.35,0.0,12.0,5.0,1.0,0.8,0.0,1.4,0.45,0.35,0.2,0.35,0.15,0.05,7.0,5.4,base_grid
audit_penalty,Audit/penalty,none,5.4,-5.0,-10.625,-4.42125,5.4,14.200000000000001,0.3800000000000001,-5.0,3.5,0.2,1.5,0.45,7.0,0.35,0.0,15.0,5.0,1.0,0.8,0.0,1.4,0.45,0.35,0.2,0.35,0.15,0.05,7.0,5.4,base_grid
audit_penalty,Audit/penalty,none,5.4,-5.0,-11.475,-4.71875,5.4,8.200000000000001,-1.72,-5.0,3.5,0.2,2.5,0.45,7.0,0.35,0.0,9.0,5.0,1.0,0.8,0.0,1.4,0.45,0.35,0.2,0.35,0.15,0.05,7.0,5.4,base_grid
audit_penalty,Audit/penalty,none,5.4,-5.0,-11.475,-4.71875,5.4,11.200000000000001,-0.6700000000000006,-5.0,3.5,0.2,2.5,0.45,7.0,0.35,0.0,12.0,5.0,1.0,0.8,0.0,1.4,0.45,0.35,0.2,0.35,0.15,0.05,7.0,5.4,base_grid
audit_penalty,Audit/penalty,none,5.4,-5.0,-11.475,-4.71875,5.4,14.200000000000001,0.3800000000000001,-5.0,3.5,0.2,2.5,0.45,7.0,0.35,0.0,15.0,5.0,1.0,0.8,0.0,1.4,0.45,0.35,0.2,0.35,0.15,0.05,7.0,5.4,base_grid
audit_penalty,Audit/penalty,none,5.4,-5.0,-12.325,-5.01625,5.4,8.200000000000001,-1.72,-5.0,3.5,0.2,3.5,0.45,7.0,0.35,0.0,9.0,5.0,1.0,0.8,0.0,1.4,0.45,0.35,0.2,0.35,0.15,0.05,7.0,5.4,base_grid
audit_penalty,Audit/penalty,none,5.4,-5.0,-12.325,-5.01625,5.4,11.200000000000001,-0.6700000000000006,-5.0,3.5,0.2,3.5,0.45,7.0,0.35,0.0,12.0,5.0,1.0,0.8,0.0,1.4,0.45,0.35,0.2,0.35,0.15,0.05,7.0,5.4,base_grid
audit_penalty,Audit/penalty,none,5.4,-5.0,-12.325,-5.01625,5.4,14.200000000000001,0.3800000000000001,-5.0,3.5,0.2,3.5,0.45,7.0,0.35,0.0,15.0,5.0,1.0,0.8,0.0,1.4,0.45,0.35,0.2,0.35,0.15,0.05,7.0,5.4,base_grid
audit_penalty,Audit/penalty,none,5.4,-5.0,-17.275000000000002,-7.498749999999999,5.4,8.200000000000001,-1.72,-5.0,5.0,0.2,0.5,0.45,7.0,0.35,0.0,9.0,5.0,1.0,0.8,0.0,1.4,0.45,0.35,0.2,0.35,0.15,0.05,7.0,5.4,base_grid
audit_penalty,Audit/penalty,none,5.4,-5.0,-17.275000000000002,-7.498749999999999,5.4,11.200000000000001,-0.6700000000000006,-5.0,5.0,0.2,0.5,0.45,7.0,0.35,0.0,12.0,5.0,1.0,0.8,0.0,1.4,0.45,0.35,0.2,0.35,0.15,0.05,7.0,5.4,base_grid
audit_penalty,Audit/penalty,none,5.4,-5.0,-17.275000000000002,-7.498749999999999,5.4,14.200000000000001,0.3800000000000001,-5.0,5.0,0.2,0.5,0.45,7.0,0.35,0.0,15.0,5.0,1.0,0.8,0.0,1.4,0.45,0.35,0.2,0.35,0.15,0.05,7.0,5.4,base_grid
audit_penalty,Audit/penalty,none,5.4,-5.0,-18.125,-7.79625,5.4,8.200000000000001,-1.72,-5.0,5.0,0.2,1.5,0.45,7.0,0.35,0.0,9.0,5.0,1.0,0.8,0.0,1.4,0.45,0.35,0.2,0.35,0.15,0.05,7.0,5.4,base_grid
audit_penalty,Audit/penalty,none,5.4,-5.0,-18.125,-7.79625,5.4,11.200000000000001,-0.6700000000000006,-5.0,5.0,0.2,1.5,0.45,7.0,0.35,0.0,12.0,5.0,1.0,0.8,0.0,1.4,0.45,0.35,0.2,0.35,0.15,0.05,7.0,5.4,base_grid
audit_penalty,Audit/penalty,none,5.4,-5.0,-18.125,-7.79625,5.4,14.200000000000001,0.3800000000000001,-5.0,5.0,0.2,1.5,0.45,7.0,0.35,0.0,15.0,5.0,1.0,0.8,0.0,1.4,0.45,0.35,0.2,0.35,0.15,0.05,7.0,5.4,base_grid
audit_penalty,Audit/penalty,none,5.4,-5.0,-18.975,-8.09375,5.4,8.200000000000001,-1.72,-5.0,5.0,0.2,2.5,0.45,7.0,0.35,0.0,9.0,5.0,1.0,0.8,0.0,1.4,0.45,0.35,0.2,0.35,0.15,0.05,7.0,5.4,base_grid
audit_penalty,Audit/penalty,none,5.4,-5.0,-18.975,-8.09375,5.4,11.200000000000001,-0.6700000000000006,-5.0,5.0,0.2,2.5,0.45,7.0,0.35,0.0,12.0,5.0,1.0,0.8,0.0,1.4,0.45,0.35,0.2,0.35,0.15,0.05,7.0,5.4,base_grid
audit_penalty,Audit/penalty,none,5.4,-5.0,-18.975,-8.09375,5.4,14.200000000000001,0.3800000000000001,-5.0,5.0,0.2,2.5,0.45,7.0,0.35,0.0,15.0,5.0,1.0,0.8,0.0,1.4,0.45,0.35,0.2,0.35,0.15,0.05,7.0,5.4,base_grid
audit_penalty,Audit/penalty,none,5.4,-5.0,-19.825000000000003,-8.39125,5.4,8.200000000000001,-1.72,-5.0,5.0,0.2,3.5,0.45,7.0,0.35,0.0,9.0,5.0,1.0,0.8,0.0,1.4,0.45,0.35,0.2,0.35,0.15,0.05,7.0,5.4,base_grid
audit_penalty,Audit/penalty,none,5.4,-5.0,-19.825000000000003,-8.39125,5.4,11.200000000000001,-0.6700000000000006,-5.0,5.0,0.2,3.5,0.45,7.0,0.35,0.0,12.0,5.0,1.0,0.8,0.0,1.4,0.45,0.35,0.2,0.35,0.15,0.05,7.0,5.4,base_grid
audit_penalty,Audit/penalty,none,5.4,-5.0,-19.825000000000003,-8.39125,5.4,14.200000000000001,0.3800000000000001,-5.0,5.0,0.2,3.5,0.45,7.0,0.35,0.0,15.0,5.0,1.0,0.8,0.0,1.4,0.45,0.35,0.2,0.35,0.15,0.05,7.0,5.4,base_grid
audit_penalty,Audit/penalty,none,5.4,-5.0,-24.775000000000002,-10.87375,5.4,8.200000000000001,-1.72,-5.0,6.5,0.2,0.5,0.45,7.0,0.35,0.0,9.0,5.0,1.0,0.8,0.0,1.4,0.45,0.35,0.2,0.35,0.15,0.05,7.0,5.4,base_grid
audit_penalty,Audit/penalty,none,5.4,-5.0,-24.775000000000002,-10.87375,5.4,11.200000000000001,-0.6700000000000006,-5.0,6.5,0.2,0.5,0.45,7.0,0.35,0.0,12.0,5.0,1.0,0.8,0.0,1.4,0.45,0.35,0.2,0.35,0.15,0.05,7.0,5.4,base_grid
audit_penalty,Audit/penalty,none,5.4,-5.0,-24.775000000000002,-10.87375,5.4,14.200000000000001,0.3800000000000001,-5.0,6.5,0.2,0.5,0.45,7.0,0.35,0.0,15.0,5.0,1.0,0.8,0.0,1.4,0.45,0.35,0.2,0.35,0.15,0.05,7.0,5.4,base_grid
audit_penalty,Audit/penalty,none,5.4,-5.0,-25.625,-11.171249999999999,5.4,8.200000000000001,-1.72,-5.0,6.5,0.2,1.5,0.45,7.0,0.35,0.0,9.0,5.0,1.0,0.8,0.0,1.4,0.45,0.35,0.2,0.35,0.15,0.05,7.0,5.4,base_grid
audit_penalty,Audit/penalty,none,5.4,-5.0,-25.625,-11.171249999999999,5.4,11.200000000000001,-0.6700000000000006,-5.0,6.5,0.2,1.5,0.45,7.0,0.35,0.0,12.0,5.0,1.0,0.8,0.0,1.4,0.45,0.35,0.2,0.35,0.15,0.05,7.0,5.4,base_grid
audit_penalty,Audit/penalty,none,5.4,-5.0,-25.625,-11.171249999999999,5.4,14.200000000000001,0.3800000000000001,-5.0,6.5,0.2,1.5,0.45,7.0,0.35,0.0,15.0,5.0,1.0,0.8,0.0,1.4,0.45,0.35,0.2,0.35,0.15,0.05,7.0,5.4,base_grid
audit_penalty,Audit/penalty,none,5.4,-5.0,-26.475,-11.46875,5.4,8.200000000000001,-1.72,-5.0,6.5,0.2,2.5,0.45,7.0,0.35,0.0,9.0,5.0,1.0,0.8,0.0,1.4,0.45,0.35,0.2,0.35,0.15,0.05,7.0,5.4,base_grid
audit_penalty,Audit/penalty,none,5.4,-5.0,-26.475,-11.46875,5.4,11.200000000000001,-0.6700000000000006,-5.0,6.5,0.2,2.5,0.45,7.0,0.35,0.0,12.0,5.0,1.0,0.8,0.0,1.4,0.45,0.35,0.2,0.35,0.15,0.05,7.0,5.4,base_grid
audit_penalty,Audit/penalty,none,5.4,-5.0,-26.475,-11.46875,5.4,14.200000000000001,0.3800000000000001,-5.0,6.5,0.2,2.5,0.45,7.0,0.35,0.0,15.0,5.0,1.0,0.8,0.0,1.4,0.45,0.35,0.2,0.35,0.15,0.05,7.0,5.4,base_grid
audit_penalty,Audit/penalty,none,5.4,-5.0,-27.325000000000003,-11.76625,5.4,8.200000000000001,-1.72,-5.0,6.5,0.2,3.5,0.45,7.0,0.35,0.0,9.0,5.0,1.0,0.8,0.0,1.4,0.45,0.35,0.2,0.35,0.15,0.05,7.0,5.4,base_grid
audit_penalty,Audit/penalty,none,5.4,-5.0,-27.325000000000003,-11.76625,5.4,11.200000000000001,-0.6700000000000006,-5.0,6.5,0.2,3.5,0.45,7.0,0.35,0.0,12.0,5.0,1.0,0.8,0.0,1.4,0.45,0.35,0.2,0.35,0.15,0.05,7.0,5.4,base_grid
audit_penalty,Audit/penalty,none,5.4,-5.0,-27.325000000000003,-11.76625,5.4,14.200000000000001,0.3800000000000001,-5.0,6.5,0.2,3.5,0.45,7.0,0.35,0.0,15.0,5.0,1.0,0.8,0.0,1.4,0.45,0.35,0.2,0.35,0.15,0.05,7.0,5.4,base_grid
audit_penalty,Audit/penalty,none,5.4,-5.0,-32.275,-14.24875,5.4,8.200000000000001,-1.72,-5.0,8.0,0.2,0.5,0.45,7.0,0.35,0.0,9.0,5.0,1.0,0.8,0.0,1.4,0.45,0.35,0.2,0.35,0.15,0.05,7.0,5.4,base_grid
audit_penalty,Audit/penalty,none,5.4,-5.0,-32.275,-14.24875,5.4,11.200000000000001,-0.6700000000000006,-5.0,8.0,0.2,0.5,0.45,7.0,0.35,0.0,12.0,5.0,1.0,0.8,0.0,1.4,0.45,0.35,0.2,0.35,0.15,0.05,7.0,5.4,base_grid
audit_penalty,Audit/penalty,none,5.4,-5.0,-32.275,-14.24875,5.4,14.200000000000001,0.3800000000000001,-5.0,8.0,0.2,0.5,0.45,7.0,0.35,0.0,15.0,5.0,1.0,0.8,0.0,1.4,0.45,0.35,0.2,0.35,0.15,0.05,7.0,5.4,base_grid
audit_penalty,Audit/penalty,none,5.4,-5.0,-33.125,-14.546249999999999,5.4,8.200000000000001,-1.72,-5.0,8.0,0.2,1.5,0.45,7.0,0.35,0.0,9.0,5.0,1.0,0.8,0.0,1.4,0.45,0.35,0.2,0.35,0.15,0.05,7.0,5.4,base_grid
audit_penalty,Audit/penalty,none,5.4,-5.0,-33.125,-14.546249999999999,5.4,11.200000000000001,-0.6700000000000006,-5.0,8.0,0.2,1.5,0.45,7.0,0.35,0.0,12.0,5.0,1.0,0.8,0.0,1.4,0.45,0.35,0.2,0.35,0.15,0.05,7.0,5.4,base_grid
audit_penalty,Audit/penalty,none,5.4,-5.0,-33.125,-14.546249999999999,5.4,14.200000000000001,0.3800000000000001,-5.0,8.0,0.2,1.5,0.45,7.0,0.35,0.0,15.0,5.0,1.0,0.8,0.0,1.4,0.45,0.35,0.2,0.35,0.15,0.05,7.0,5.4,base_grid
audit_penalty,Audit/penalty,none,5.4,-5.0,-33.975,-14.84375,5.4,8.200000000000001,-1.72,-5.0,8.0,0.2,2.5,0.45,7.0,0.35,0.0,9.0,5.0,1.0,0.8,0.0,1.4,0.45,0.35,0.2,0.35,0.15,0.05,7.0,5.4,base_grid
audit_penalty,Audit/penalty,none,5.4,-5.0,-33.975,-14.84375,5.4,11.200000000000001,-0.6700000000000006,-5.0,8.0,0.2,2.5,0.45,7.0,0.35,0.0,12.0,5.0,1.0,0.8,0.0,1.4,0.45,0.35,0.2,0.35,0.15,0.05,7.0,5.4,base_grid
audit_penalty,Audit/penalty,none,5.4,-5.0,-33.975,-14.84375,5.4,14.200000000000001,0.3800000000000001,-5.0,8.0,0.2,2.5,0.45,7.0,0.35,0.0,15.0,5.0,1.0,0.8,0.0,1.4,0.45,0.35,0.2,0.35,0.15,0.05,7.0,5.4,base_grid
audit_penalty,Audit/penalty,none,5.4,-5.0,-34.825,-15.14125,5.4,8.200000000000001,-1.72,-5.0,8.0,0.2,3.5,0.45,7.0,0.35,0.0,9.0,5.0,1.0,0.8,0.0,1.4,0.45,0.35,0.2,0.35,0.15,0.05,7.0,5.4,base_grid
audit_penalty,Audit/penalty,none,5.4,-5.0,-34.825,-15.14125,5.4,11.200000000000001,-0.6700000000000006,-5.0,8.0,0.2,3.5,0.45,7.0,0.35,0.0,12.0,5.0,1.0,0.8,0.0,1.4,0.45,0.35,0.2,0.35,0.15,0.05,7.0,5.4,base_grid
audit_penalty,Audit/penalty,none,5.4,-5.0,-34.825,-15.14125,5.4,14.200000000000001,0.3800000000000001,-5.0,8.0,0.2,3.5,0.45,7.0,0.35,0.0,15.0,5.0,1.0,0.8,0.0,1.4,0.45,0.35,0.2,0.35,0.15,0.05,7.0,5.4,base_grid
audit_penalty,Audit/penalty,none,5.4,-5.0,-1.0249999999999997,-0.18625000000000008,5.4,8.200000000000001,-1.72,-5.0,3.5,0.4,0.5,0.45,7.0,0.35,0.0,9.0,5.0,1.0,0.8,0.0,1.4,0.45,0.35,0.2,0.35,0.15,0.05,7.0,5.4,base_grid
audit_penalty,Audit/penalty,none,5.4,-5.0,-1.0249999999999997,-0.18625000000000008,5.4,11.200000000000001,-0.6700000000000006,-5.0,3.5,0.4,0.5,0.45,7.0,0.35,0.0,12.0,5.0,1.0,0.8,0.0,1.4,0.45,0.35,0.2,0.35,0.15,0.05,7.0,5.4,base_grid
audit_penalty,Audit/penalty,none,5.4,-5.0,-1.0249999999999997,-0.18625000000000008,5.4,14.200000000000001,0.3800000000000001,-5.0,3.5,0.4,0.5,0.45,7.0,0.35,0.0,15.0,5.0,1.0,0.8,0.0,1.4,0.45,0.35,0.2,0.35,0.15,0.05,7.0,5.4,base_grid
audit_penalty,Audit/penalty,none,5.4,-5.0,-1.8749999999999996,-0.48375,5.4,8.200000000000001,-1.72,-5.0,3.5,0.4,1.5,0.45,7.0,0.35,0.0,9.0,5.0,1.0,0.8,0.0,1.4,0.45,0.35,0.2,0.35,0.15,0.05,7.0,5.4,base_grid
audit_penalty,Audit/penalty,none,5.4,-5.0,-1.8749999999999996,-0.48375,5.4,11.200000000000001,-0.6700000000000006,-5.0,3.5,0.4,1.5,0.45,7.0,0.35,0.0,12.0,5.0,1.0,0.8,0.0,1.4,0.45,0.35,0.2,0.35,0.15,0.05,7.0,5.4,base_grid
audit_penalty,Audit/penalty,none,5.4,-5.0,-1.8749999999999996,-0.48375,5.4,14.200000000000001,0.3800000000000001,-5.0,3.5,0.4,1.5,0.45,7.0,0.35,0.0,15.0,5.0,1.0,0.8,0.0,1.4,0.45,0.35,0.2,0.35,0.15,0.05,7.0,5.4,base_grid
audit_penalty,Audit/penalty,none,5.4,-5.0,-2.7249999999999996,-0.78125,5.4,8.200000000000001,-1.72,-5.0,3.5,0.4,2.5,0.45,7.0,0.35,0.0,9.0,5.0,1.0,0.8,0.0,1.4,0.45,0.35,0.2,0.35,0.15,0.05,7.0,5.4,base_grid
audit_penalty,Audit/penalty,none,5.4,-5.0,-2.7249999999999996,-0.78125,5.4,11.200000000000001,-0.6700000000000006,-5.0,3.5,0.4,2.5,0.45,7.0,0.35,0.0,12.0,5.0,1.0,0.8,0.0,1.4,0.45,0.35,0.2,0.35,0.15,0.05,7.0,5.4,base_grid
audit_penalty,Audit/penalty,none,5.4,-5.0,-2.7249999999999996,-0.78125,5.4,14.200000000000001,0.3800000000000001,-5.0,3.5,0.4,2.5,0.45,7.0,0.35,0.0,15.0,5.0,1.0,0.8,0.0,1.4,0.45,0.35,0.2,0.35,0.15,0.05,7.0,5.4,base_grid
audit_penalty,Audit/penalty,none,5.4,-5.0,-3.5749999999999997,-1.07875,5.4,8.200000000000001,-1.72,-5.0,3.5,0.4,3.5,0.45,7.0,0.35,0.0,9.0,5.0,1.0,0.8,0.0,1.4,0.45,0.35,0.2,0.35,0.15,0.05,7.0,5.4,base_grid
audit_penalty,Audit/penalty,none,5.4,-5.0,-3.5749999999999997,-1.07875,5.4,11.200000000000001,-0.6700000000000006,-5.0,3.5,0.4,3.5,0.45,7.0,0.35,0.0,12.0,5.0,1.0,0.8,0.0,1.4,0.45,0.35,0.2,0.35,0.15,0.05,7.0,5.4,base_grid
audit_penalty,Audit/penalty,none,5.4,-5.0,-3.5749999999999997,-1.07875,5.4,14.200000000000001,0.3800000000000001,-5.0,3.5,0.4,3.5,0.45,7.0,0.35,0.0,15.0,5.0,1.0,0.8,0.0,1.4,0.45,0.35,0.2,0.35,0.15,0.05,7.0,5.4,base_grid
audit_penalty,Audit/penalty,none,5.4,-5.0,-4.7749999999999995,-1.87375,5.4,8.200000000000001,-1.72,-5.0,5.0,0.4,0.5,0.45,7.0,0.35,0.0,9.0,5.0,1.0,0.8,0.0,1.4,0.45,0.35,0.2,0.35,0.15,0.05,7.0,5.4,base_grid
audit_penalty,Audit/penalty,none,5.4,-5.0,-4.7749999999999995,-1.87375,5.4,11.200000000000001,-0.6700000000000006,-5.0,5.0,0.4,0.5,0.45,7.0,0.35,0.0,12.0,5.0,1.0,0.8,0.0,1.4,0.45,0.35,0.2,0.35,0.15,0.05,7.0,5.4,base_grid
audit_penalty,Audit/penalty,none,5.4,-5.0,-4.7749999999999995,-1.87375,5.4,14.200000000000001,0.3800000000000001,-5.0,5.0,0.4,0.5,0.45,7.0,0.35,0.0,15.0,5.0,1.0,0.8,0.0,1.4,0.45,0.35,0.2,0.35,0.15,0.05,7.0,5.4,base_grid
audit_penalty,Audit/penalty,none,5.4,-5.0,-5.625,-2.17125,5.4,8.200000000000001,-1.72,-5.0,5.0,0.4,1.5,0.45,7.0,0.35,0.0,9.0,5.0,1.0,0.8,0.0,1.4,0.45,0.35,0.2,0.35,0.15,0.05,7.0,5.4,base_grid
audit_penalty,Audit/penalty,none,5.4,-5.0,-5.625,-2.17125,5.4,11.200000000000001,-0.6700000000000006,-5.0,5.0,0.4,1.5,0.45,7.0,0.35,0.0,12.0,5.0,1.0,0.8,0.0,1.4,0.45,0.35,0.2,0.35,0.15,0.05,7.0,5.4,base_grid
audit_penalty,Audit/penalty,none,5.4,-5.0,-5.625,-2.17125,5.4,14.200000000000001,0.3800000000000001,-5.0,5.0,0.4,1.5,0.45,7.0,0.35,0.0,15.0,5.0,1.0,0.8,0.0,1.4,0.45,0.35,0.2,0.35,0.15,0.05,7.0,5.4,base_grid
audit_penalty,Audit/penalty,none,5.4,-5.0,-6.475,-2.46875,5.4,8.200000000000001,-1.72,-5.0,5.0,0.4,2.5,0.45,7.0,0.35,0.0,9.0,5.0,1.0,0.8,0.0,1.4,0.45,0.35,0.2,0.35,0.15,0.05,7.0,5.4,base_grid
audit_penalty,Audit/penalty,none,5.4,-5.0,-6.475,-2.46875,5.4,11.200000000000001,-0.6700000000000006,-5.0,5.0,0.4,2.5,0.45,7.0,0.35,0.0,12.0,5.0,1.0,0.8,0.0,1.4,0.45,0.35,0.2,0.35,0.15,0.05,7.0,5.4,base_grid
audit_penalty,Audit/penalty,none,5.4,-5.0,-6.475,-2.46875,5.4,14.200000000000001,0.3800000000000001,-5.0,5.0,0.4,2.5,0.45,7.0,0.35,0.0,15.0,5.0,1.0,0.8,0.0,1.4,0.45,0.35,0.2,0.35,0.15,0.05,7.0,5.4,base_grid
audit_penalty,Audit/penalty,none,5.4,-5.0,-7.324999999999999,-2.7662500000000003,5.4,8.200000000000001,-1.72,-5.0,5.0,0.4,3.5,0.45,7.0,0.35,0.0,9.0,5.0,1.0,0.8,0.0,1.4,0.45,0.35,0.2,0.35,0.15,0.05,7.0,5.4,base_grid
audit_penalty,Audit/penalty,none,5.4,-5.0,-7.324999999999999,-2.7662500000000003,5.4,11.200000000000001,-0.6700000000000006,-5.0,5.0,0.4,3.5,0.45,7.0,0.35,0.0,12.0,5.0,1.0,0.8,0.0,1.4,0.45,0.35,0.2,0.35,0.15,0.05,7.0,5.4,base_grid
audit_penalty,Audit/penalty,none,5.4,-5.0,-7.324999999999999,-2.7662500000000003,5.4,14.200000000000001,0.3800000000000001,-5.0,5.0,0.4,3.5,0.45,7.0,0.35,0.0,15.0,5.0,1.0,0.8,0.0,1.4,0.45,0.35,0.2,0.35,0.15,0.05,7.0,5.4,base_grid
audit_penalty,Audit/penalty,none,5.4,-5.0,-8.525,-3.5612500000000002,5.4,8.200000000000001,-1.72,-5.0,6.5,0.4,0.5,0.45,7.0,0.35,0.0,9.0,5.0,1.0,0.8,0.0,1.4,0.45,0.35,0.2,0.35,0.15,0.05,7.0,5.4,base_grid
audit_penalty,Audit/penalty,none,5.4,-5.0,-8.525,-3.5612500000000002,5.4,11.200000000000001,-0.6700000000000006,-5.0,6.5,0.4,0.5,0.45,7.0,0.35,0.0,12.0,5.0,1.0,0.8,0.0,1.4,0.45,0.35,0.2,0.35,0.15,0.05,7.0,5.4,base_grid
audit_penalty,Audit/penalty,none,5.4,-5.0,-8.525,-3.5612500000000002,5.4,14.200000000000001,0.3800000000000001,-5.0,6.5,0.4,0.5,0.45,7.0,0.35,0.0,15.0,5.0,1.0,0.8,0.0,1.4,0.45,0.35,0.2,0.35,0.15,0.05,7.0,5.4,base_grid
audit_penalty,Audit/penalty,none,5.4,-5.0,-9.375,-3.85875,5.4,8.200000000000001,-1.72,-5.0,6.5,0.4,1.5,0.45,7.0,0.35,0.0,9.0,5.0,1.0,0.8,0.0,1.4,0.45,0.35,0.2,0.35,0.15,0.05,7.0,5.4,base_grid
audit_penalty,Audit/penalty,none,5.4,-5.0,-9.375,-3.85875,5.4,11.200000000000001,-0.6700000000000006,-5.0,6.5,0.4,1.5,0.45,7.0,0.35,0.0,12.0,5.0,1.0,0.8,0.0,1.4,0.45,0.35,0.2,0.35,0.15,0.05,7.0,5.4,base_grid
audit_penalty,Audit/penalty,none,5.4,-5.0,-9.375,-3.85875,5.4,14.200000000000001,0.3800000000000001,-5.0,6.5,0.4,1.5,0.45,7.0,0.35,0.0,15.0,5.0,1.0,0.8,0.0,1.4,0.45,0.35,0.2,0.35,0.15,0.05,7.0,5.4,base_grid
audit_penalty,Audit/penalty,none,5.4,-5.0,-10.225,-4.15625,5.4,8.200000000000001,-1.72,-5.0,6.5,0.4,2.5,0.45,7.0,0.35,0.0,9.0,5.0,1.0,0.8,0.0,1.4,0.45,0.35,0.2,0.35,0.15,0.05,7.0,5.4,base_grid
audit_penalty,Audit/penalty,none,5.4,-5.0,-10.225,-4.15625,5.4,11.200000000000001,-0.6700000000000006,-5.0,6.5,0.4,2.5,0.45,7.0,0.35,0.0,12.0,5.0,1.0,0.8,0.0,1.4,0.45,0.35,0.2,0.35,0.15,0.05,7.0,5.4,base_grid
audit_penalty,Audit/penalty,none,5.4,-5.0,-10.225,-4.15625,5.4,14.200000000000001,0.3800000000000001,-5.0,6.5,0.4,2.5,0.45,7.0,0.35,0.0,15.0,5.0,1.0,0.8,0.0,1.4,0.45,0.35,0.2,0.35,0.15,0.05,7.0,5.4,base_grid
audit_penalty,Audit/penalty,none,5.4,-5.0,-11.075,-4.45375,5.4,8.200000000000001,-1.72,-5.0,6.5,0.4,3.5,0.45,7.0,0.35,0.0,9.0,5.0,1.0,0.8,0.0,1.4,0.45,0.35,0.2,0.35,0.15,0.05,7.0,5.4,base_grid
audit_penalty,Audit/penalty,none,5.4,-5.0,-11.075,-4.45375,5.4,11.200000000000001,-0.6700000000000006,-5.0,6.5,0.4,3.5,0.45,7.0,0.35,0.0,12.0,5.0,1.0,0.8,0.0,1.4,0.45,0.35,0.2,0.35,0.15,0.05,7.0,5.4,base_grid
audit_penalty,Audit/penalty,none,5.4,-5.0,-11.075,-4.45375,5.4,14.200000000000001,0.3800000000000001,-5.0,6.5,0.4,3.5,0.45,7.0,0.35,0.0,15.0,5.0,1.0,0.8,0.0,1.4,0.45,0.35,0.2,0.35,0.15,0.05,7.0,5.4,base_grid
audit_penalty,Audit/penalty,none,5.4,-5.0,-12.275,-5.248749999999999,5.4,8.200000000000001,-1.72,-5.0,8.0,0.4,0.5,0.45,7.0,0.35,0.0,9.0,5.0,1.0,0.8,0.0,1.4,0.45,0.35,0.2,0.35,0.15,0.05,7.0,5.4,base_grid
audit_penalty,Audit/penalty,none,5.4,-5.0,-12.275,-5.248749999999999,5.4,11.200000000000001,-0.6700000000000006,-5.0,8.0,0.4,0.5,0.45,7.0,0.35,0.0,12.0,5.0,1.0,0.8,0.0,1.4,0.45,0.35,0.2,0.35,0.15,0.05,7.0,5.4,base_grid
audit_penalty,Audit/penalty,none,5.4,-5.0,-12.275,-5.248749999999999,5.4,14.200000000000001,0.3800000000000001,-5.0,8.0,0.4,0.5,0.45,7.0,0.35,0.0,15.0,5.0,1.0,0.8,0.0,1.4,0.45,0.35,0.2,0.35,0.15,0.05,7.0,5.4,base_grid
audit_penalty,Audit/penalty,none,5.4,-5.0,-13.125,-5.54625,5.4,8.200000000000001,-1.72,-5.0,8.0,0.4,1.5,0.45,7.0,0.35,0.0,9.0,5.0,1.0,0.8,0.0,1.4,0.45,0.35,0.2,0.35,0.15,0.05,7.0,5.4,base_grid
audit_penalty,Audit/penalty,none,5.4,-5.0,-13.125,-5.54625,5.4,11.200000000000001,-0.6700000000000006,-5.0,8.0,0.4,1.5,0.45,7.0,0.35,0.0,12.0,5.0,1.0,0.8,0.0,1.4,0.45,0.35,0.2,0.35,0.15,0.05,7.0,5.4,base_grid
audit_penalty,Audit/penalty,none,5.4,-5.0,-13.125,-5.54625,5.4,14.200000000000001,0.3800000000000001,-5.0,8.0,0.4,1.5,0.45,7.0,0.35,0.0,15.0,5.0,1.0,0.8,0.0,1.4,0.45,0.35,0.2,0.35,0.15,0.05,7.0,5.4,base_grid
audit_penalty,Audit/penalty,none,5.4,-5.0,-13.975,-5.84375,5.4,8.200000000000001,-1.72,-5.0,8.0,0.4,2.5,0.45,7.0,0.35,0.0,9.0,5.0,1.0,0.8,0.0,1.4,0.45,0.35,0.2,0.35,0.15,0.05,7.0,5.4,base_grid
audit_penalty,Audit/penalty,none,5.4,-5.0,-13.975,-5.84375,5.4,11.200000000000001,-0.6700000000000006,-5.0,8.0,0.4,2.5,0.45,7.0,0.35,0.0,12.0,5.0,1.0,0.8,0.0,1.4,0.45,0.35,0.2,0.35,0.15,0.05,7.0,5.4,base_grid
audit_penalty,Audit/penalty,none,5.4,-5.0,-13.975,-5.84375,5.4,14.200000000000001,0.3800000000000001,-5.0,8.0,0.4,2.5,0.45,7.0,0.35,0.0,15.0,5.0,1.0,0.8,0.0,1.4,0.45,0.35,0.2,0.35,0.15,0.05,7.0,5.4,base_grid
audit_penalty,Audit/penalty,none,5.4,-5.0,-14.825,-6.141249999999999,5.4,8.200000000000001,-1.72,-5.0,8.0,0.4,3.5,0.45,7.0,0.35,0.0,9.0,5.0,1.0,0.8,0.0,1.4,0.45,0.35,0.2,0.35,0.15,0.05,7.0,5.4,base_grid
audit_penalty,Audit/penalty,none,5.4,-5.0,-14.825,-6.141249999999999,5.4,11.200000000000001,-0.6700000000000006,-5.0,8.0,0.4,3.5,0.45,7.0,0.35,0.0,12.0,5.0,1.0,0.8,0.0,1.4,0.45,0.35,0.2,0.35,0.15,0.05,7.0,5.4,base_grid
audit_penalty,Audit/penalty,none,5.4,-5.0,-14.825,-6.141249999999999,5.4,14.200000000000001,0.3800000000000001,-5.0,8.0,0.4,3.5,0.45,7.0,0.35,0.0,15.0,5.0,1.0,0.8,0.0,1.4,0.45,0.35,0.2,0.35,0.15,0.05,7.0,5.4,base_grid
audit_penalty,Audit/penalty,none,5.4,-5.0,1.8916666666666664,1.126249999999999,5.4,8.200000000000001,-1.72,-5.0,3.5,0.6,0.5,0.45,7.0,0.35,0.0,9.0,5.0,1.0,0.8,0.0,1.4,0.45,0.35,0.2,0.35,0.15,0.05,7.0,5.4,base_grid
audit_penalty,Audit/penalty,none,5.4,-5.0,1.8916666666666664,1.126249999999999,5.4,11.200000000000001,-0.6700000000000006,-5.0,3.5,0.6,0.5,0.45,7.0,0.35,0.0,12.0,5.0,1.0,0.8,0.0,1.4,0.45,0.35,0.2,0.35,0.15,0.05,7.0,5.4,base_grid
audit_penalty,Audit/penalty,none,5.4,-5.0,1.8916666666666664,1.126249999999999,5.4,14.200000000000001,0.3800000000000001,-5.0,3.5,0.6,0.5,0.45,7.0,0.35,0.0,15.0,5.0,1.0,0.8,0.0,1.4,0.45,0.35,0.2,0.35,0.15,0.05,7.0,5.4,base_grid
audit_penalty,Audit/penalty,none,5.4,-5.0,1.0416666666666665,0.8287499999999991,5.4,8.200000000000001,-1.72,-5.0,3.5,0.6,1.5,0.45,7.0,0.35,0.0,9.0,5.0,1.0,0.8,0.0,1.4,0.45,0.35,0.2,0.35,0.15,0.05,7.0,5.4,base_grid
audit_penalty,Audit/penalty,none,5.4,-5.0,1.0416666666666665,0.8287499999999991,5.4,11.200000000000001,-0.6700000000000006,-5.0,3.5,0.6,1.5,0.45,7.0,0.35,0.0,12.0,5.0,1.0,0.8,0.0,1.4,0.45,0.35,0.2,0.35,0.15,0.05,7.0,5.4,base_grid
audit_penalty,Audit/penalty,none,5.4,-5.0,1.0416666666666665,0.8287499999999991,5.4,14.200000000000001,0.3800000000000001,-5.0,3.5,0.6,1.5,0.45,7.0,0.35,0.0,15.0,5.0,1.0,0.8,0.0,1.4,0.45,0.35,0.2,0.35,0.15,0.05,7.0,5.4,base_grid
audit_penalty,Audit/penalty,none,5.4,-5.0,0.19166666666666643,0.5312499999999991,5.4,8.200000000000001,-1.72,-5.0,3.5,0.6,2.5,0.45,7.0,0.35,0.0,9.0,5.0,1.0,0.8,0.0,1.4,0.45,0.35,0.2,0.35,0.15,0.05,7.0,5.4,base_grid
audit_penalty,Audit/penalty,none,5.4,-5.0,0.19166666666666643,0.5312499999999991,5.4,11.200000000000001,-0.6700000000000006,-5.0,3.5,0.6,2.5,0.45,7.0,0.35,0.0,12.0,5.0,1.0,0.8,0.0,1.4,0.45,0.35,0.2,0.35,0.15,0.05,7.0,5.4,base_grid
audit_penalty,Audit/penalty,none,5.4,-5.0,0.19166666666666643,0.5312499999999991,5.4,14.200000000000001,0.3800000000000001,-5.0,3.5,0.6,2.5,0.45,7.0,0.35,0.0,15.0,5.0,1.0,0.8,0.0,1.4,0.45,0.35,0.2,0.35,0.15,0.05,7.0,5.4,base_grid
audit_penalty,Audit/penalty,none,5.4,-5.0,-0.6583333333333337,0.23374999999999901,5.4,8.200000000000001,-1.72,-5.0,3.5,0.6,3.5,0.45,7.0,0.35,0.0,9.0,5.0,1.0,0.8,0.0,1.4,0.45,0.35,0.2,0.35,0.15,0.05,7.0,5.4,base_grid
audit_penalty,Audit/penalty,none,5.4,-5.0,-0.6583333333333337,0.23374999999999901,5.4,11.200000000000001,-0.6700000000000006,-5.0,3.5,0.6,3.5,0.45,7.0,0.35,0.0,12.0,5.0,1.0,0.8,0.0,1.4,0.45,0.35,0.2,0.35,0.15,0.05,7.0,5.4,base_grid
audit_penalty,Audit/penalty,none,5.4,-5.0,-0.6583333333333337,0.23374999999999901,5.4,14.200000000000001,0.3800000000000001,-5.0,3.5,0.6,3.5,0.45,7.0,0.35,0.0,15.0,5.0,1.0,0.8,0.0,1.4,0.45,0.35,0.2,0.35,0.15,0.05,7.0,5.4,base_grid
audit_penalty,Audit/penalty,none,5.4,-5.0,-0.6083333333333336,0.0012499999999994738,5.4,8.200000000000001,-1.72,-5.0,5.0,0.6,0.5,0.45,7.0,0.35,0.0,9.0,5.0,1.0,0.8,0.0,1.4,0.45,0.35,0.2,0.35,0.15,0.05,7.0,5.4,base_grid
audit_penalty,Audit/penalty,none,5.4,-5.0,-0.6083333333333336,0.0012499999999994738,5.4,11.200000000000001,-0.6700000000000006,-5.0,5.0,0.6,0.5,0.45,7.0,0.35,0.0,12.0,5.0,1.0,0.8,0.0,1.4,0.45,0.35,0.2,0.35,0.15,0.05,7.0,5.4,base_grid
audit_penalty,Audit/penalty,none,5.4,-5.0,-0.6083333333333336,0.0012499999999994738,5.4,14.200000000000001,0.3800000000000001,-5.0,5.0,0.6,0.5,0.45,7.0,0.35,0.0,15.0,5.0,1.0,0.8,0.0,1.4,0.45,0.35,0.2,0.35,0.15,0.05,7.0,5.4,base_grid
audit_penalty,Audit/penalty,none,5.4,-5.0,-1.4583333333333335,-0.29625000000000046,5.4,8.200000000000001,-1.72,-5.0,5.0,0.6,1.5,0.45,7.0,0.35,0.0,9.0,5.0,1.0,0.8,0.0,1.4,0.45,0.35,0.2,0.35,0.15,0.05,7.0,5.4,base_grid
audit_penalty,Audit/penalty,none,5.4,-5.0,-1.4583333333333335,-0.29625000000000046,5.4,11.200000000000001,-0.6700000000000006,-5.0,5.0,0.6,1.5,0.45,7.0,0.35,0.0,12.0,5.0,1.0,0.8,0.0,1.4,0.45,0.35,0.2,0.35,0.15,0.05,7.0,5.4,base_grid
audit_penalty,Audit/penalty,none,5.4,-5.0,-1.4583333333333335,-0.29625000000000046,5.4,14.200000000000001,0.3800000000000001,-5.0,5.0,0.6,1.5,0.45,7.0,0.35,0.0,15.0,5.0,1.0,0.8,0.0,1.4,0.45,0.35,0.2,0.35,0.15,0.05,7.0,5.4,base_grid
audit_penalty,Audit/penalty,none,5.4,-5.0,-2.3083333333333336,-0.5937500000000004,5.4,8.200000000000001,-1.72,-5.0,5.0,0.6,2.5,0.45,7.0,0.35,0.0,9.0,5.0,1.0,0.8,0.0,1.4,0.45,0.35,0.2,0.35,0.15,0.05,7.0,5.4,base_grid
audit_penalty,Audit/penalty,none,5.4,-5.0,-2.3083333333333336,-0.5937500000000004,5.4,11.200000000000001,-0.6700000000000006,-5.0,5.0,0.6,2.5,0.45,7.0,0.35,0.0,12.0,5.0,1.0,0.8,0.0,1.4,0.45,0.35,0.2,0.35,0.15,0.05,7.0,5.4,base_grid
audit_penalty,Audit/penalty,none,5.4,-5.0,-2.3083333333333336,-0.5937500000000004,5.4,14.200000000000001,0.3800000000000001,-5.0,5.0,0.6,2.5,0.45,7.0,0.35,0.0,15.0,5.0,1.0,0.8,0.0,1.4,0.45,0.35,0.2,0.35,0.15,0.05,7.0,5.4,base_grid
audit_penalty,Audit/penalty,none,5.4,-5.0,-3.1583333333333337,-0.8912500000000005,5.4,8.200000000000001,-1.72,-5.0,5.0,0.6,3.5,0.45,7.0,0.35,0.0,9.0,5.0,1.0,0.8,0.0,1.4,0.45,0.35,0.2,0.35,0.15,0.05,7.0,5.4,base_grid
audit_penalty,Audit/penalty,none,5.4,-5.0,-3.1583333333333337,-0.8912500000000005,5.4,11.200000000000001,-0.6700000000000006,-5.0,5.0,0.6,3.5,0.45,7.0,0.35,0.0,12.0,5.0,1.0,0.8,0.0,1.4,0.45,0.35,0.2,0.35,0.15,0.05,7.0,5.4,base_grid
audit_penalty,Audit/penalty,none,5.4,-5.0,-3.1583333333333337,-0.8912500000000005,5.4,14.200000000000001,0.3800000000000001,-5.0,5.0,0.6,3.5,0.45,7.0,0.35,0.0,15.0,5.0,1.0,0.8,0.0,1.4,0.45,0.35,0.2,0.35,0.15,0.05,7.0,5.4,base_grid
audit_penalty,Audit/penalty,none,5.4,-5.0,-3.1083333333333334,-1.12375,5.4,8.200000000000001,-1.72,-5.0,6.5,0.6,0.5,0.45,7.0,0.35,0.0,9.0,5.0,1.0,0.8,0.0,1.4,0.45,0.35,0.2,0.35,0.15,0.05,7.0,5.4,base_grid
audit_penalty,Audit/penalty,none,5.4,-5.0,-3.1083333333333334,-1.12375,5.4,11.200000000000001,-0.6700000000000006,-5.0,6.5,0.6,0.5,0.45,7.0,0.35,0.0,12.0,5.0,1.0,0.8,0.0,1.4,0.45,0.35,0.2,0.35,0.15,0.05,7.0,5.4,base_grid
audit_penalty,Audit/penalty,none,5.4,-5.0,-3.1083333333333334,-1.12375,5.4,14.200000000000001,0.3800000000000001,-5.0,6.5,0.6,0.5,0.45,7.0,0.35,0.0,15.0,5.0,1.0,0.8,0.0,1.4,0.45,0.35,0.2,0.35,0.15,0.05,7.0,5.4,base_grid
audit_penalty,Audit/penalty,none,5.4,-5.0,-3.9583333333333335,-1.4212500000000001,5.4,8.200000000000001,-1.72,-5.0,6.5,0.6,1.5,0.45,7.0,0.35,0.0,9.0,5.0,1.0,0.8,0.0,1.4,0.45,0.35,0.2,0.35,0.15,0.05,7.0,5.4,base_grid
audit_penalty,Audit/penalty,none,5.4,-5.0,-3.9583333333333335,-1.4212500000000001,5.4,11.200000000000001,-0.6700000000000006,-5.0,6.5,0.6,1.5,0.45,7.0,0.35,0.0,12.0,5.0,1.0,0.8,0.0,1.4,0.45,0.35,0.2,0.35,0.15,0.05,7.0,5.4,base_grid
audit_penalty,Audit/penalty,none,5.4,-5.0,-3.9583333333333335,-1.4212500000000001,5.4,14.200000000000001,0.3800000000000001,-5.0,6.5,0.6,1.5,0.45,7.0,0.35,0.0,15.0,5.0,1.0,0.8,0.0,1.4,0.45,0.35,0.2,0.35,0.15,0.05,7.0,5.4,base_grid
audit_penalty,Audit/penalty,none,5.4,-5.0,-4.808333333333334,-1.71875,5.4,8.200000000000001,-1.72,-5.0,6.5,0.6,2.5,0.45,7.0,0.35,0.0,9.0,5.0,1.0,0.8,0.0,1.4,0.45,0.35,0.2,0.35,0.15,0.05,7.0,5.4,base_grid
audit_penalty,Audit/penalty,none,5.4,-5.0,-4.808333333333334,-1.71875,5.4,11.200000000000001,-0.6700000000000006,-5.0,6.5,0.6,2.5,0.45,7.0,0.35,0.0,12.0,5.0,1.0,0.8,0.0,1.4,0.45,0.35,0.2,0.35,0.15,0.05,7.0,5.4,base_grid
audit_penalty,Audit/penalty,none,5.4,-5.0,-4.808333333333334,-1.71875,5.4,14.200000000000001,0.3800000000000001,-5.0,6.5,0.6,2.5,0.45,7.0,0.35,0.0,15.0,5.0,1.0,0.8,0.0,1.4,0.45,0.35,0.2,0.35,0.15,0.05,7.0,5.4,base_grid
audit_penalty,Audit/penalty,none,5.4,-5.0,-5.658333333333333,-2.0162500000000003,5.4,8.200000000000001,-1.72,-5.0,6.5,0.6,3.5,0.45,7.0,0.35,0.0,9.0,5.0,1.0,0.8,0.0,1.4,0.45,0.35,0.2,0.35,0.15,0.05,7.0,5.4,base_grid
audit_penalty,Audit/penalty,none,5.4,-5.0,-5.658333333333333,-2.0162500000000003,5.4,11.200000000000001,-0.6700000000000006,-5.0,6.5,0.6,3.5,0.45,7.0,0.35,0.0,12.0,5.0,1.0,0.8,0.0,1.4,0.45,0.35,0.2,0.35,0.15,0.05,7.0,5.4,base_grid
audit_penalty,Audit/penalty,none,5.4,-5.0,-5.658333333333333,-2.0162500000000003,5.4,14.200000000000001,0.3800000000000001,-5.0,6.5,0.6,3.5,0.45,7.0,0.35,0.0,15.0,5.0,1.0,0.8,0.0,1.4,0.45,0.35,0.2,0.35,0.15,0.05,7.0,5.4,base_grid
audit_penalty,Audit/penalty,none,5.4,-5.0,-5.608333333333333,-2.2487500000000002,5.4,8.200000000000001,-1.72,-5.0,8.0,0.6,0.5,0.45,7.0,0.35,0.0,9.0,5.0,1.0,0.8,0.0,1.4,0.45,0.35,0.2,0.35,0.15,0.05,7.0,5.4,base_grid
audit_penalty,Audit/penalty,none,5.4,-5.0,-5.608333333333333,-2.2487500000000002,5.4,11.200000000000001,-0.6700000000000006,-5.0,8.0,0.6,0.5,0.45,7.0,0.35,0.0,12.0,5.0,1.0,0.8,0.0,1.4,0.45,0.35,0.2,0.35,0.15,0.05,7.0,5.4,base_grid
audit_penalty,Audit/penalty,none,5.4,-5.0,-5.608333333333333,-2.2487500000000002,5.4,14.200000000000001,0.3800000000000001,-5.0,8.0,0.6,0.5,0.45,7.0,0.35,0.0,15.0,5.0,1.0,0.8,0.0,1.4,0.45,0.35,0.2,0.35,0.15,0.05,7.0,5.4,base_grid
audit_penalty,Audit/penalty,none,5.4,-5.0,-6.458333333333334,-2.54625,5.4,8.200000000000001,-1.72,-5.0,8.0,0.6,1.5,0.45,7.0,0.35,0.0,9.0,5.0,1.0,0.8,0.0,1.4,0.45,0.35,0.2,0.35,0.15,0.05,7.0,5.4,base_grid
audit_penalty,Audit/penalty,none,5.4,-5.0,-6.458333333333334,-2.54625,5.4,11.200000000000001,-0.6700000000000006,-5.0,8.0,0.6,1.5,0.45,7.0,0.35,0.0,12.0,5.0,1.0,0.8,0.0,1.4,0.45,0.35,0.2,0.35,0.15,0.05,7.0,5.4,base_grid
audit_penalty,Audit/penalty,none,5.4,-5.0,-6.458333333333334,-2.54625,5.4,14.200000000000001,0.3800000000000001,-5.0,8.0,0.6,1.5,0.45,7.0,0.35,0.0,15.0,5.0,1.0,0.8,0.0,1.4,0.45,0.35,0.2,0.35,0.15,0.05,7.0,5.4,base_grid
audit_penalty,Audit/penalty,none,5.4,-5.0,-7.308333333333334,-2.84375,5.4,8.200000000000001,-1.72,-5.0,8.0,0.6,2.5,0.45,7.0,0.35,0.0,9.0,5.0,1.0,0.8,0.0,1.4,0.45,0.35,0.2,0.35,0.15,0.05,7.0,5.4,base_grid
audit_penalty,Audit/penalty,none,5.4,-5.0,-7.308333333333334,-2.84375,5.4,11.200000000000001,-0.6700000000000006,-5.0,8.0,0.6,2.5,0.45,7.0,0.35,0.0,12.0,5.0,1.0,0.8,0.0,1.4,0.45,0.35,0.2,0.35,0.15,0.05,7.0,5.4,base_grid
audit_penalty,Audit/penalty,none,5.4,-5.0,-7.308333333333334,-2.84375,5.4,14.200000000000001,0.3800000000000001,-5.0,8.0,0.6,2.5,0.45,7.0,0.35,0.0,15.0,5.0,1.0,0.8,0.0,1.4,0.45,0.35,0.2,0.35,0.15,0.05,7.0,5.4,base_grid
audit_penalty,Audit/penalty,none,5.4,-5.0,-8.158333333333333,-3.1412500000000003,5.4,8.200000000000001,-1.72,-5.0,8.0,0.6,3.5,0.45,7.0,0.35,0.0,9.0,5.0,1.0,0.8,0.0,1.4,0.45,0.35,0.2,0.35,0.15,0.05,7.0,5.4,base_grid
audit_penalty,Audit/penalty,none,5.4,-5.0,-8.158333333333333,-3.1412500000000003,5.4,11.200000000000001,-0.6700000000000006,-5.0,8.0,0.6,3.5,0.45,7.0,0.35,0.0,12.0,5.0,1.0,0.8,0.0,1.4,0.45,0.35,0.2,0.35,0.15,0.05,7.0,5.4,base_grid
audit_penalty,Audit/penalty,none,5.4,-5.0,-8.158333333333333,-3.1412500000000003,5.4,14.200000000000001,0.3800000000000001,-5.0,8.0,0.6,3.5,0.45,7.0,0.35,0.0,15.0,5.0,1.0,0.8,0.0,1.4,0.45,0.35,0.2,0.35,0.15,0.05,7.0,5.4,base_grid
audit_penalty,Audit/penalty,none,5.4,-5.0,3.3500000000000005,1.7825,5.4,8.200000000000001,-1.72,-5.0,3.5,0.8,0.5,0.45,7.0,0.35,0.0,9.0,5.0,1.0,0.8,0.0,1.4,0.45,0.35,0.2,0.35,0.15,0.05,7.0,5.4,base_grid
audit_penalty,Audit/penalty,none,5.4,-5.0,3.3500000000000005,1.7825,5.4,11.200000000000001,-0.6700000000000006,-5.0,3.5,0.8,0.5,0.45,7.0,0.35,0.0,12.0,5.0,1.0,0.8,0.0,1.4,0.45,0.35,0.2,0.35,0.15,0.05,7.0,5.4,base_grid
audit_penalty,Audit/penalty,none,5.4,-5.0,3.3500000000000005,1.7825,5.4,14.200000000000001,0.3800000000000001,-5.0,3.5,0.8,0.5,0.45,7.0,0.35,0.0,15.0,5.0,1.0,0.8,0.0,1.4,0.45,0.35,0.2,0.35,0.15,0.05,7.0,5.4,base_grid
audit_penalty,Audit/penalty,none,5.4,-5.0,2.5000000000000004,1.4849999999999999,5.4,8.200000000000001,-1.72,-5.0,3.5,0.8,1.5,0.45,7.0,0.35,0.0,9.0,5.0,1.0,0.8,0.0,1.4,0.45,0.35,0.2,0.35,0.15,0.05,7.0,5.4,base_grid
audit_penalty,Audit/penalty,none,5.4,-5.0,2.5000000000000004,1.4849999999999999,5.4,11.200000000000001,-0.6700000000000006,-5.0,3.5,0.8,1.5,0.45,7.0,0.35,0.0,12.0,5.0,1.0,0.8,0.0,1.4,0.45,0.35,0.2,0.35,0.15,0.05,7.0,5.4,base_grid
audit_penalty,Audit/penalty,none,5.4,-5.0,2.5000000000000004,1.4849999999999999,5.4,14.200000000000001,0.3800000000000001,-5.0,3.5,0.8,1.5,0.45,7.0,0.35,0.0,15.0,5.0,1.0,0.8,0.0,1.4,0.45,0.35,0.2,0.35,0.15,0.05,7.0,5.4,base_grid
audit_penalty,Audit/penalty,none,5.4,-5.0,1.6500000000000004,1.1875,5.4,8.200000000000001,-1.72,-5.0,3.5,0.8,2.5,0.45,7.0,0.35,0.0,9.0,5.0,1.0,0.8,0.0,1.4,0.45,0.35,0.2,0.35,0.15,0.05,7.0,5.4,base_grid
audit_penalty,Audit/penalty,none,5.4,-5.0,1.6500000000000004,1.1875,5.4,11.200000000000001,-0.6700000000000006,-5.0,3.5,0.8,2.5,0.45,7.0,0.35,0.0,12.0,5.0,1.0,0.8,0.0,1.4,0.45,0.35,0.2,0.35,0.15,0.05,7.0,5.4,base_grid
audit_penalty,Audit/penalty,none,5.4,-5.0,1.6500000000000004,1.1875,5.4,14.200000000000001,0.3800000000000001,-5.0,3.5,0.8,2.5,0.45,7.0,0.35,0.0,15.0,5.0,1.0,0.8,0.0,1.4,0.45,0.35,0.2,0.35,0.15,0.05,7.0,5.4,base_grid
audit_penalty,Audit/penalty,none,5.4,-5.0,0.8000000000000003,0.8899999999999999,5.4,8.200000000000001,-1.72,-5.0,3.5,0.8,3.5,0.45,7.0,0.35,0.0,9.0,5.0,1.0,0.8,0.0,1.4,0.45,0.35,0.2,0.35,0.15,0.05,7.0,5.4,base_grid
audit_penalty,Audit/penalty,none,5.4,-5.0,0.8000000000000003,0.8899999999999999,5.4,11.200000000000001,-0.6700000000000006,-5.0,3.5,0.8,3.5,0.45,7.0,0.35,0.0,12.0,5.0,1.0,0.8,0.0,1.4,0.45,0.35,0.2,0.35,0.15,0.05,7.0,5.4,base_grid
audit_penalty,Audit/penalty,none,5.4,-5.0,0.8000000000000003,0.8899999999999999,5.4,14.200000000000001,0.3800000000000001,-5.0,3.5,0.8,3.5,0.45,7.0,0.35,0.0,15.0,5.0,1.0,0.8,0.0,1.4,0.45,0.35,0.2,0.35,0.15,0.05,7.0,5.4,base_grid
audit_penalty,Audit/penalty,none,5.4,-5.0,1.4750000000000003,0.93875,5.4,8.200000000000001,-1.72,-5.0,5.0,0.8,0.5,0.45,7.0,0.35,0.0,9.0,5.0,1.0,0.8,0.0,1.4,0.45,0.35,0.2,0.35,0.15,0.05,7.0,5.4,base_grid
audit_penalty,Audit/penalty,none,5.4,-5.0,1.4750000000000003,0.93875,5.4,11.200000000000001,-0.6700000000000006,-5.0,5.0,0.8,0.5,0.45,7.0,0.35,0.0,12.0,5.0,1.0,0.8,0.0,1.4,0.45,0.35,0.2,0.35,0.15,0.05,7.0,5.4,base_grid
audit_penalty,Audit/penalty,none,5.4,-5.0,1.4750000000000003,0.93875,5.4,14.200000000000001,0.3800000000000001,-5.0,5.0,0.8,0.5,0.45,7.0,0.35,0.0,15.0,5.0,1.0,0.8,0.0,1.4,0.45,0.35,0.2,0.35,0.15,0.05,7.0,5.4,base_grid
audit_penalty,Audit/penalty,none,5.4,-5.0,0.6250000000000004,0.64125,5.4,8.200000000000001,-1.72,-5.0,5.0,0.8,1.5,0.45,7.0,0.35,0.0,9.0,5.0,1.0,0.8,0.0,1.4,0.45,0.35,0.2,0.35,0.15,0.05,7.0,5.4,base_grid
audit_penalty,Audit/penalty,none,5.4,-5.0,0.6250000000000004,0.64125,5.4,11.200000000000001,-0.6700000000000006,-5.0,5.0,0.8,1.5,0.45,7.0,0.35,0.0,12.0,5.0,1.0,0.8,0.0,1.4,0.45,0.35,0.2,0.35,0.15,0.05,7.0,5.4,base_grid
audit_penalty,Audit/penalty,none,5.4,-5.0,0.6250000000000004,0.64125,5.4,14.200000000000001,0.3800000000000001,-5.0,5.0,0.8,1.5,0.45,7.0,0.35,0.0,15.0,5.0,1.0,0.8,0.0,1.4,0.45,0.35,0.2,0.35,0.15,0.05,7.0,5.4,base_grid
audit_penalty,Audit/penalty,none,5.4,-5.0,-0.22499999999999964,0.34375,5.4,8.200000000000001,-1.72,-5.0,5.0,0.8,2.5,0.45,7.0,0.35,0.0,9.0,5.0,1.0,0.8,0.0,1.4,0.45,0.35,0.2,0.35,0.15,0.05,7.0,5.4,base_grid
audit_penalty,Audit/penalty,none,5.4,-5.0,-0.22499999999999964,0.34375,5.4,11.200000000000001,-0.6700000000000006,-5.0,5.0,0.8,2.5,0.45,7.0,0.35,0.0,12.0,5.0,1.0,0.8,0.0,1.4,0.45,0.35,0.2,0.35,0.15,0.05,7.0,5.4,base_grid
audit_penalty,Audit/penalty,none,5.4,-5.0,-0.22499999999999964,0.34375,5.4,14.200000000000001,0.3800000000000001,-5.0,5.0,0.8,2.5,0.45,7.0,0.35,0.0,15.0,5.0,1.0,0.8,0.0,1.4,0.45,0.35,0.2,0.35,0.15,0.05,7.0,5.4,base_grid
audit_penalty,Audit/penalty,none,5.4,-5.0,-1.0749999999999997,0.0462499999999999,5.4,8.200000000000001,-1.72,-5.0,5.0,0.8,3.5,0.45,7.0,0.35,0.0,9.0,5.0,1.0,0.8,0.0,1.4,0.45,0.35,0.2,0.35,0.15,0.05,7.0,5.4,base_grid
audit_penalty,Audit/penalty,none,5.4,-5.0,-1.0749999999999997,0.0462499999999999,5.4,11.200000000000001,-0.6700000000000006,-5.0,5.0,0.8,3.5,0.45,7.0,0.35,0.0,12.0,5.0,1.0,0.8,0.0,1.4,0.45,0.35,0.2,0.35,0.15,0.05,7.0,5.4,base_grid
audit_penalty,Audit/penalty,none,5.4,-5.0,-1.0749999999999997,0.0462499999999999,5.4,14.200000000000001,0.3800000000000001,-5.0,5.0,0.8,3.5,0.45,7.0,0.35,0.0,15.0,5.0,1.0,0.8,0.0,1.4,0.45,0.35,0.2,0.35,0.15,0.05,7.0,5.4,base_grid
audit_penalty,Audit/penalty,none,5.4,-5.0,-0.39999999999999963,0.09499999999999992,5.4,8.200000000000001,-1.72,-5.0,6.5,0.8,0.5,0.45,7.0,0.35,0.0,9.0,5.0,1.0,0.8,0.0,1.4,0.45,0.35,0.2,0.35,0.15,0.05,7.0,5.4,base_grid
audit_penalty,Audit/penalty,none,5.4,-5.0,-0.39999999999999963,0.09499999999999992,5.4,11.200000000000001,-0.6700000000000006,-5.0,6.5,0.8,0.5,0.45,7.0,0.35,0.0,12.0,5.0,1.0,0.8,0.0,1.4,0.45,0.35,0.2,0.35,0.15,0.05,7.0,5.4,base_grid
audit_penalty,Audit/penalty,none,5.4,-5.0,-0.39999999999999963,0.09499999999999992,5.4,14.200000000000001,0.3800000000000001,-5.0,6.5,0.8,0.5,0.45,7.0,0.35,0.0,15.0,5.0,1.0,0.8,0.0,1.4,0.45,0.35,0.2,0.35,0.15,0.05,7.0,5.4,base_grid
audit_penalty,Audit/penalty,none,5.4,-5.0,-1.2499999999999996,-0.2025,5.4,8.200000000000001,-1.72,-5.0,6.5,0.8,1.5,0.45,7.0,0.35,0.0,9.0,5.0,1.0,0.8,0.0,1.4,0.45,0.35,0.2,0.35,0.15,0.05,7.0,5.4,base_grid
audit_penalty,Audit/penalty,none,5.4,-5.0,-1.2499999999999996,-0.2025,5.4,11.200000000000001,-0.6700000000000006,-5.0,6.5,0.8,1.5,0.45,7.0,0.35,0.0,12.0,5.0,1.0,0.8,0.0,1.4,0.45,0.35,0.2,0.35,0.15,0.05,7.0,5.4,base_grid
audit_penalty,Audit/penalty,none,5.4,-5.0,-1.2499999999999996,-0.2025,5.4,14.200000000000001,0.3800000000000001,-5.0,6.5,0.8,1.5,0.45,7.0,0.35,0.0,15.0,5.0,1.0,0.8,0.0,1.4,0.45,0.35,0.2,0.35,0.15,0.05,7.0,5.4,base_grid
audit_penalty,Audit/penalty,none,5.4,-5.0,-2.0999999999999996,-0.5,5.4,8.200000000000001,-1.72,-5.0,6.5,0.8,2.5,0.45,7.0,0.35,0.0,9.0,5.0,1.0,0.8,0.0,1.4,0.45,0.35,0.2,0.35,0.15,0.05,7.0,5.4,base_grid
audit_penalty,Audit/penalty,none,5.4,-5.0,-2.0999999999999996,-0.5,5.4,11.200000000000001,-0.6700000000000006,-5.0,6.5,0.8,2.5,0.45,7.0,0.35,0.0,12.0,5.0,1.0,0.8,0.0,1.4,0.45,0.35,0.2,0.35,0.15,0.05,7.0,5.4,base_grid
audit_penalty,Audit/penalty,none,5.4,-5.0,-2.0999999999999996,-0.5,5.4,14.200000000000001,0.3800000000000001,-5.0,6.5,0.8,2.5,0.45,7.0,0.35,0.0,15.0,5.0,1.0,0.8,0.0,1.4,0.45,0.35,0.2,0.35,0.15,0.05,7.0,5.4,base_grid
audit_penalty,Audit/penalty,none,5.4,-5.0,-2.9499999999999997,-0.7975000000000001,5.4,8.200000000000001,-1.72,-5.0,6.5,0.8,3.5,0.45,7.0,0.35,0.0,9.0,5.0,1.0,0.8,0.0,1.4,0.45,0.35,0.2,0.35,0.15,0.05,7.0,5.4,base_grid
audit_penalty,Audit/penalty,none,5.4,-5.0,-2.9499999999999997,-0.7975000000000001,5.4,11.200000000000001,-0.6700000000000006,-5.0,6.5,0.8,3.5,0.45,7.0,0.35,0.0,12.0,5.0,1.0,0.8,0.0,1.4,0.45,0.35,0.2,0.35,0.15,0.05,7.0,5.4,base_grid
audit_penalty,Audit/penalty,none,5.4,-5.0,-2.9499999999999997,-0.7975000000000001,5.4,14.200000000000001,0.3800000000000001,-5.0,6.5,0.8,3.5,0.45,7.0,0.35,0.0,15.0,5.0,1.0,0.8,0.0,1.4,0.45,0.35,0.2,0.35,0.15,0.05,7.0,5.4,base_grid
audit_penalty,Audit/penalty,none,5.4,-5.0,-2.2749999999999995,-0.74875,5.4,8.200000000000001,-1.72,-5.0,8.0,0.8,0.5,0.45,7.0,0.35,0.0,9.0,5.0,1.0,0.8,0.0,1.4,0.45,0.35,0.2,0.35,0.15,0.05,7.0,5.4,base_grid
audit_penalty,Audit/penalty,none,5.4,-5.0,-2.2749999999999995,-0.74875,5.4,11.200000000000001,-0.6700000000000006,-5.0,8.0,0.8,0.5,0.45,7.0,0.35,0.0,12.0,5.0,1.0,0.8,0.0,1.4,0.45,0.35,0.2,0.35,0.15,0.05,7.0,5.4,base_grid
audit_penalty,Audit/penalty,none,5.4,-5.0,-2.2749999999999995,-0.74875,5.4,14.200000000000001,0.3800000000000001,-5.0,8.0,0.8,0.5,0.45,7.0,0.35,0.0,15.0,5.0,1.0,0.8,0.0,1.4,0.45,0.35,0.2,0.35,0.15,0.05,7.0,5.4,base_grid
audit_penalty,Audit/penalty,none,5.4,-5.0,-3.1249999999999996,-1.0462500000000001,5.4,8.200000000000001,-1.72,-5.0,8.0,0.8,1.5,0.45,7.0,0.35,0.0,9.0,5.0,1.0,0.8,0.0,1.4,0.45,0.35,0.2,0.35,0.15,0.05,7.0,5.4,base_grid
audit_penalty,Audit/penalty,none,5.4,-5.0,-3.1249999999999996,-1.0462500000000001,5.4,11.200000000000001,-0.6700000000000006,-5.0,8.0,0.8,1.5,0.45,7.0,0.35,0.0,12.0,5.0,1.0,0.8,0.0,1.4,0.45,0.35,0.2,0.35,0.15,0.05,7.0,5.4,base_grid
audit_penalty,Audit/penalty,none,5.4,-5.0,-3.1249999999999996,-1.0462500000000001,5.4,14.200000000000001,0.3800000000000001,-5.0,8.0,0.8,1.5,0.45,7.0,0.35,0.0,15.0,5.0,1.0,0.8,0.0,1.4,0.45,0.35,0.2,0.35,0.15,0.05,7.0,5.4,base_grid
audit_penalty,Audit/penalty,none,5.4,-5.0,-3.9749999999999996,-1.34375,5.4,8.200000000000001,-1.72,-5.0,8.0,0.8,2.5,0.45,7.0,0.35,0.0,9.0,5.0,1.0,0.8,0.0,1.4,0.45,0.35,0.2,0.35,0.15,0.05,7.0,5.4,base_grid
audit_penalty,Audit/penalty,none,5.4,-5.0,-3.9749999999999996,-1.34375,5.4,11.200000000000001,-0.6700000000000006,-5.0,8.0,0.8,2.5,0.45,7.0,0.35,0.0,12.0,5.0,1.0,0.8,0.0,1.4,0.45,0.35,0.2,0.35,0.15,0.05,7.0,5.4,base_grid
audit_penalty,Audit/penalty,none,5.4,-5.0,-3.9749999999999996,-1.34375,5.4,14.200000000000001,0.3800000000000001,-5.0,8.0,0.8,2.5,0.45,7.0,0.35,0.0,15.0,5.0,1.0,0.8,0.0,1.4,0.45,0.35,0.2,0.35,0.15,0.05,7.0,5.4,base_grid
audit_penalty,Audit/penalty,none,5.4,-5.0,-4.824999999999999,-1.64125,5.4,8.200000000000001,-1.72,-5.0,8.0,0.8,3.5,0.45,7.0,0.35,0.0,9.0,5.0,1.0,0.8,0.0,1.4,0.45,0.35,0.2,0.35,0.15,0.05,7.0,5.4,base_grid
audit_penalty,Audit/penalty,none,5.4,-5.0,-4.824999999999999,-1.64125,5.4,11.200000000000001,-0.6700000000000006,-5.0,8.0,0.8,3.5,0.45,7.0,0.35,0.0,12.0,5.0,1.0,0.8,0.0,1.4,0.45,0.35,0.2,0.35,0.15,0.05,7.0,5.4,base_grid
audit_penalty,Audit/penalty,none,5.4,-5.0,-4.824999999999999,-1.64125,5.4,14.200000000000001,0.3800000000000001,-5.0,8.0,0.8,3.5,0.45,7.0,0.35,0.0,15.0,5.0,1.0,0.8,0.0,1.4,0.45,0.35,0.2,0.35,0.15,0.05,7.0,5.4,base_grid
audit_penalty,Audit/penalty,none,5.4,-5.0,4.2250000000000005,2.1762499999999996,5.4,8.200000000000001,-1.72,-5.0,3.5,1.0,0.5,0.45,7.0,0.35,0.0,9.0,5.0,1.0,0.8,0.0,1.4,0.45,0.35,0.2,0.35,0.15,0.05,7.0,5.4,base_grid
audit_penalty,Audit/penalty,none,5.4,-5.0,4.2250000000000005,2.1762499999999996,5.4,11.200000000000001,-0.6700000000000006,-5.0,3.5,1.0,0.5,0.45,7.0,0.35,0.0,12.0,5.0,1.0,0.8,0.0,1.4,0.45,0.35,0.2,0.35,0.15,0.05,7.0,5.4,base_grid
audit_penalty,Audit/penalty,none,5.4,-5.0,4.2250000000000005,2.1762499999999996,5.4,14.200000000000001,0.3800000000000001,-5.0,3.5,1.0,0.5,0.45,7.0,0.35,0.0,15.0,5.0,1.0,0.8,0.0,1.4,0.45,0.35,0.2,0.35,0.15,0.05,7.0,5.4,base_grid
audit_penalty,Audit/penalty,none,5.4,-5.0,3.3750000000000004,1.8787499999999997,5.4,8.200000000000001,-1.72,-5.0,3.5,1.0,1.5,0.45,7.0,0.35,0.0,9.0,5.0,1.0,0.8,0.0,1.4,0.45,0.35,0.2,0.35,0.15,0.05,7.0,5.4,base_grid
audit_penalty,Audit/penalty,none,5.4,-5.0,3.3750000000000004,1.8787499999999997,5.4,11.200000000000001,-0.6700000000000006,-5.0,3.5,1.0,1.5,0.45,7.0,0.35,0.0,12.0,5.0,1.0,0.8,0.0,1.4,0.45,0.35,0.2,0.35,0.15,0.05,7.0,5.4,base_grid
audit_penalty,Audit/penalty,none,5.4,-5.0,3.3750000000000004,1.8787499999999997,5.4,14.200000000000001,0.3800000000000001,-5.0,3.5,1.0,1.5,0.45,7.0,0.35,0.0,15.0,5.0,1.0,0.8,0.0,1.4,0.45,0.35,0.2,0.35,0.15,0.05,7.0,5.4,base_grid
audit_penalty,Audit/penalty,none,5.4,-5.0,2.5250000000000004,1.5812499999999998,5.4,8.200000000000001,-1.72,-5.0,3.5,1.0,2.5,0.45,7.0,0.35,0.0,9.0,5.0,1.0,0.8,0.0,1.4,0.45,0.35,0.2,0.35,0.15,0.05,7.0,5.4,base_grid
audit_penalty,Audit/penalty,none,5.4,-5.0,2.5250000000000004,1.5812499999999998,5.4,11.200000000000001,-0.6700000000000006,-5.0,3.5,1.0,2.5,0.45,7.0,0.35,0.0,12.0,5.0,1.0,0.8,0.0,1.4,0.45,0.35,0.2,0.35,0.15,0.05,7.0,5.4,base_grid
audit_penalty,Audit/penalty,none,5.4,-5.0,2.5250000000000004,1.5812499999999998,5.4,14.200000000000001,0.3800000000000001,-5.0,3.5,1.0,2.5,0.45,7.0,0.35,0.0,15.0,5.0,1.0,0.8,0.0,1.4,0.45,0.35,0.2,0.35,0.15,0.05,7.0,5.4,base_grid
audit_penalty,Audit/penalty,none,5.4,-5.0,1.6750000000000003,1.2837499999999997,5.4,8.200000000000001,-1.72,-5.0,3.5,1.0,3.5,0.45,7.0,0.35,0.0,9.0,5.0,1.0,0.8,0.0,1.4,0.45,0.35,0.2,0.35,0.15,0.05,7.0,5.4,base_grid
audit_penalty,Audit/penalty,none,5.4,-5.0,1.6750000000000003,1.2837499999999997,5.4,11.200000000000001,-0.6700000000000006,-5.0,3.5,1.0,3.5,0.45,7.0,0.35,0.0,12.0,5.0,1.0,0.8,0.0,1.4,0.45,0.35,0.2,0.35,0.15,0.05,7.0,5.4,base_grid
audit_penalty,Audit/penalty,none,5.4,-5.0,1.6750000000000003,1.2837499999999997,5.4,14.200000000000001,0.3800000000000001,-5.0,3.5,1.0,3.5,0.45,7.0,0.35,0.0,15.0,5.0,1.0,0.8,0.0,1.4,0.45,0.35,0.2,0.35,0.15,0.05,7.0,5.4,base_grid
audit_penalty,Audit/penalty,none,5.4,-5.0,2.7250000000000005,1.50125,5.4,8.200000000000001,-1.72,-5.0,5.0,1.0,0.5,0.45,7.0,0.35,0.0,9.0,5.0,1.0,0.8,0.0,1.4,0.45,0.35,0.2,0.35,0.15,0.05,7.0,5.4,base_grid
audit_penalty,Audit/penalty,none,5.4,-5.0,2.7250000000000005,1.50125,5.4,11.200000000000001,-0.6700000000000006,-5.0,5.0,1.0,0.5,0.45,7.0,0.35,0.0,12.0,5.0,1.0,0.8,0.0,1.4,0.45,0.35,0.2,0.35,0.15,0.05,7.0,5.4,base_grid
audit_penalty,Audit/penalty,none,5.4,-5.0,2.7250000000000005,1.50125,5.4,14.200000000000001,0.3800000000000001,-5.0,5.0,1.0,0.5,0.45,7.0,0.35,0.0,15.0,5.0,1.0,0.8,0.0,1.4,0.45,0.35,0.2,0.35,0.15,0.05,7.0,5.4,base_grid
audit_penalty,Audit/penalty,none,5.4,-5.0,1.8750000000000004,1.2037499999999999,5.4,8.200000000000001,-1.72,-5.0,5.0,1.0,1.5,0.45,7.0,0.35,0.0,9.0,5.0,1.0,0.8,0.0,1.4,0.45,0.35,0.2,0.35,0.15,0.05,7.0,5.4,base_grid
audit_penalty,Audit/penalty,none,5.4,-5.0,1.8750000000000004,1.2037499999999999,5.4,11.200000000000001,-0.6700000000000006,-5.0,5.0,1.0,1.5,0.45,7.0,0.35,0.0,12.0,5.0,1.0,0.8,0.0,1.4,0.45,0.35,0.2,0.35,0.15,0.05,7.0,5.4,base_grid
audit_penalty,Audit/penalty,none,5.4,-5.0,1.8750000000000004,1.2037499999999999,5.4,14.200000000000001,0.3800000000000001,-5.0,5.0,1.0,1.5,0.45,7.0,0.35,0.0,15.0,5.0,1.0,0.8,0.0,1.4,0.45,0.35,0.2,0.35,0.15,0.05,7.0,5.4,base_grid
audit_penalty,Audit/penalty,none,5.4,-5.0,1.0250000000000004,0.90625,5.4,8.200000000000001,-1.72,-5.0,5.0,1.0,2.5,0.45,7.0,0.35,0.0,9.0,5.0,1.0,0.8,0.0,1.4,0.45,0.35,0.2,0.35,0.15,0.05,7.0,5.4,base_grid
audit_penalty,Audit/penalty,none,5.4,-5.0,1.0250000000000004,0.90625,5.4,11.200000000000001,-0.6700000000000006,-5.0,5.0,1.0,2.5,0.45,7.0,0.35,0.0,12.0,5.0,1.0,0.8,0.0,1.4,0.45,0.35,0.2,0.35,0.15,0.05,7.0,5.4,base_grid
audit_penalty,Audit/penalty,none,5.4,-5.0,1.0250000000000004,0.90625,5.4,14.200000000000001,0.3800000000000001,-5.0,5.0,1.0,2.5,0.45,7.0,0.35,0.0,15.0,5.0,1.0,0.8,0.0,1.4,0.45,0.35,0.2,0.35,0.15,0.05,7.0,5.4,base_grid
audit_penalty,Audit/penalty,none,5.4,-5.0,0.17500000000000027,0.6087499999999999,5.4,8.200000000000001,-1.72,-5.0,5.0,1.0,3.5,0.45,7.0,0.35,0.0,9.0,5.0,1.0,0.8,0.0,1.4,0.45,0.35,0.2,0.35,0.15,0.05,7.0,5.4,base_grid
audit_penalty,Audit/penalty,none,5.4,-5.0,0.17500000000000027,0.6087499999999999,5.4,11.200000000000001,-0.6700000000000006,-5.0,5.0,1.0,3.5,0.45,7.0,0.35,0.0,12.0,5.0,1.0,0.8,0.0,1.4,0.45,0.35,0.2,0.35,0.15,0.05,7.0,5.4,base_grid
audit_penalty,Audit/penalty,none,5.4,-5.0,0.17500000000000027,0.6087499999999999,5.4,14.200000000000001,0.3800000000000001,-5.0,5.0,1.0,3.5,0.45,7.0,0.35,0.0,15.0,5.0,1.0,0.8,0.0,1.4,0.45,0.35,0.2,0.35,0.15,0.05,7.0,5.4,base_grid
audit_penalty,Audit/penalty,none,5.4,-5.0,1.2250000000000003,0.8262500000000002,5.4,8.200000000000001,-1.72,-5.0,6.5,1.0,0.5,0.45,7.0,0.35,0.0,9.0,5.0,1.0,0.8,0.0,1.4,0.45,0.35,0.2,0.35,0.15,0.05,7.0,5.4,base_grid
audit_penalty,Audit/penalty,none,5.4,-5.0,1.2250000000000003,0.8262500000000002,5.4,11.200000000000001,-0.6700000000000006,-5.0,6.5,1.0,0.5,0.45,7.0,0.35,0.0,12.0,5.0,1.0,0.8,0.0,1.4,0.45,0.35,0.2,0.35,0.15,0.05,7.0,5.4,base_grid
audit_penalty,Audit/penalty,none,5.4,-5.0,1.2250000000000003,0.8262500000000002,5.4,14.200000000000001,0.3800000000000001,-5.0,6.5,1.0,0.5,0.45,7.0,0.35,0.0,15.0,5.0,1.0,0.8,0.0,1.4,0.45,0.35,0.2,0.35,0.15,0.05,7.0,5.4,base_grid
audit_penalty,Audit/penalty,none,5.4,-5.0,0.37500000000000044,0.5287500000000002,5.4,8.200000000000001,-1.72,-5.0,6.5,1.0,1.5,0.45,7.0,0.35,0.0,9.0,5.0,1.0,0.8,0.0,1.4,0.45,0.35,0.2,0.35,0.15,0.05,7.0,5.4,base_grid
audit_penalty,Audit/penalty,none,5.4,-5.0,0.37500000000000044,0.5287500000000002,5.4,11.200000000000001,-0.6700000000000006,-5.0,6.5,1.0,1.5,0.45,7.0,0.35,0.0,12.0,5.0,1.0,0.8,0.0,1.4,0.45,0.35,0.2,0.35,0.15,0.05,7.0,5.4,base_grid
audit_penalty,Audit/penalty,none,5.4,-5.0,0.37500000000000044,0.5287500000000002,5.4,14.200000000000001,0.3800000000000001,-5.0,6.5,1.0,1.5,0.45,7.0,0.35,0.0,15.0,5.0,1.0,0.8,0.0,1.4,0.45,0.35,0.2,0.35,0.15,0.05,7.0,5.4,base_grid
audit_penalty,Audit/penalty,none,5.4,-5.0,-0.47499999999999964,0.23125000000000018,5.4,8.200000000000001,-1.72,-5.0,6.5,1.0,2.5,0.45,7.0,0.35,0.0,9.0,5.0,1.0,0.8,0.0,1.4,0.45,0.35,0.2,0.35,0.15,0.05,7.0,5.4,base_grid
audit_penalty,Audit/penalty,none,5.4,-5.0,-0.47499999999999964,0.23125000000000018,5.4,11.200000000000001,-0.6700000000000006,-5.0,6.5,1.0,2.5,0.45,7.0,0.35,0.0,12.0,5.0,1.0,0.8,0.0,1.4,0.45,0.35,0.2,0.35,0.15,0.05,7.0,5.4,base_grid
audit_penalty,Audit/penalty,none,5.4,-5.0,-0.47499999999999964,0.23125000000000018,5.4,14.200000000000001,0.3800000000000001,-5.0,6.5,1.0,2.5,0.45,7.0,0.35,0.0,15.0,5.0,1.0,0.8,0.0,1.4,0.45,0.35,0.2,0.35,0.15,0.05,7.0,5.4,base_grid
audit_penalty,Audit/penalty,none,5.4,-5.0,-1.3249999999999997,-0.06624999999999992,5.4,8.200000000000001,-1.72,-5.0,6.5,1.0,3.5,0.45,7.0,0.35,0.0,9.0,5.0,1.0,0.8,0.0,1.4,0.45,0.35,0.2,0.35,0.15,0.05,7.0,5.4,base_grid
audit_penalty,Audit/penalty,none,5.4,-5.0,-1.3249999999999997,-0.06624999999999992,5.4,11.200000000000001,-0.6700000000000006,-5.0,6.5,1.0,3.5,0.45,7.0,0.35,0.0,12.0,5.0,1.0,0.8,0.0,1.4,0.45,0.35,0.2,0.35,0.15,0.05,7.0,5.4,base_grid
audit_penalty,Audit/penalty,none,5.4,-5.0,-1.3249999999999997,-0.06624999999999992,5.4,14.200000000000001,0.3800000000000001,-5.0,6.5,1.0,3.5,0.45,7.0,0.35,0.0,15.0,5.0,1.0,0.8,0.0,1.4,0.45,0.35,0.2,0.35,0.15,0.05,7.0,5.4,base_grid
audit_penalty,Audit/penalty,none,5.4,-5.0,-0.27499999999999963,0.15124999999999983,5.4,8.200000000000001,-1.72,-5.0,8.0,1.0,0.5,0.45,7.0,0.35,0.0,9.0,5.0,1.0,0.8,0.0,1.4,0.45,0.35,0.2,0.35,0.15,0.05,7.0,5.4,base_grid
audit_penalty,Audit/penalty,none,5.4,-5.0,-0.27499999999999963,0.15124999999999983,5.4,11.200000000000001,-0.6700000000000006,-5.0,8.0,1.0,0.5,0.45,7.0,0.35,0.0,12.0,5.0,1.0,0.8,0.0,1.4,0.45,0.35,0.2,0.35,0.15,0.05,7.0,5.4,base_grid
audit_penalty,Audit/penalty,none,5.4,-5.0,-0.27499999999999963,0.15124999999999983,5.4,14.200000000000001,0.3800000000000001,-5.0,8.0,1.0,0.5,0.45,7.0,0.35,0.0,15.0,5.0,1.0,0.8,0.0,1.4,0.45,0.35,0.2,0.35,0.15,0.05,7.0,5.4,base_grid
audit_penalty,Audit/penalty,none,5.4,-5.0,-1.1249999999999996,-0.1462500000000001,5.4,8.200000000000001,-1.72,-5.0,8.0,1.0,1.5,0.45,7.0,0.35,0.0,9.0,5.0,1.0,0.8,0.0,1.4,0.45,0.35,0.2,0.35,0.15,0.05,7.0,5.4,base_grid
audit_penalty,Audit/penalty,none,5.4,-5.0,-1.1249999999999996,-0.1462500000000001,5.4,11.200000000000001,-0.6700000000000006,-5.0,8.0,1.0,1.5,0.45,7.0,0.35,0.0,12.0,5.0,1.0,0.8,0.0,1.4,0.45,0.35,0.2,0.35,0.15,0.05,7.0,5.4,base_grid
audit_penalty,Audit/penalty,none,5.4,-5.0,-1.1249999999999996,-0.1462500000000001,5.4,14.200000000000001,0.3800000000000001,-5.0,8.0,1.0,1.5,0.45,7.0,0.35,0.0,15.0,5.0,1.0,0.8,0.0,1.4,0.45,0.35,0.2,0.35,0.15,0.05,7.0,5.4,base_grid
audit_penalty,Audit/penalty,none,5.4,-5.0,-1.9749999999999996,-0.4437500000000001,5.4,8.200000000000001,-1.72,-5.0,8.0,1.0,2.5,0.45,7.0,0.35,0.0,9.0,5.0,1.0,0.8,0.0,1.4,0.45,0.35,0.2,0.35,0.15,0.05,7.0,5.4,base_grid
audit_penalty,Audit/penalty,none,5.4,-5.0,-1.9749999999999996,-0.4437500000000001,5.4,11.200000000000001,-0.6700000000000006,-5.0,8.0,1.0,2.5,0.45,7.0,0.35,0.0,12.0,5.0,1.0,0.8,0.0,1.4,0.45,0.35,0.2,0.35,0.15,0.05,7.0,5.4,base_grid
audit_penalty,Audit/penalty,none,5.4,-5.0,-1.9749999999999996,-0.4437500000000001,5.4,14.200000000000001,0.3800000000000001,-5.0,8.0,1.0,2.5,0.45,7.0,0.35,0.0,15.0,5.0,1.0,0.8,0.0,1.4,0.45,0.35,0.2,0.35,0.15,0.05,7.0,5.4,base_grid
audit_penalty,Audit/penalty,none,5.4,-5.0,-2.8249999999999997,-0.7412500000000002,5.4,8.200000000000001,-1.72,-5.0,8.0,1.0,3.5,0.45,7.0,0.35,0.0,9.0,5.0,1.0,0.8,0.0,1.4,0.45,0.35,0.2,0.35,0.15,0.05,7.0,5.4,base_grid
audit_penalty,Audit/penalty,none,5.4,-5.0,-2.8249999999999997,-0.7412500000000002,5.4,11.200000000000001,-0.6700000000000006,-5.0,8.0,1.0,3.5,0.45,7.0,0.35,0.0,12.0,5.0,1.0,0.8,0.0,1.4,0.45,0.35,0.2,0.35,0.15,0.05,7.0,5.4,base_grid
audit_penalty,Audit/penalty,none,5.4,-5.0,-2.8249999999999997,-0.7412500000000002,5.4,14.200000000000001,0.3800000000000001,-5.0,8.0,1.0,3.5,0.45,7.0,0.35,0.0,15.0,5.0,1.0,0.8,0.0,1.4,0.45,0.35,0.2,0.35,0.15,0.05,7.0,5.4,base_grid
audit_penalty,Audit/penalty,none,5.4,-5.0,4.808333333333334,2.4387499999999998,5.4,8.200000000000001,-1.72,-5.0,3.5,1.2,0.5,0.45,7.0,0.35,0.0,9.0,5.0,1.0,0.8,0.0,1.4,0.45,0.35,0.2,0.35,0.15,0.05,7.0,5.4,base_grid
audit_penalty,Audit/penalty,none,5.4,-5.0,4.808333333333334,2.4387499999999998,5.4,11.200000000000001,-0.6700000000000006,-5.0,3.5,1.2,0.5,0.45,7.0,0.35,0.0,12.0,5.0,1.0,0.8,0.0,1.4,0.45,0.35,0.2,0.35,0.15,0.05,7.0,5.4,base_grid
audit_penalty,Audit/penalty,none,5.4,-5.0,4.808333333333334,2.4387499999999998,5.4,14.200000000000001,0.3800000000000001,-5.0,3.5,1.2,0.5,0.45,7.0,0.35,0.0,15.0,5.0,1.0,0.8,0.0,1.4,0.45,0.35,0.2,0.35,0.15,0.05,7.0,5.4,base_grid
audit_penalty,Audit/penalty,none,5.4,-5.0,3.9583333333333335,2.14125,5.4,8.200000000000001,-1.72,-5.0,3.5,1.2,1.5,0.45,7.0,0.35,0.0,9.0,5.0,1.0,0.8,0.0,1.4,0.45,0.35,0.2,0.35,0.15,0.05,7.0,5.4,base_grid
audit_penalty,Audit/penalty,none,5.4,-5.0,3.9583333333333335,2.14125,5.4,11.200000000000001,-0.6700000000000006,-5.0,3.5,1.2,1.5,0.45,7.0,0.35,0.0,12.0,5.0,1.0,0.8,0.0,1.4,0.45,0.35,0.2,0.35,0.15,0.05,7.0,5.4,base_grid
audit_penalty,Audit/penalty,none,5.4,-5.0,3.9583333333333335,2.14125,5.4,14.200000000000001,0.3800000000000001,-5.0,3.5,1.2,1.5,0.45,7.0,0.35,0.0,15.0,5.0,1.0,0.8,0.0,1.4,0.45,0.35,0.2,0.35,0.15,0.05,7.0,5.4,base_grid
audit_penalty,Audit/penalty,none,5.4,-5.0,3.1083333333333334,1.84375,5.4,8.200000000000001,-1.72,-5.0,3.5,1.2,2.5,0.45,7.0,0.35,0.0,9.0,5.0,1.0,0.8,0.0,1.4,0.45,0.35,0.2,0.35,0.15,0.05,7.0,5.4,base_grid
audit_penalty,Audit/penalty,none,5.4,-5.0,3.1083333333333334,1.84375,5.4,11.200000000000001,-0.6700000000000006,-5.0,3.5,1.2,2.5,0.45,7.0,0.35,0.0,12.0,5.0,1.0,0.8,0.0,1.4,0.45,0.35,0.2,0.35,0.15,0.05,7.0,5.4,base_grid
audit_penalty,Audit/penalty,none,5.4,-5.0,3.1083333333333334,1.84375,5.4,14.200000000000001,0.3800000000000001,-5.0,3.5,1.2,2.5,0.45,7.0,0.35,0.0,15.0,5.0,1.0,0.8,0.0,1.4,0.45,0.35,0.2,0.35,0.15,0.05,7.0,5.4,base_grid
audit_penalty,Audit/penalty,none,5.4,-5.0,2.2583333333333333,1.54625,5.4,8.200000000000001,-1.72,-5.0,3.5,1.2,3.5,0.45,7.0,0.35,0.0,9.0,5.0,1.0,0.8,0.0,1.4,0.45,0.35,0.2,0.35,0.15,0.05,7.0,5.4,base_grid
audit_penalty,Audit/penalty,none,5.4,-5.0,2.2583333333333333,1.54625,5.4,11.200000000000001,-0.6700000000000006,-5.0,3.5,1.2,3.5,0.45,7.0,0.35,0.0,12.0,5.0,1.0,0.8,0.0,1.4,0.45,0.35,0.2,0.35,0.15,0.05,7.0,5.4,base_grid
audit_penalty,Audit/penalty,none,5.4,-5.0,2.2583333333333333,1.54625,5.4,14.200000000000001,0.3800000000000001,-5.0,3.5,1.2,3.5,0.45,7.0,0.35,0.0,15.0,5.0,1.0,0.8,0.0,1.4,0.45,0.35,0.2,0.35,0.15,0.05,7.0,5.4,base_grid
audit_penalty,Audit/penalty,none,5.4,-5.0,3.5583333333333336,1.87625,5.4,8.200000000000001,-1.72,-5.0,5.0,1.2,0.5,0.45,7.0,0.35,0.0,9.0,5.0,1.0,0.8,0.0,1.4,0.45,0.35,0.2,0.35,0.15,0.05,7.0,5.4,base_grid
audit_penalty,Audit/penalty,none,5.4,-5.0,3.5583333333333336,1.87625,5.4,11.200000000000001,-0.6700000000000006,-5.0,5.0,1.2,0.5,0.45,7.0,0.35,0.0,12.0,5.0,1.0,0.8,0.0,1.4,0.45,0.35,0.2,0.35,0.15,0.05,7.0,5.4,base_grid
audit_penalty,Audit/penalty,none,5.4,-5.0,3.5583333333333336,1.87625,5.4,14.200000000000001,0.3800000000000001,-5.0,5.0,1.2,0.5,0.45,7.0,0.35,0.0,15.0,5.0,1.0,0.8,0.0,1.4,0.45,0.35,0.2,0.35,0.15,0.05,7.0,5.4,base_grid
audit_penalty,Audit/penalty,none,5.4,-5.0,2.7083333333333335,1.5787499999999999,5.4,8.200000000000001,-1.72,-5.0,5.0,1.2,1.5,0.45,7.0,0.35,0.0,9.0,5.0,1.0,0.8,0.0,1.4,0.45,0.35,0.2,0.35,0.15,0.05,7.0,5.4,base_grid
audit_penalty,Audit/penalty,none,5.4,-5.0,2.7083333333333335,1.5787499999999999,5.4,11.200000000000001,-0.6700000000000006,-5.0,5.0,1.2,1.5,0.45,7.0,0.35,0.0,12.0,5.0,1.0,0.8,0.0,1.4,0.45,0.35,0.2,0.35,0.15,0.05,7.0,5.4,base_grid
audit_penalty,Audit/penalty,none,5.4,-5.0,2.7083333333333335,1.5787499999999999,5.4,14.200000000000001,0.3800000000000001,-5.0,5.0,1.2,1.5,0.45,7.0,0.35,0.0,15.0,5.0,1.0,0.8,0.0,1.4,0.45,0.35,0.2,0.35,0.15,0.05,7.0,5.4,base_grid
audit_penalty,Audit/penalty,none,5.4,-5.0,1.8583333333333334,1.28125,5.4,8.200000000000001,-1.72,-5.0,5.0,1.2,2.5,0.45,7.0,0.35,0.0,9.0,5.0,1.0,0.8,0.0,1.4,0.45,0.35,0.2,0.35,0.15,0.05,7.0,5.4,base_grid
audit_penalty,Audit/penalty,none,5.4,-5.0,1.8583333333333334,1.28125,5.4,11.200000000000001,-0.6700000000000006,-5.0,5.0,1.2,2.5,0.45,7.0,0.35,0.0,12.0,5.0,1.0,0.8,0.0,1.4,0.45,0.35,0.2,0.35,0.15,0.05,7.0,5.4,base_grid
audit_penalty,Audit/penalty,none,5.4,-5.0,1.8583333333333334,1.28125,5.4,14.200000000000001,0.3800000000000001,-5.0,5.0,1.2,2.5,0.45,7.0,0.35,0.0,15.0,5.0,1.0,0.8,0.0,1.4,0.45,0.35,0.2,0.35,0.15,0.05,7.0,5.4,base_grid
audit_penalty,Audit/penalty,none,5.4,-5.0,1.0083333333333333,0.9837499999999999,5.4,8.200000000000001,-1.72,-5.0,5.0,1.2,3.5,0.45,7.0,0.35,0.0,9.0,5.0,1.0,0.8,0.0,1.4,0.45,0.35,0.2,0.35,0.15,0.05,7.0,5.4,base_grid
audit_penalty,Audit/penalty,none,5.4,-5.0,1.0083333333333333,0.9837499999999999,5.4,11.200000000000001,-0.6700000000000006,-5.0,5.0,1.2,3.5,0.45,7.0,0.35,0.0,12.0,5.0,1.0,0.8,0.0,1.4,0.45,0.35,0.2,0.35,0.15,0.05,7.0,5.4,base_grid
audit_penalty,Audit/penalty,none,5.4,-5.0,1.0083333333333333,0.9837499999999999,5.4,14.200000000000001,0.3800000000000001,-5.0,5.0,1.2,3.5,0.45,7.0,0.35,0.0,15.0,5.0,1.0,0.8,0.0,1.4,0.45,0.35,0.2,0.35,0.15,0.05,7.0,5.4,base_grid
audit_penalty,Audit/penalty,none,5.4,-5.0,2.3083333333333336,1.31375,5.4,8.200000000000001,-1.72,-5.0,6.5,1.2,0.5,0.45,7.0,0.35,0.0,9.0,5.0,1.0,0.8,0.0,1.4,0.45,0.35,0.2,0.35,0.15,0.05,7.0,5.4,base_grid
audit_penalty,Audit/penalty,none,5.4,-5.0,2.3083333333333336,1.31375,5.4,11.200000000000001,-0.6700000000000006,-5.0,6.5,1.2,0.5,0.45,7.0,0.35,0.0,12.0,5.0,1.0,0.8,0.0,1.4,0.45,0.35,0.2,0.35,0.15,0.05,7.0,5.4,base_grid
audit_penalty,Audit/penalty,none,5.4,-5.0,2.3083333333333336,1.31375,5.4,14.200000000000001,0.3800000000000001,-5.0,6.5,1.2,0.5,0.45,7.0,0.35,0.0,15.0,5.0,1.0,0.8,0.0,1.4,0.45,0.35,0.2,0.35,0.15,0.05,7.0,5.4,base_grid
audit_penalty,Audit/penalty,none,5.4,-5.0,1.4583333333333335,1.0162499999999999,5.4,8.200000000000001,-1.72,-5.0,6.5,1.2,1.5,0.45,7.0,0.35,0.0,9.0,5.0,1.0,0.8,0.0,1.4,0.45,0.35,0.2,0.35,0.15,0.05,7.0,5.4,base_grid
audit_penalty,Audit/penalty,none,5.4,-5.0,1.4583333333333335,1.0162499999999999,5.4,11.200000000000001,-0.6700000000000006,-5.0,6.5,1.2,1.5,0.45,7.0,0.35,0.0,12.0,5.0,1.0,0.8,0.0,1.4,0.45,0.35,0.2,0.35,0.15,0.05,7.0,5.4,base_grid
audit_penalty,Audit/penalty,none,5.4,-5.0,1.4583333333333335,1.0162499999999999,5.4,14.200000000000001,0.3800000000000001,-5.0,6.5,1.2,1.5,0.45,7.0,0.35,0.0,15.0,5.0,1.0,0.8,0.0,1.4,0.45,0.35,0.2,0.35,0.15,0.05,7.0,5.4,base_grid
audit_penalty,Audit/penalty,none,5.4,-5.0,0.6083333333333334,0.71875,5.4,8.200000000000001,-1.72,-5.0,6.5,1.2,2.5,0.45,7.0,0.35,0.0,9.0,5.0,1.0,0.8,0.0,1.4,0.45,0.35,0.2,0.35,0.15,0.05,7.0,5.4,base_grid
audit_penalty,Audit/penalty,none,5.4,-5.0,0.6083333333333334,0.71875,5.4,11.200000000000001,-0.6700000000000006,-5.0,6.5,1.2,2.5,0.45,7.0,0.35,0.0,12.0,5.0,1.0,0.8,0.0,1.4,0.45,0.35,0.2,0.35,0.15,0.05,7.0,5.4,base_grid
audit_penalty,Audit/penalty,none,5.4,-5.0,0.6083333333333334,0.71875,5.4,14.200000000000001,0.3800000000000001,-5.0,6.5,1.2,2.5,0.45,7.0,0.35,0.0,15.0,5.0,1.0,0.8,0.0,1.4,0.45,0.35,0.2,0.35,0.15,0.05,7.0,5.4,base_grid
audit_penalty,Audit/penalty,none,5.4,-5.0,-0.2416666666666667,0.4212499999999999,5.4,8.200000000000001,-1.72,-5.0,6.5,1.2,3.5,0.45,7.0,0.35,0.0,9.0,5.0,1.0,0.8,0.0,1.4,0.45,0.35,0.2,0.35,0.15,0.05,7.0,5.4,base_grid
audit_penalty,Audit/penalty,none,5.4,-5.0,-0.2416666666666667,0.4212499999999999,5.4,11.200000000000001,-0.6700000000000006,-5.0,6.5,1.2,3.5,0.45,7.0,0.35,0.0,12.0,5.0,1.0,0.8,0.0,1.4,0.45,0.35,0.2,0.35,0.15,0.05,7.0,5.4,base_grid
audit_penalty,Audit/penalty,none,5.4,-5.0,-0.2416666666666667,0.4212499999999999,5.4,14.200000000000001,0.3800000000000001,-5.0,6.5,1.2,3.5,0.45,7.0,0.35,0.0,15.0,5.0,1.0,0.8,0.0,1.4,0.45,0.35,0.2,0.35,0.15,0.05,7.0,5.4,base_grid
audit_penalty,Audit/penalty,none,5.4,-5.0,1.0583333333333333,0.75125,5.4,8.200000000000001,-1.72,-5.0,8.0,1.2,0.5,0.45,7.0,0.35,0.0,9.0,5.0,1.0,0.8,0.0,1.4,0.45,0.35,0.2,0.35,0.15,0.05,7.0,5.4,base_grid
audit_penalty,Audit/penalty,none,5.4,-5.0,1.0583333333333333,0.75125,5.4,11.200000000000001,-0.6700000000000006,-5.0,8.0,1.2,0.5,0.45,7.0,0.35,0.0,12.0,5.0,1.0,0.8,0.0,1.4,0.45,0.35,0.2,0.35,0.15,0.05,7.0,5.4,base_grid
audit_penalty,Audit/penalty,none,5.4,-5.0,1.0583333333333333,0.75125,5.4,14.200000000000001,0.3800000000000001,-5.0,8.0,1.2,0.5,0.45,7.0,0.35,0.0,15.0,5.0,1.0,0.8,0.0,1.4,0.45,0.35,0.2,0.35,0.15,0.05,7.0,5.4,base_grid
audit_penalty,Audit/penalty,none,5.4,-5.0,0.20833333333333348,0.45375,5.4,8.200000000000001,-1.72,-5.0,8.0,1.2,1.5,0.45,7.0,0.35,0.0,9.0,5.0,1.0,0.8,0.0,1.4,0.45,0.35,0.2,0.35,0.15,0.05,7.0,5.4,base_grid
audit_penalty,Audit/penalty,none,5.4,-5.0,0.20833333333333348,0.45375,5.4,11.200000000000001,-0.6700000000000006,-5.0,8.0,1.2,1.5,0.45,7.0,0.35,0.0,12.0,5.0,1.0,0.8,0.0,1.4,0.45,0.35,0.2,0.35,0.15,0.05,7.0,5.4,base_grid
audit_penalty,Audit/penalty,none,5.4,-5.0,0.20833333333333348,0.45375,5.4,14.200000000000001,0.3800000000000001,-5.0,8.0,1.2,1.5,0.45,7.0,0.35,0.0,15.0,5.0,1.0,0.8,0.0,1.4,0.45,0.35,0.2,0.35,0.15,0.05,7.0,5.4,base_grid
audit_penalty,Audit/penalty,none,5.4,-5.0,-0.6416666666666666,0.15625,5.4,8.200000000000001,-1.72,-5.0,8.0,1.2,2.5,0.45,7.0,0.35,0.0,9.0,5.0,1.0,0.8,0.0,1.4,0.45,0.35,0.2,0.35,0.15,0.05,7.0,5.4,base_grid
audit_penalty,Audit/penalty,none,5.4,-5.0,-0.6416666666666666,0.15625,5.4,11.200000000000001,-0.6700000000000006,-5.0,8.0,1.2,2.5,0.45,7.0,0.35,0.0,12.0,5.0,1.0,0.8,0.0,1.4,0.45,0.35,0.2,0.35,0.15,0.05,7.0,5.4,base_grid
audit_penalty,Audit/penalty,none,5.4,-5.0,-0.6416666666666666,0.15625,5.4,14.200000000000001,0.3800000000000001,-5.0,8.0,1.2,2.5,0.45,7.0,0.35,0.0,15.0,5.0,1.0,0.8,0.0,1.4,0.45,0.35,0.2,0.35,0.15,0.05,7.0,5.4,base_grid
audit_penalty,Audit/penalty,none,5.4,-5.0,-1.4916666666666667,-0.1412500000000001,5.4,8.200000000000001,-1.72,-5.0,8.0,1.2,3.5,0.45,7.0,0.35,0.0,9.0,5.0,1.0,0.8,0.0,1.4,0.45,0.35,0.2,0.35,0.15,0.05,7.0,5.4,base_grid
audit_penalty,Audit/penalty,none,5.4,-5.0,-1.4916666666666667,-0.1412500000000001,5.4,11.200000000000001,-0.6700000000000006,-5.0,8.0,1.2,3.5,0.45,7.0,0.35,0.0,12.0,5.0,1.0,0.8,0.0,1.4,0.45,0.35,0.2,0.35,0.15,0.05,7.0,5.4,base_grid
audit_penalty,Audit/penalty,none,5.4,-5.0,-1.4916666666666667,-0.1412500000000001,5.4,14.200000000000001,0.3800000000000001,-5.0,8.0,1.2,3.5,0.45,7.0,0.35,0.0,15.0,5.0,1.0,0.8,0.0,1.4,0.45,0.35,0.2,0.35,0.15,0.05,7.0,5.4,base_grid
hybrid_support,Hybrid,high,7.940573770491804,5.6,7.940573770491804,4.8757581967213115,5.4,5.6,-3.3300000000000005,-5.0,3.5,0.2,0.5,0.32,5.0,1.8,1.6,9.0,5.0,1.0,0.8,0.8,1.4,0.45,0.35,0.2,0.35,0.55,0.2,7.0,5.4,base_grid
hybrid_support,Hybrid,high,7.940573770491804,8.599999999999998,7.940573770491804,4.8757581967213115,5.4,8.599999999999998,-2.280000000000001,-5.0,3.5,0.2,0.5,0.32,5.0,1.8,1.6,12.0,5.0,1.0,0.8,0.8,1.4,0.45,0.35,0.2,0.35,0.55,0.2,7.0,5.4,base_grid
hybrid_support,Hybrid,high,7.940573770491804,11.599999999999998,7.940573770491804,4.8757581967213115,5.4,11.599999999999998,-1.2300000000000002,-5.0,3.5,0.2,0.5,0.32,5.0,1.8,1.6,15.0,5.0,1.0,0.8,0.8,1.4,0.45,0.35,0.2,0.35,0.55,0.2,7.0,5.4,base_grid
hybrid_support,Hybrid,high,7.490573770491804,5.6,7.490573770491804,4.718258196721312,5.4,5.6,-3.3300000000000005,-5.0,3.5,0.2,1.5,0.32,5.0,1.8,1.6,9.0,5.0,1.0,0.8,0.8,1.4,0.45,0.35,0.2,0.35,0.55,0.2,7.0,5.4,base_grid
hybrid_support,Hybrid,high,7.490573770491804,8.599999999999998,7.490573770491804,4.718258196721312,5.4,8.599999999999998,-2.280000000000001,-5.0,3.5,0.2,1.5,0.32,5.0,1.8,1.6,12.0,5.0,1.0,0.8,0.8,1.4,0.45,0.35,0.2,0.35,0.55,0.2,7.0,5.4,base_grid
hybrid_support,Hybrid,high,7.490573770491804,11.599999999999998,7.490573770491804,4.718258196721312,5.4,11.599999999999998,-1.2300000000000002,-5.0,3.5,0.2,1.5,0.32,5.0,1.8,1.6,15.0,5.0,1.0,0.8,0.8,1.4,0.45,0.35,0.2,0.35,0.55,0.2,7.0,5.4,base_grid
hybrid_support,Hybrid,high,7.040573770491804,5.6,7.040573770491804,4.560758196721312,5.4,5.6,-3.3300000000000005,-5.0,3.5,0.2,2.5,0.32,5.0,1.8,1.6,9.0,5.0,1.0,0.8,0.8,1.4,0.45,0.35,0.2,0.35,0.55,0.2,7.0,5.4,base_grid
hybrid_support,Hybrid,high,7.040573770491804,8.599999999999998,7.040573770491804,4.560758196721312,5.4,8.599999999999998,-2.280000000000001,-5.0,3.5,0.2,2.5,0.32,5.0,1.8,1.6,12.0,5.0,1.0,0.8,0.8,1.4,0.45,0.35,0.2,0.35,0.55,0.2,7.0,5.4,base_grid
hybrid_support,Hybrid,high,7.040573770491804,11.599999999999998,7.040573770491804,4.560758196721312,5.4,11.599999999999998,-1.2300000000000002,-5.0,3.5,0.2,2.5,0.32,5.0,1.8,1.6,15.0,5.0,1.0,0.8,0.8,1.4,0.45,0.35,0.2,0.35,0.55,0.2,7.0,5.4,base_grid
hybrid_support,Hybrid,high,6.590573770491805,5.6,6.590573770491805,4.403258196721312,5.4,5.6,-3.3300000000000005,-5.0,3.5,0.2,3.5,0.32,5.0,1.8,1.6,9.0,5.0,1.0,0.8,0.8,1.4,0.45,0.35,0.2,0.35,0.55,0.2,7.0,5.4,base_grid
hybrid_support,Hybrid,high,6.590573770491805,8.599999999999998,6.590573770491805,4.403258196721312,5.4,8.599999999999998,-2.280000000000001,-5.0,3.5,0.2,3.5,0.32,5.0,1.8,1.6,12.0,5.0,1.0,0.8,0.8,1.4,0.45,0.35,0.2,0.35,0.55,0.2,7.0,5.4,base_grid
hybrid_support,Hybrid,high,6.590573770491805,11.599999999999998,6.590573770491805,4.403258196721312,5.4,11.599999999999998,-1.2300000000000002,-5.0,3.5,0.2,3.5,0.32,5.0,1.8,1.6,15.0,5.0,1.0,0.8,0.8,1.4,0.45,0.35,0.2,0.35,0.55,0.2,7.0,5.4,base_grid
hybrid_support,Hybrid,high,7.32581967213115,5.6,7.32581967213115,4.599118852459017,5.4,5.6,-3.3300000000000005,-5.0,5.0,0.2,0.5,0.32,5.0,1.8,1.6,9.0,5.0,1.0,0.8,0.8,1.4,0.45,0.35,0.2,0.35,0.55,0.2,7.0,5.4,base_grid
hybrid_support,Hybrid,high,7.32581967213115,8.599999999999998,7.32581967213115,4.599118852459017,5.4,8.599999999999998,-2.280000000000001,-5.0,5.0,0.2,0.5,0.32,5.0,1.8,1.6,12.0,5.0,1.0,0.8,0.8,1.4,0.45,0.35,0.2,0.35,0.55,0.2,7.0,5.4,base_grid
hybrid_support,Hybrid,high,7.32581967213115,11.599999999999998,7.32581967213115,4.599118852459017,5.4,11.599999999999998,-1.2300000000000002,-5.0,5.0,0.2,0.5,0.32,5.0,1.8,1.6,15.0,5.0,1.0,0.8,0.8,1.4,0.45,0.35,0.2,0.35,0.55,0.2,7.0,5.4,base_grid
hybrid_support,Hybrid,high,6.87581967213115,5.6,6.87581967213115,4.441618852459017,5.4,5.6,-3.3300000000000005,-5.0,5.0,0.2,1.5,0.32,5.0,1.8,1.6,9.0,5.0,1.0,0.8,0.8,1.4,0.45,0.35,0.2,0.35,0.55,0.2,7.0,5.4,base_grid
hybrid_support,Hybrid,high,6.87581967213115,8.599999999999998,6.87581967213115,4.441618852459017,5.4,8.599999999999998,-2.280000000000001,-5.0,5.0,0.2,1.5,0.32,5.0,1.8,1.6,12.0,5.0,1.0,0.8,0.8,1.4,0.45,0.35,0.2,0.35,0.55,0.2,7.0,5.4,base_grid
hybrid_support,Hybrid,high,6.87581967213115,11.599999999999998,6.87581967213115,4.441618852459017,5.4,11.599999999999998,-1.2300000000000002,-5.0,5.0,0.2,1.5,0.32,5.0,1.8,1.6,15.0,5.0,1.0,0.8,0.8,1.4,0.45,0.35,0.2,0.35,0.55,0.2,7.0,5.4,base_grid
hybrid_support,Hybrid,high,6.42581967213115,5.6,6.42581967213115,4.2841188524590175,5.4,5.6,-3.3300000000000005,-5.0,5.0,0.2,2.5,0.32,5.0,1.8,1.6,9.0,5.0,1.0,0.8,0.8,1.4,0.45,0.35,0.2,0.35,0.55,0.2,7.0,5.4,base_grid
hybrid_support,Hybrid,high,6.42581967213115,8.599999999999998,6.42581967213115,4.2841188524590175,5.4,8.599999999999998,-2.280000000000001,-5.0,5.0,0.2,2.5,0.32,5.0,1.8,1.6,12.0,5.0,1.0,0.8,0.8,1.4,0.45,0.35,0.2,0.35,0.55,0.2,7.0,5.4,base_grid
hybrid_support,Hybrid,high,6.42581967213115,11.599999999999998,6.42581967213115,4.2841188524590175,5.4,11.599999999999998,-1.2300000000000002,-5.0,5.0,0.2,2.5,0.32,5.0,1.8,1.6,15.0,5.0,1.0,0.8,0.8,1.4,0.45,0.35,0.2,0.35,0.55,0.2,7.0,5.4,base_grid
hybrid_support,Hybrid,high,5.97581967213115,5.6,5.97581967213115,4.126618852459018,5.4,5.6,-3.3300000000000005,-5.0,5.0,0.2,3.5,0.32,5.0,1.8,1.6,9.0,5.0,1.0,0.8,0.8,1.4,0.45,0.35,0.2,0.35,0.55,0.2,7.0,5.4,base_grid
hybrid_support,Hybrid,high,5.97581967213115,8.599999999999998,5.97581967213115,4.126618852459018,5.4,8.599999999999998,-2.280000000000001,-5.0,5.0,0.2,3.5,0.32,5.0,1.8,1.6,12.0,5.0,1.0,0.8,0.8,1.4,0.45,0.35,0.2,0.35,0.55,0.2,7.0,5.4,base_grid
hybrid_support,Hybrid,high,5.97581967213115,11.599999999999998,5.97581967213115,4.126618852459018,5.4,11.599999999999998,-1.2300000000000002,-5.0,5.0,0.2,3.5,0.32,5.0,1.8,1.6,15.0,5.0,1.0,0.8,0.8,1.4,0.45,0.35,0.2,0.35,0.55,0.2,7.0,5.4,base_grid
hybrid_support,Hybrid,high,6.711065573770494,5.6,6.711065573770494,4.322479508196721,5.4,5.6,-3.3300000000000005,-5.0,6.5,0.2,0.5,0.32,5.0,1.8,1.6,9.0,5.0,1.0,0.8,0.8,1.4,0.45,0.35,0.2,0.35,0.55,0.2,7.0,5.4,base_grid
hybrid_support,Hybrid,high,6.711065573770494,8.599999999999998,6.711065573770494,4.322479508196721,5.4,8.599999999999998,-2.280000000000001,-5.0,6.5,0.2,0.5,0.32,5.0,1.8,1.6,12.0,5.0,1.0,0.8,0.8,1.4,0.45,0.35,0.2,0.35,0.55,0.2,7.0,5.4,base_grid
hybrid_support,Hybrid,high,6.711065573770494,11.599999999999998,6.711065573770494,4.322479508196721,5.4,11.599999999999998,-1.2300000000000002,-5.0,6.5,0.2,0.5,0.32,5.0,1.8,1.6,15.0,5.0,1.0,0.8,0.8,1.4,0.45,0.35,0.2,0.35,0.55,0.2,7.0,5.4,base_grid
hybrid_support,Hybrid,high,6.261065573770494,5.6,6.261065573770494,4.164979508196721,5.4,5.6,-3.3300000000000005,-5.0,6.5,0.2,1.5,0.32,5.0,1.8,1.6,9.0,5.0,1.0,0.8,0.8,1.4,0.45,0.35,0.2,0.35,0.55,0.2,7.0,5.4,base_grid
hybrid_support,Hybrid,high,6.261065573770494,8.599999999999998,6.261065573770494,4.164979508196721,5.4,8.599999999999998,-2.280000000000001,-5.0,6.5,0.2,1.5,0.32,5.0,1.8,1.6,12.0,5.0,1.0,0.8,0.8,1.4,0.45,0.35,0.2,0.35,0.55,0.2,7.0,5.4,base_grid
hybrid_support,Hybrid,high,6.261065573770494,11.599999999999998,6.261065573770494,4.164979508196721,5.4,11.599999999999998,-1.2300000000000002,-5.0,6.5,0.2,1.5,0.32,5.0,1.8,1.6,15.0,5.0,1.0,0.8,0.8,1.4,0.45,0.35,0.2,0.35,0.55,0.2,7.0,5.4,base_grid
hybrid_support,Hybrid,high,5.8110655737704935,5.6,5.8110655737704935,4.007479508196721,5.4,5.6,-3.3300000000000005,-5.0,6.5,0.2,2.5,0.32,5.0,1.8,1.6,9.0,5.0,1.0,0.8,0.8,1.4,0.45,0.35,0.2,0.35,0.55,0.2,7.0,5.4,base_grid
hybrid_support,Hybrid,high,5.8110655737704935,8.599999999999998,5.8110655737704935,4.007479508196721,5.4,8.599999999999998,-2.280000000000001,-5.0,6.5,0.2,2.5,0.32,5.0,1.8,1.6,12.0,5.0,1.0,0.8,0.8,1.4,0.45,0.35,0.2,0.35,0.55,0.2,7.0,5.4,base_grid
hybrid_support,Hybrid,high,5.8110655737704935,11.599999999999998,5.8110655737704935,4.007479508196721,5.4,11.599999999999998,-1.2300000000000002,-5.0,6.5,0.2,2.5,0.32,5.0,1.8,1.6,15.0,5.0,1.0,0.8,0.8,1.4,0.45,0.35,0.2,0.35,0.55,0.2,7.0,5.4,base_grid
hybrid_support,Hybrid,none,5.4,-5.0,5.361065573770494,3.849979508196721,5.4,5.6,-3.3300000000000005,-5.0,6.5,0.2,3.5,0.32,5.0,1.8,1.6,9.0,5.0,1.0,0.8,0.8,1.4,0.45,0.35,0.2,0.35,0.55,0.2,7.0,5.4,base_grid
hybrid_support,Hybrid,none,5.4,-5.0,5.361065573770494,3.849979508196721,5.4,8.599999999999998,-2.280000000000001,-5.0,6.5,0.2,3.5,0.32,5.0,1.8,1.6,12.0,5.0,1.0,0.8,0.8,1.4,0.45,0.35,0.2,0.35,0.55,0.2,7.0,5.4,base_grid
hybrid_support,Hybrid,none,5.4,-5.0,5.361065573770494,3.849979508196721,5.4,11.599999999999998,-1.2300000000000002,-5.0,6.5,0.2,3.5,0.32,5.0,1.8,1.6,15.0,5.0,1.0,0.8,0.8,1.4,0.45,0.35,0.2,0.35,0.55,0.2,7.0,5.4,base_grid
hybrid_support,Hybrid,high,6.096311475409838,5.6,6.096311475409838,4.045840163934426,5.4,5.6,-3.3300000000000005,-5.0,8.0,0.2,0.5,0.32,5.0,1.8,1.6,9.0,5.0,1.0,0.8,0.8,1.4,0.45,0.35,0.2,0.35,0.55,0.2,7.0,5.4,base_grid
hybrid_support,Hybrid,high,6.096311475409838,8.599999999999998,6.096311475409838,4.045840163934426,5.4,8.599999999999998,-2.280000000000001,-5.0,8.0,0.2,0.5,0.32,5.0,1.8,1.6,12.0,5.0,1.0,0.8,0.8,1.4,0.45,0.35,0.2,0.35,0.55,0.2,7.0,5.4,base_grid
hybrid_support,Hybrid,high,6.096311475409838,11.599999999999998,6.096311475409838,4.045840163934426,5.4,11.599999999999998,-1.2300000000000002,-5.0,8.0,0.2,0.5,0.32,5.0,1.8,1.6,15.0,5.0,1.0,0.8,0.8,1.4,0.45,0.35,0.2,0.35,0.55,0.2,7.0,5.4,base_grid
hybrid_support,Hybrid,high,5.646311475409838,5.6,5.646311475409838,3.8883401639344264,5.4,5.6,-3.3300000000000005,-5.0,8.0,0.2,1.5,0.32,5.0,1.8,1.6,9.0,5.0,1.0,0.8,0.8,1.4,0.45,0.35,0.2,0.35,0.55,0.2,7.0,5.4,base_grid
hybrid_support,Hybrid,high,5.646311475409838,8.599999999999998,5.646311475409838,3.8883401639344264,5.4,8.599999999999998,-2.280000000000001,-5.0,8.0,0.2,1.5,0.32,5.0,1.8,1.6,12.0,5.0,1.0,0.8,0.8,1.4,0.45,0.35,0.2,0.35,0.55,0.2,7.0,5.4,base_grid
hybrid_support,Hybrid,high,5.646311475409838,11.599999999999998,5.646311475409838,3.8883401639344264,5.4,11.599999999999998,-1.2300000000000002,-5.0,8.0,0.2,1.5,0.32,5.0,1.8,1.6,15.0,5.0,1.0,0.8,0.8,1.4,0.45,0.35,0.2,0.35,0.55,0.2,7.0,5.4,base_grid
hybrid_support,Hybrid,none,5.4,-5.0,5.196311475409837,3.7308401639344266,5.4,5.6,-3.3300000000000005,-5.0,8.0,0.2,2.5,0.32,5.0,1.8,1.6,9.0,5.0,1.0,0.8,0.8,1.4,0.45,0.35,0.2,0.35,0.55,0.2,7.0,5.4,base_grid
hybrid_support,Hybrid,none,5.4,-5.0,5.196311475409837,3.7308401639344266,5.4,8.599999999999998,-2.280000000000001,-5.0,8.0,0.2,2.5,0.32,5.0,1.8,1.6,12.0,5.0,1.0,0.8,0.8,1.4,0.45,0.35,0.2,0.35,0.55,0.2,7.0,5.4,base_grid
hybrid_support,Hybrid,none,5.4,-5.0,5.196311475409837,3.7308401639344266,5.4,11.599999999999998,-1.2300000000000002,-5.0,8.0,0.2,2.5,0.32,5.0,1.8,1.6,15.0,5.0,1.0,0.8,0.8,1.4,0.45,0.35,0.2,0.35,0.55,0.2,7.0,5.4,base_grid
hybrid_support,Hybrid,none,5.4,-5.0,4.746311475409838,3.5733401639344264,5.4,5.6,-3.3300000000000005,-5.0,8.0,0.2,3.5,0.32,5.0,1.8,1.6,9.0,5.0,1.0,0.8,0.8,1.4,0.45,0.35,0.2,0.35,0.55,0.2,7.0,5.4,base_grid
hybrid_support,Hybrid,none,5.4,-5.0,4.746311475409838,3.5733401639344264,5.4,8.599999999999998,-2.280000000000001,-5.0,8.0,0.2,3.5,0.32,5.0,1.8,1.6,12.0,5.0,1.0,0.8,0.8,1.4,0.45,0.35,0.2,0.35,0.55,0.2,7.0,5.4,base_grid
hybrid_support,Hybrid,none,5.4,-5.0,4.746311475409838,3.5733401639344264,5.4,11.599999999999998,-1.2300000000000002,-5.0,8.0,0.2,3.5,0.32,5.0,1.8,1.6,15.0,5.0,1.0,0.8,0.8,1.4,0.45,0.35,0.2,0.35,0.55,0.2,7.0,5.4,base_grid
hybrid_support,Hybrid,high,8.049242424242426,5.6,8.049242424242426,4.924659090909091,5.4,5.6,-3.3300000000000005,-5.0,3.5,0.4,0.5,0.32,5.0,1.8,1.6,9.0,5.0,1.0,0.8,0.8,1.4,0.45,0.35,0.2,0.35,0.55,0.2,7.0,5.4,base_grid
hybrid_support,Hybrid,high,8.049242424242426,8.599999999999998,8.049242424242426,4.924659090909091,5.4,8.599999999999998,-2.280000000000001,-5.0,3.5,0.4,0.5,0.32,5.0,1.8,1.6,12.0,5.0,1.0,0.8,0.8,1.4,0.45,0.35,0.2,0.35,0.55,0.2,7.0,5.4,base_grid
hybrid_support,Hybrid,high,8.049242424242426,11.599999999999998,8.049242424242426,4.924659090909091,5.4,11.599999999999998,-1.2300000000000002,-5.0,3.5,0.4,0.5,0.32,5.0,1.8,1.6,15.0,5.0,1.0,0.8,0.8,1.4,0.45,0.35,0.2,0.35,0.55,0.2,7.0,5.4,base_grid
hybrid_support,Hybrid,high,7.5992424242424255,5.6,7.5992424242424255,4.767159090909091,5.4,5.6,-3.3300000000000005,-5.0,3.5,0.4,1.5,0.32,5.0,1.8,1.6,9.0,5.0,1.0,0.8,0.8,1.4,0.45,0.35,0.2,0.35,0.55,0.2,7.0,5.4,base_grid
hybrid_support,Hybrid,high,7.5992424242424255,8.599999999999998,7.5992424242424255,4.767159090909091,5.4,8.599999999999998,-2.280000000000001,-5.0,3.5,0.4,1.5,0.32,5.0,1.8,1.6,12.0,5.0,1.0,0.8,0.8,1.4,0.45,0.35,0.2,0.35,0.55,0.2,7.0,5.4,base_grid
hybrid_support,Hybrid,high,7.5992424242424255,11.599999999999998,7.5992424242424255,4.767159090909091,5.4,11.599999999999998,-1.2300000000000002,-5.0,3.5,0.4,1.5,0.32,5.0,1.8,1.6,15.0,5.0,1.0,0.8,0.8,1.4,0.45,0.35,0.2,0.35,0.55,0.2,7.0,5.4,base_grid
hybrid_support,Hybrid,high,7.149242424242425,5.6,7.149242424242425,4.6096590909090915,5.4,5.6,-3.3300000000000005,-5.0,3.5,0.4,2.5,0.32,5.0,1.8,1.6,9.0,5.0,1.0,0.8,0.8,1.4,0.45,0.35,0.2,0.35,0.55,0.2,7.0,5.4,base_grid
hybrid_support,Hybrid,high,7.149242424242425,8.599999999999998,7.149242424242425,4.6096590909090915,5.4,8.599999999999998,-2.280000000000001,-5.0,3.5,0.4,2.5,0.32,5.0,1.8,1.6,12.0,5.0,1.0,0.8,0.8,1.4,0.45,0.35,0.2,0.35,0.55,0.2,7.0,5.4,base_grid
hybrid_support,Hybrid,high,7.149242424242425,11.599999999999998,7.149242424242425,4.6096590909090915,5.4,11.599999999999998,-1.2300000000000002,-5.0,3.5,0.4,2.5,0.32,5.0,1.8,1.6,15.0,5.0,1.0,0.8,0.8,1.4,0.45,0.35,0.2,0.35,0.55,0.2,7.0,5.4,base_grid
hybrid_support,Hybrid,high,6.699242424242426,5.6,6.699242424242426,4.452159090909092,5.4,5.6,-3.3300000000000005,-5.0,3.5,0.4,3.5,0.32,5.0,1.8,1.6,9.0,5.0,1.0,0.8,0.8,1.4,0.45,0.35,0.2,0.35,0.55,0.2,7.0,5.4,base_grid
hybrid_support,Hybrid,high,6.699242424242426,8.599999999999998,6.699242424242426,4.452159090909092,5.4,8.599999999999998,-2.280000000000001,-5.0,3.5,0.4,3.5,0.32,5.0,1.8,1.6,12.0,5.0,1.0,0.8,0.8,1.4,0.45,0.35,0.2,0.35,0.55,0.2,7.0,5.4,base_grid
hybrid_support,Hybrid,high,6.699242424242426,11.599999999999998,6.699242424242426,4.452159090909092,5.4,11.599999999999998,-1.2300000000000002,-5.0,3.5,0.4,3.5,0.32,5.0,1.8,1.6,15.0,5.0,1.0,0.8,0.8,1.4,0.45,0.35,0.2,0.35,0.55,0.2,7.0,5.4,base_grid
hybrid_support,Hybrid,high,7.481060606060607,5.6,7.481060606060607,4.668977272727273,5.4,5.6,-3.3300000000000005,-5.0,5.0,0.4,0.5,0.32,5.0,1.8,1.6,9.0,5.0,1.0,0.8,0.8,1.4,0.45,0.35,0.2,0.35,0.55,0.2,7.0,5.4,base_grid
hybrid_support,Hybrid,high,7.481060606060607,8.599999999999998,7.481060606060607,4.668977272727273,5.4,8.599999999999998,-2.280000000000001,-5.0,5.0,0.4,0.5,0.32,5.0,1.8,1.6,12.0,5.0,1.0,0.8,0.8,1.4,0.45,0.35,0.2,0.35,0.55,0.2,7.0,5.4,base_grid
hybrid_support,Hybrid,high,7.481060606060607,11.599999999999998,7.481060606060607,4.668977272727273,5.4,11.599999999999998,-1.2300000000000002,-5.0,5.0,0.4,0.5,0.32,5.0,1.8,1.6,15.0,5.0,1.0,0.8,0.8,1.4,0.45,0.35,0.2,0.35,0.55,0.2,7.0,5.4,base_grid
hybrid_support,Hybrid,high,7.031060606060607,5.6,7.031060606060607,4.511477272727273,5.4,5.6,-3.3300000000000005,-5.0,5.0,0.4,1.5,0.32,5.0,1.8,1.6,9.0,5.0,1.0,0.8,0.8,1.4,0.45,0.35,0.2,0.35,0.55,0.2,7.0,5.4,base_grid
hybrid_support,Hybrid,high,7.031060606060607,8.599999999999998,7.031060606060607,4.511477272727273,5.4,8.599999999999998,-2.280000000000001,-5.0,5.0,0.4,1.5,0.32,5.0,1.8,1.6,12.0,5.0,1.0,0.8,0.8,1.4,0.45,0.35,0.2,0.35,0.55,0.2,7.0,5.4,base_grid
hybrid_support,Hybrid,high,7.031060606060607,11.599999999999998,7.031060606060607,4.511477272727273,5.4,11.599999999999998,-1.2300000000000002,-5.0,5.0,0.4,1.5,0.32,5.0,1.8,1.6,15.0,5.0,1.0,0.8,0.8,1.4,0.45,0.35,0.2,0.35,0.55,0.2,7.0,5.4,base_grid
hybrid_support,Hybrid,high,6.581060606060607,5.6,6.581060606060607,4.353977272727273,5.4,5.6,-3.3300000000000005,-5.0,5.0,0.4,2.5,0.32,5.0,1.8,1.6,9.0,5.0,1.0,0.8,0.8,1.4,0.45,0.35,0.2,0.35,0.55,0.2,7.0,5.4,base_grid
hybrid_support,Hybrid,high,6.581060606060607,8.599999999999998,6.581060606060607,4.353977272727273,5.4,8.599999999999998,-2.280000000000001,-5.0,5.0,0.4,2.5,0.32,5.0,1.8,1.6,12.0,5.0,1.0,0.8,0.8,1.4,0.45,0.35,0.2,0.35,0.55,0.2,7.0,5.4,base_grid
hybrid_support,Hybrid,high,6.581060606060607,11.599999999999998,6.581060606060607,4.353977272727273,5.4,11.599999999999998,-1.2300000000000002,-5.0,5.0,0.4,2.5,0.32,5.0,1.8,1.6,15.0,5.0,1.0,0.8,0.8,1.4,0.45,0.35,0.2,0.35,0.55,0.2,7.0,5.4,base_grid
hybrid_support,Hybrid,high,6.131060606060608,5.6,6.131060606060608,4.1964772727272734,5.4,5.6,-3.3300000000000005,-5.0,5.0,0.4,3.5,0.32,5.0,1.8,1.6,9.0,5.0,1.0,0.8,0.8,1.4,0.45,0.35,0.2,0.35,0.55,0.2,7.0,5.4,base_grid
hybrid_support,Hybrid,high,6.131060606060608,8.599999999999998,6.131060606060608,4.1964772727272734,5.4,8.599999999999998,-2.280000000000001,-5.0,5.0,0.4,3.5,0.32,5.0,1.8,1.6,12.0,5.0,1.0,0.8,0.8,1.4,0.45,0.35,0.2,0.35,0.55,0.2,7.0,5.4,base_grid
hybrid_support,Hybrid,high,6.131060606060608,11.599999999999998,6.131060606060608,4.1964772727272734,5.4,11.599999999999998,-1.2300000000000002,-5.0,5.0,0.4,3.5,0.32,5.0,1.8,1.6,15.0,5.0,1.0,0.8,0.8,1.4,0.45,0.35,0.2,0.35,0.55,0.2,7.0,5.4,base_grid
hybrid_support,Hybrid,high,6.912878787878789,5.6,6.912878787878789,4.413295454545454,5.4,5.6,-3.3300000000000005,-5.0,6.5,0.4,0.5,0.32,5.0,1.8,1.6,9.0,5.0,1.0,0.8,0.8,1.4,0.45,0.35,0.2,0.35,0.55,0.2,7.0,5.4,base_grid
hybrid_support,Hybrid,high,6.912878787878789,8.599999999999998,6.912878787878789,4.413295454545454,5.4,8.599999999999998,-2.280000000000001,-5.0,6.5,0.4,0.5,0.32,5.0,1.8,1.6,12.0,5.0,1.0,0.8,0.8,1.4,0.45,0.35,0.2,0.35,0.55,0.2,7.0,5.4,base_grid
hybrid_support,Hybrid,high,6.912878787878789,11.599999999999998,6.912878787878789,4.413295454545454,5.4,11.599999999999998,-1.2300000000000002,-5.0,6.5,0.4,0.5,0.32,5.0,1.8,1.6,15.0,5.0,1.0,0.8,0.8,1.4,0.45,0.35,0.2,0.35,0.55,0.2,7.0,5.4,base_grid
hybrid_support,Hybrid,high,6.462878787878789,5.6,6.462878787878789,4.255795454545455,5.4,5.6,-3.3300000000000005,-5.0,6.5,0.4,1.5,0.32,5.0,1.8,1.6,9.0,5.0,1.0,0.8,0.8,1.4,0.45,0.35,0.2,0.35,0.55,0.2,7.0,5.4,base_grid
hybrid_support,Hybrid,high,6.462878787878789,8.599999999999998,6.462878787878789,4.255795454545455,5.4,8.599999999999998,-2.280000000000001,-5.0,6.5,0.4,1.5,0.32,5.0,1.8,1.6,12.0,5.0,1.0,0.8,0.8,1.4,0.45,0.35,0.2,0.35,0.55,0.2,7.0,5.4,base_grid
hybrid_support,Hybrid,high,6.462878787878789,11.599999999999998,6.462878787878789,4.255795454545455,5.4,11.599999999999998,-1.2300000000000002,-5.0,6.5,0.4,1.5,0.32,5.0,1.8,1.6,15.0,5.0,1.0,0.8,0.8,1.4,0.45,0.35,0.2,0.35,0.55,0.2,7.0,5.4,base_grid
hybrid_support,Hybrid,high,6.012878787878789,5.6,6.012878787878789,4.098295454545455,5.4,5.6,-3.3300000000000005,-5.0,6.5,0.4,2.5,0.32,5.0,1.8,1.6,9.0,5.0,1.0,0.8,0.8,1.4,0.45,0.35,0.2,0.35,0.55,0.2,7.0,5.4,base_grid
hybrid_support,Hybrid,high,6.012878787878789,8.599999999999998,6.012878787878789,4.098295454545455,5.4,8.599999999999998,-2.280000000000001,-5.0,6.5,0.4,2.5,0.32,5.0,1.8,1.6,12.0,5.0,1.0,0.8,0.8,1.4,0.45,0.35,0.2,0.35,0.55,0.2,7.0,5.4,base_grid
hybrid_support,Hybrid,high,6.012878787878789,11.599999999999998,6.012878787878789,4.098295454545455,5.4,11.599999999999998,-1.2300000000000002,-5.0,6.5,0.4,2.5,0.32,5.0,1.8,1.6,15.0,5.0,1.0,0.8,0.8,1.4,0.45,0.35,0.2,0.35,0.55,0.2,7.0,5.4,base_grid
hybrid_support,Hybrid,high,5.562878787878789,5.6,5.562878787878789,3.9407954545454547,5.4,5.6,-3.3300000000000005,-5.0,6.5,0.4,3.5,0.32,5.0,1.8,1.6,9.0,5.0,1.0,0.8,0.8,1.4,0.45,0.35,0.2,0.35,0.55,0.2,7.0,5.4,base_grid
hybrid_support,Hybrid,high,5.562878787878789,8.599999999999998,5.562878787878789,3.9407954545454547,5.4,8.599999999999998,-2.280000000000001,-5.0,6.5,0.4,3.5,0.32,5.0,1.8,1.6,12.0,5.0,1.0,0.8,0.8,1.4,0.45,0.35,0.2,0.35,0.55,0.2,7.0,5.4,base_grid
hybrid_support,Hybrid,high,5.562878787878789,11.599999999999998,5.562878787878789,3.9407954545454547,5.4,11.599999999999998,-1.2300000000000002,-5.0,6.5,0.4,3.5,0.32,5.0,1.8,1.6,15.0,5.0,1.0,0.8,0.8,1.4,0.45,0.35,0.2,0.35,0.55,0.2,7.0,5.4,base_grid
hybrid_support,Hybrid,high,6.344696969696971,5.6,6.344696969696971,4.157613636363636,5.4,5.6,-3.3300000000000005,-5.0,8.0,0.4,0.5,0.32,5.0,1.8,1.6,9.0,5.0,1.0,0.8,0.8,1.4,0.45,0.35,0.2,0.35,0.55,0.2,7.0,5.4,base_grid
hybrid_support,Hybrid,high,6.344696969696971,8.599999999999998,6.344696969696971,4.157613636363636,5.4,8.599999999999998,-2.280000000000001,-5.0,8.0,0.4,0.5,0.32,5.0,1.8,1.6,12.0,5.0,1.0,0.8,0.8,1.4,0.45,0.35,0.2,0.35,0.55,0.2,7.0,5.4,base_grid
hybrid_support,Hybrid,high,6.344696969696971,11.599999999999998,6.344696969696971,4.157613636363636,5.4,11.599999999999998,-1.2300000000000002,-5.0,8.0,0.4,0.5,0.32,5.0,1.8,1.6,15.0,5.0,1.0,0.8,0.8,1.4,0.45,0.35,0.2,0.35,0.55,0.2,7.0,5.4,base_grid
hybrid_support,Hybrid,high,5.89469696969697,5.6,5.89469696969697,4.000113636363636,5.4,5.6,-3.3300000000000005,-5.0,8.0,0.4,1.5,0.32,5.0,1.8,1.6,9.0,5.0,1.0,0.8,0.8,1.4,0.45,0.35,0.2,0.35,0.55,0.2,7.0,5.4,base_grid
hybrid_support,Hybrid,high,5.89469696969697,8.599999999999998,5.89469696969697,4.000113636363636,5.4,8.599999999999998,-2.280000000000001,-5.0,8.0,0.4,1.5,0.32,5.0,1.8,1.6,12.0,5.0,1.0,0.8,0.8,1.4,0.45,0.35,0.2,0.35,0.55,0.2,7.0,5.4,base_grid
hybrid_support,Hybrid,high,5.89469696969697,11.599999999999998,5.89469696969697,4.000113636363636,5.4,11.599999999999998,-1.2300000000000002,-5.0,8.0,0.4,1.5,0.32,5.0,1.8,1.6,15.0,5.0,1.0,0.8,0.8,1.4,0.45,0.35,0.2,0.35,0.55,0.2,7.0,5.4,base_grid
hybrid_support,Hybrid,high,5.44469696969697,5.6,5.44469696969697,3.8426136363636365,5.4,5.6,-3.3300000000000005,-5.0,8.0,0.4,2.5,0.32,5.0,1.8,1.6,9.0,5.0,1.0,0.8,0.8,1.4,0.45,0.35,0.2,0.35,0.55,0.2,7.0,5.4,base_grid
hybrid_support,Hybrid,high,5.44469696969697,8.599999999999998,5.44469696969697,3.8426136363636365,5.4,8.599999999999998,-2.280000000000001,-5.0,8.0,0.4,2.5,0.32,5.0,1.8,1.6,12.0,5.0,1.0,0.8,0.8,1.4,0.45,0.35,0.2,0.35,0.55,0.2,7.0,5.4,base_grid
hybrid_support,Hybrid,high,5.44469696969697,11.599999999999998,5.44469696969697,3.8426136363636365,5.4,11.599999999999998,-1.2300000000000002,-5.0,8.0,0.4,2.5,0.32,5.0,1.8,1.6,15.0,5.0,1.0,0.8,0.8,1.4,0.45,0.35,0.2,0.35,0.55,0.2,7.0,5.4,base_grid
hybrid_support,Hybrid,none,5.4,-5.0,4.994696969696971,3.6851136363636363,5.4,5.6,-3.3300000000000005,-5.0,8.0,0.4,3.5,0.32,5.0,1.8,1.6,9.0,5.0,1.0,0.8,0.8,1.4,0.45,0.35,0.2,0.35,0.55,0.2,7.0,5.4,base_grid
hybrid_support,Hybrid,none,5.4,-5.0,4.994696969696971,3.6851136363636363,5.4,8.599999999999998,-2.280000000000001,-5.0,8.0,0.4,3.5,0.32,5.0,1.8,1.6,12.0,5.0,1.0,0.8,0.8,1.4,0.45,0.35,0.2,0.35,0.55,0.2,7.0,5.4,base_grid
hybrid_support,Hybrid,none,5.4,-5.0,4.994696969696971,3.6851136363636363,5.4,11.599999999999998,-1.2300000000000002,-5.0,8.0,0.4,3.5,0.32,5.0,1.8,1.6,15.0,5.0,1.0,0.8,0.8,1.4,0.45,0.35,0.2,0.35,0.55,0.2,7.0,5.4,base_grid
hybrid_support,Hybrid,high,8.142605633802818,5.6,8.142605633802818,4.966672535211267,5.4,5.6,-3.3300000000000005,-5.0,3.5,0.6,0.5,0.32,5.0,1.8,1.6,9.0,5.0,1.0,0.8,0.8,1.4,0.45,0.35,0.2,0.35,0.55,0.2,7.0,5.4,base_grid
hybrid_support,Hybrid,high,8.142605633802818,8.599999999999998,8.142605633802818,4.966672535211267,5.4,8.599999999999998,-2.280000000000001,-5.0,3.5,0.6,0.5,0.32,5.0,1.8,1.6,12.0,5.0,1.0,0.8,0.8,1.4,0.45,0.35,0.2,0.35,0.55,0.2,7.0,5.4,base_grid
hybrid_support,Hybrid,high,8.142605633802818,11.599999999999998,8.142605633802818,4.966672535211267,5.4,11.599999999999998,-1.2300000000000002,-5.0,3.5,0.6,0.5,0.32,5.0,1.8,1.6,15.0,5.0,1.0,0.8,0.8,1.4,0.45,0.35,0.2,0.35,0.55,0.2,7.0,5.4,base_grid
hybrid_support,Hybrid,high,7.692605633802818,5.6,7.692605633802818,4.8091725352112675,5.4,5.6,-3.3300000000000005,-5.0,3.5,0.6,1.5,0.32,5.0,1.8,1.6,9.0,5.0,1.0,0.8,0.8,1.4,0.45,0.35,0.2,0.35,0.55,0.2,7.0,5.4,base_grid
hybrid_support,Hybrid,high,7.692605633802818,8.599999999999998,7.692605633802818,4.8091725352112675,5.4,8.599999999999998,-2.280000000000001,-5.0,3.5,0.6,1.5,0.32,5.0,1.8,1.6,12.0,5.0,1.0,0.8,0.8,1.4,0.45,0.35,0.2,0.35,0.55,0.2,7.0,5.4,base_grid
hybrid_support,Hybrid,high,7.692605633802818,11.599999999999998,7.692605633802818,4.8091725352112675,5.4,11.599999999999998,-1.2300000000000002,-5.0,3.5,0.6,1.5,0.32,5.0,1.8,1.6,15.0,5.0,1.0,0.8,0.8,1.4,0.45,0.35,0.2,0.35,0.55,0.2,7.0,5.4,base_grid
hybrid_support,Hybrid,high,7.2426056338028175,5.6,7.2426056338028175,4.651672535211268,5.4,5.6,-3.3300000000000005,-5.0,3.5,0.6,2.5,0.32,5.0,1.8,1.6,9.0,5.0,1.0,0.8,0.8,1.4,0.45,0.35,0.2,0.35,0.55,0.2,7.0,5.4,base_grid
hybrid_support,Hybrid,high,7.2426056338028175,8.599999999999998,7.2426056338028175,4.651672535211268,5.4,8.599999999999998,-2.280000000000001,-5.0,3.5,0.6,2.5,0.32,5.0,1.8,1.6,12.0,5.0,1.0,0.8,0.8,1.4,0.45,0.35,0.2,0.35,0.55,0.2,7.0,5.4,base_grid
hybrid_support,Hybrid,high,7.2426056338028175,11.599999999999998,7.2426056338028175,4.651672535211268,5.4,11.599999999999998,-1.2300000000000002,-5.0,3.5,0.6,2.5,0.32,5.0,1.8,1.6,15.0,5.0,1.0,0.8,0.8,1.4,0.45,0.35,0.2,0.35,0.55,0.2,7.0,5.4,base_grid
hybrid_support,Hybrid,high,6.792605633802818,5.6,6.792605633802818,4.494172535211268,5.4,5.6,-3.3300000000000005,-5.0,3.5,0.6,3.5,0.32,5.0,1.8,1.6,9.0,5.0,1.0,0.8,0.8,1.4,0.45,0.35,0.2,0.35,0.55,0.2,7.0,5.4,base_grid
hybrid_support,Hybrid,high,6.792605633802818,8.599999999999998,6.792605633802818,4.494172535211268,5.4,8.599999999999998,-2.280000000000001,-5.0,3.5,0.6,3.5,0.32,5.0,1.8,1.6,12.0,5.0,1.0,0.8,0.8,1.4,0.45,0.35,0.2,0.35,0.55,0.2,7.0,5.4,base_grid
hybrid_support,Hybrid,high,6.792605633802818,11.599999999999998,6.792605633802818,4.494172535211268,5.4,11.599999999999998,-1.2300000000000002,-5.0,3.5,0.6,3.5,0.32,5.0,1.8,1.6,15.0,5.0,1.0,0.8,0.8,1.4,0.45,0.35,0.2,0.35,0.55,0.2,7.0,5.4,base_grid
hybrid_support,Hybrid,high,7.614436619718312,5.6,7.614436619718312,4.728996478873239,5.4,5.6,-3.3300000000000005,-5.0,5.0,0.6,0.5,0.32,5.0,1.8,1.6,9.0,5.0,1.0,0.8,0.8,1.4,0.45,0.35,0.2,0.35,0.55,0.2,7.0,5.4,base_grid
hybrid_support,Hybrid,high,7.614436619718312,8.599999999999998,7.614436619718312,4.728996478873239,5.4,8.599999999999998,-2.280000000000001,-5.0,5.0,0.6,0.5,0.32,5.0,1.8,1.6,12.0,5.0,1.0,0.8,0.8,1.4,0.45,0.35,0.2,0.35,0.55,0.2,7.0,5.4,base_grid
hybrid_support,Hybrid,high,7.614436619718312,11.599999999999998,7.614436619718312,4.728996478873239,5.4,11.599999999999998,-1.2300000000000002,-5.0,5.0,0.6,0.5,0.32,5.0,1.8,1.6,15.0,5.0,1.0,0.8,0.8,1.4,0.45,0.35,0.2,0.35,0.55,0.2,7.0,5.4,base_grid
hybrid_support,Hybrid,high,7.164436619718312,5.6,7.164436619718312,4.5714964788732395,5.4,5.6,-3.3300000000000005,-5.0,5.0,0.6,1.5,0.32,5.0,1.8,1.6,9.0,5.0,1.0,0.8,0.8,1.4,0.45,0.35,0.2,0.35,0.55,0.2,7.0,5.4,base_grid
hybrid_support,Hybrid,high,7.164436619718312,8.599999999999998,7.164436619718312,4.5714964788732395,5.4,8.599999999999998,-2.280000000000001,-5.0,5.0,0.6,1.5,0.32,5.0,1.8,1.6,12.0,5.0,1.0,0.8,0.8,1.4,0.45,0.35,0.2,0.35,0.55,0.2,7.0,5.4,base_grid
hybrid_support,Hybrid,high,7.164436619718312,11.599999999999998,7.164436619718312,4.5714964788732395,5.4,11.599999999999998,-1.2300000000000002,-5.0,5.0,0.6,1.5,0.32,5.0,1.8,1.6,15.0,5.0,1.0,0.8,0.8,1.4,0.45,0.35,0.2,0.35,0.55,0.2,7.0,5.4,base_grid
hybrid_support,Hybrid,high,6.714436619718311,5.6,6.714436619718311,4.41399647887324,5.4,5.6,-3.3300000000000005,-5.0,5.0,0.6,2.5,0.32,5.0,1.8,1.6,9.0,5.0,1.0,0.8,0.8,1.4,0.45,0.35,0.2,0.35,0.55,0.2,7.0,5.4,base_grid
hybrid_support,Hybrid,high,6.714436619718311,8.599999999999998,6.714436619718311,4.41399647887324,5.4,8.599999999999998,-2.280000000000001,-5.0,5.0,0.6,2.5,0.32,5.0,1.8,1.6,12.0,5.0,1.0,0.8,0.8,1.4,0.45,0.35,0.2,0.35,0.55,0.2,7.0,5.4,base_grid
hybrid_support,Hybrid,high,6.714436619718311,11.599999999999998,6.714436619718311,4.41399647887324,5.4,11.599999999999998,-1.2300000000000002,-5.0,5.0,0.6,2.5,0.32,5.0,1.8,1.6,15.0,5.0,1.0,0.8,0.8,1.4,0.45,0.35,0.2,0.35,0.55,0.2,7.0,5.4,base_grid
hybrid_support,Hybrid,high,6.264436619718312,5.6,6.264436619718312,4.25649647887324,5.4,5.6,-3.3300000000000005,-5.0,5.0,0.6,3.5,0.32,5.0,1.8,1.6,9.0,5.0,1.0,0.8,0.8,1.4,0.45,0.35,0.2,0.35,0.55,0.2,7.0,5.4,base_grid
hybrid_support,Hybrid,high,6.264436619718312,8.599999999999998,6.264436619718312,4.25649647887324,5.4,8.599999999999998,-2.280000000000001,-5.0,5.0,0.6,3.5,0.32,5.0,1.8,1.6,12.0,5.0,1.0,0.8,0.8,1.4,0.45,0.35,0.2,0.35,0.55,0.2,7.0,5.4,base_grid
hybrid_support,Hybrid,high,6.264436619718312,11.599999999999998,6.264436619718312,4.25649647887324,5.4,11.599999999999998,-1.2300000000000002,-5.0,5.0,0.6,3.5,0.32,5.0,1.8,1.6,15.0,5.0,1.0,0.8,0.8,1.4,0.45,0.35,0.2,0.35,0.55,0.2,7.0,5.4,base_grid
hybrid_support,Hybrid,high,7.086267605633804,5.6,7.086267605633804,4.491320422535211,5.4,5.6,-3.3300000000000005,-5.0,6.5,0.6,0.5,0.32,5.0,1.8,1.6,9.0,5.0,1.0,0.8,0.8,1.4,0.45,0.35,0.2,0.35,0.55,0.2,7.0,5.4,base_grid
hybrid_support,Hybrid,high,7.086267605633804,8.599999999999998,7.086267605633804,4.491320422535211,5.4,8.599999999999998,-2.280000000000001,-5.0,6.5,0.6,0.5,0.32,5.0,1.8,1.6,12.0,5.0,1.0,0.8,0.8,1.4,0.45,0.35,0.2,0.35,0.55,0.2,7.0,5.4,base_grid
hybrid_support,Hybrid,high,7.086267605633804,11.599999999999998,7.086267605633804,4.491320422535211,5.4,11.599999999999998,-1.2300000000000002,-5.0,6.5,0.6,0.5,0.32,5.0,1.8,1.6,15.0,5.0,1.0,0.8,0.8,1.4,0.45,0.35,0.2,0.35,0.55,0.2,7.0,5.4,base_grid
hybrid_support,Hybrid,high,6.636267605633804,5.6,6.636267605633804,4.3338204225352115,5.4,5.6,-3.3300000000000005,-5.0,6.5,0.6,1.5,0.32,5.0,1.8,1.6,9.0,5.0,1.0,0.8,0.8,1.4,0.45,0.35,0.2,0.35,0.55,0.2,7.0,5.4,base_grid
hybrid_support,Hybrid,high,6.636267605633804,8.599999999999998,6.636267605633804,4.3338204225352115,5.4,8.599999999999998,-2.280000000000001,-5.0,6.5,0.6,1.5,0.32,5.0,1.8,1.6,12.0,5.0,1.0,0.8,0.8,1.4,0.45,0.35,0.2,0.35,0.55,0.2,7.0,5.4,base_grid
hybrid_support,Hybrid,high,6.636267605633804,11.599999999999998,6.636267605633804,4.3338204225352115,5.4,11.599999999999998,-1.2300000000000002,-5.0,6.5,0.6,1.5,0.32,5.0,1.8,1.6,15.0,5.0,1.0,0.8,0.8,1.4,0.45,0.35,0.2,0.35,0.55,0.2,7.0,5.4,base_grid
hybrid_support,Hybrid,high,6.1862676056338035,5.6,6.1862676056338035,4.176320422535212,5.4,5.6,-3.3300000000000005,-5.0,6.5,0.6,2.5,0.32,5.0,1.8,1.6,9.0,5.0,1.0,0.8,0.8,1.4,0.45,0.35,0.2,0.35,0.55,0.2,7.0,5.4,base_grid
hybrid_support,Hybrid,high,6.1862676056338035,8.599999999999998,6.1862676056338035,4.176320422535212,5.4,8.599999999999998,-2.280000000000001,-5.0,6.5,0.6,2.5,0.32,5.0,1.8,1.6,12.0,5.0,1.0,0.8,0.8,1.4,0.45,0.35,0.2,0.35,0.55,0.2,7.0,5.4,base_grid
hybrid_support,Hybrid,high,6.1862676056338035,11.599999999999998,6.1862676056338035,4.176320422535212,5.4,11.599999999999998,-1.2300000000000002,-5.0,6.5,0.6,2.5,0.32,5.0,1.8,1.6,15.0,5.0,1.0,0.8,0.8,1.4,0.45,0.35,0.2,0.35,0.55,0.2,7.0,5.4,base_grid
hybrid_support,Hybrid,high,5.736267605633804,5.6,5.736267605633804,4.018820422535212,5.4,5.6,-3.3300000000000005,-5.0,6.5,0.6,3.5,0.32,5.0,1.8,1.6,9.0,5.0,1.0,0.8,0.8,1.4,0.45,0.35,0.2,0.35,0.55,0.2,7.0,5.4,base_grid
hybrid_support,Hybrid,high,5.736267605633804,8.599999999999998,5.736267605633804,4.018820422535212,5.4,8.599999999999998,-2.280000000000001,-5.0,6.5,0.6,3.5,0.32,5.0,1.8,1.6,12.0,5.0,1.0,0.8,0.8,1.4,0.45,0.35,0.2,0.35,0.55,0.2,7.0,5.4,base_grid
hybrid_support,Hybrid,high,5.736267605633804,11.599999999999998,5.736267605633804,4.018820422535212,5.4,11.599999999999998,-1.2300000000000002,-5.0,6.5,0.6,3.5,0.32,5.0,1.8,1.6,15.0,5.0,1.0,0.8,0.8,1.4,0.45,0.35,0.2,0.35,0.55,0.2,7.0,5.4,base_grid
hybrid_support,Hybrid,high,6.558098591549298,5.6,6.558098591549298,4.253644366197183,5.4,5.6,-3.3300000000000005,-5.0,8.0,0.6,0.5,0.32,5.0,1.8,1.6,9.0,5.0,1.0,0.8,0.8,1.4,0.45,0.35,0.2,0.35,0.55,0.2,7.0,5.4,base_grid
hybrid_support,Hybrid,high,6.558098591549298,8.599999999999998,6.558098591549298,4.253644366197183,5.4,8.599999999999998,-2.280000000000001,-5.0,8.0,0.6,0.5,0.32,5.0,1.8,1.6,12.0,5.0,1.0,0.8,0.8,1.4,0.45,0.35,0.2,0.35,0.55,0.2,7.0,5.4,base_grid
hybrid_support,Hybrid,high,6.558098591549298,11.599999999999998,6.558098591549298,4.253644366197183,5.4,11.599999999999998,-1.2300000000000002,-5.0,8.0,0.6,0.5,0.32,5.0,1.8,1.6,15.0,5.0,1.0,0.8,0.8,1.4,0.45,0.35,0.2,0.35,0.55,0.2,7.0,5.4,base_grid
hybrid_support,Hybrid,high,6.108098591549298,5.6,6.108098591549298,4.0961443661971835,5.4,5.6,-3.3300000000000005,-5.0,8.0,0.6,1.5,0.32,5.0,1.8,1.6,9.0,5.0,1.0,0.8,0.8,1.4,0.45,0.35,0.2,0.35,0.55,0.2,7.0,5.4,base_grid
hybrid_support,Hybrid,high,6.108098591549298,8.599999999999998,6.108098591549298,4.0961443661971835,5.4,8.599999999999998,-2.280000000000001,-5.0,8.0,0.6,1.5,0.32,5.0,1.8,1.6,12.0,5.0,1.0,0.8,0.8,1.4,0.45,0.35,0.2,0.35,0.55,0.2,7.0,5.4,base_grid
hybrid_support,Hybrid,high,6.108098591549298,11.599999999999998,6.108098591549298,4.0961443661971835,5.4,11.599999999999998,-1.2300000000000002,-5.0,8.0,0.6,1.5,0.32,5.0,1.8,1.6,15.0,5.0,1.0,0.8,0.8,1.4,0.45,0.35,0.2,0.35,0.55,0.2,7.0,5.4,base_grid
hybrid_support,Hybrid,high,5.658098591549297,5.6,5.658098591549297,3.9386443661971837,5.4,5.6,-3.3300000000000005,-5.0,8.0,0.6,2.5,0.32,5.0,1.8,1.6,9.0,5.0,1.0,0.8,0.8,1.4,0.45,0.35,0.2,0.35,0.55,0.2,7.0,5.4,base_grid
hybrid_support,Hybrid,high,5.658098591549297,8.599999999999998,5.658098591549297,3.9386443661971837,5.4,8.599999999999998,-2.280000000000001,-5.0,8.0,0.6,2.5,0.32,5.0,1.8,1.6,12.0,5.0,1.0,0.8,0.8,1.4,0.45,0.35,0.2,0.35,0.55,0.2,7.0,5.4,base_grid
hybrid_support,Hybrid,high,5.658098591549297,11.599999999999998,5.658098591549297,3.9386443661971837,5.4,11.599999999999998,-1.2300000000000002,-5.0,8.0,0.6,2.5,0.32,5.0,1.8,1.6,15.0,5.0,1.0,0.8,0.8,1.4,0.45,0.35,0.2,0.35,0.55,0.2,7.0,5.4,base_grid
hybrid_support,Hybrid,none,5.4,-5.0,5.208098591549298,3.7811443661971835,5.4,5.6,-3.3300000000000005,-5.0,8.0,0.6,3.5,0.32,5.0,1.8,1.6,9.0,5.0,1.0,0.8,0.8,1.4,0.45,0.35,0.2,0.35,0.55,0.2,7.0,5.4,base_grid
hybrid_support,Hybrid,none,5.4,-5.0,5.208098591549298,3.7811443661971835,5.4,8.599999999999998,-2.280000000000001,-5.0,8.0,0.6,3.5,0.32,5.0,1.8,1.6,12.0,5.0,1.0,0.8,0.8,1.4,0.45,0.35,0.2,0.35,0.55,0.2,7.0,5.4,base_grid
hybrid_support,Hybrid,none,5.4,-5.0,5.208098591549298,3.7811443661971835,5.4,11.599999999999998,-1.2300000000000002,-5.0,8.0,0.6,3.5,0.32,5.0,1.8,1.6,15.0,5.0,1.0,0.8,0.8,1.4,0.45,0.35,0.2,0.35,0.55,0.2,7.0,5.4,base_grid
hybrid_support,Hybrid,high,8.223684210526317,5.6,8.223684210526317,5.003157894736842,5.4,5.6,-3.3300000000000005,-5.0,3.5,0.8,0.5,0.32,5.0,1.8,1.6,9.0,5.0,1.0,0.8,0.8,1.4,0.45,0.35,0.2,0.35,0.55,0.2,7.0,5.4,base_grid
hybrid_support,Hybrid,high,8.223684210526317,8.599999999999998,8.223684210526317,5.003157894736842,5.4,8.599999999999998,-2.280000000000001,-5.0,3.5,0.8,0.5,0.32,5.0,1.8,1.6,12.0,5.0,1.0,0.8,0.8,1.4,0.45,0.35,0.2,0.35,0.55,0.2,7.0,5.4,base_grid
hybrid_support,Hybrid,high,8.223684210526317,11.599999999999998,8.223684210526317,5.003157894736842,5.4,11.599999999999998,-1.2300000000000002,-5.0,3.5,0.8,0.5,0.32,5.0,1.8,1.6,15.0,5.0,1.0,0.8,0.8,1.4,0.45,0.35,0.2,0.35,0.55,0.2,7.0,5.4,base_grid
hybrid_support,Hybrid,high,7.773684210526317,5.6,7.773684210526317,4.845657894736842,5.4,5.6,-3.3300000000000005,-5.0,3.5,0.8,1.5,0.32,5.0,1.8,1.6,9.0,5.0,1.0,0.8,0.8,1.4,0.45,0.35,0.2,0.35,0.55,0.2,7.0,5.4,base_grid
hybrid_support,Hybrid,high,7.773684210526317,8.599999999999998,7.773684210526317,4.845657894736842,5.4,8.599999999999998,-2.280000000000001,-5.0,3.5,0.8,1.5,0.32,5.0,1.8,1.6,12.0,5.0,1.0,0.8,0.8,1.4,0.45,0.35,0.2,0.35,0.55,0.2,7.0,5.4,base_grid
hybrid_support,Hybrid,high,7.773684210526317,11.599999999999998,7.773684210526317,4.845657894736842,5.4,11.599999999999998,-1.2300000000000002,-5.0,3.5,0.8,1.5,0.32,5.0,1.8,1.6,15.0,5.0,1.0,0.8,0.8,1.4,0.45,0.35,0.2,0.35,0.55,0.2,7.0,5.4,base_grid
hybrid_support,Hybrid,high,7.3236842105263165,5.6,7.3236842105263165,4.688157894736842,5.4,5.6,-3.3300000000000005,-5.0,3.5,0.8,2.5,0.32,5.0,1.8,1.6,9.0,5.0,1.0,0.8,0.8,1.4,0.45,0.35,0.2,0.35,0.55,0.2,7.0,5.4,base_grid
hybrid_support,Hybrid,high,7.3236842105263165,8.599999999999998,7.3236842105263165,4.688157894736842,5.4,8.599999999999998,-2.280000000000001,-5.0,3.5,0.8,2.5,0.32,5.0,1.8,1.6,12.0,5.0,1.0,0.8,0.8,1.4,0.45,0.35,0.2,0.35,0.55,0.2,7.0,5.4,base_grid
hybrid_support,Hybrid,high,7.3236842105263165,11.599999999999998,7.3236842105263165,4.688157894736842,5.4,11.599999999999998,-1.2300000000000002,-5.0,3.5,0.8,2.5,0.32,5.0,1.8,1.6,15.0,5.0,1.0,0.8,0.8,1.4,0.45,0.35,0.2,0.35,0.55,0.2,7.0,5.4,base_grid
hybrid_support,Hybrid,high,6.873684210526317,5.6,6.873684210526317,4.5306578947368426,5.4,5.6,-3.3300000000000005,-5.0,3.5,0.8,3.5,0.32,5.0,1.8,1.6,9.0,5.0,1.0,0.8,0.8,1.4,0.45,0.35,0.2,0.35,0.55,0.2,7.0,5.4,base_grid
hybrid_support,Hybrid,high,6.873684210526317,8.599999999999998,6.873684210526317,4.5306578947368426,5.4,8.599999999999998,-2.280000000000001,-5.0,3.5,0.8,3.5,0.32,5.0,1.8,1.6,12.0,5.0,1.0,0.8,0.8,1.4,0.45,0.35,0.2,0.35,0.55,0.2,7.0,5.4,base_grid
hybrid_support,Hybrid,high,6.873684210526317,11.599999999999998,6.873684210526317,4.5306578947368426,5.4,11.599999999999998,-1.2300000000000002,-5.0,3.5,0.8,3.5,0.32,5.0,1.8,1.6,15.0,5.0,1.0,0.8,0.8,1.4,0.45,0.35,0.2,0.35,0.55,0.2,7.0,5.4,base_grid
hybrid_support,Hybrid,high,7.730263157894739,5.6,7.730263157894739,4.781118421052631,5.4,5.6,-3.3300000000000005,-5.0,5.0,0.8,0.5,0.32,5.0,1.8,1.6,9.0,5.0,1.0,0.8,0.8,1.4,0.45,0.35,0.2,0.35,0.55,0.2,7.0,5.4,base_grid
hybrid_support,Hybrid,high,7.730263157894739,8.599999999999998,7.730263157894739,4.781118421052631,5.4,8.599999999999998,-2.280000000000001,-5.0,5.0,0.8,0.5,0.32,5.0,1.8,1.6,12.0,5.0,1.0,0.8,0.8,1.4,0.45,0.35,0.2,0.35,0.55,0.2,7.0,5.4,base_grid
hybrid_support,Hybrid,high,7.730263157894739,11.599999999999998,7.730263157894739,4.781118421052631,5.4,11.599999999999998,-1.2300000000000002,-5.0,5.0,0.8,0.5,0.32,5.0,1.8,1.6,15.0,5.0,1.0,0.8,0.8,1.4,0.45,0.35,0.2,0.35,0.55,0.2,7.0,5.4,base_grid
hybrid_support,Hybrid,high,7.280263157894739,5.6,7.280263157894739,4.623618421052631,5.4,5.6,-3.3300000000000005,-5.0,5.0,0.8,1.5,0.32,5.0,1.8,1.6,9.0,5.0,1.0,0.8,0.8,1.4,0.45,0.35,0.2,0.35,0.55,0.2,7.0,5.4,base_grid
hybrid_support,Hybrid,high,7.280263157894739,8.599999999999998,7.280263157894739,4.623618421052631,5.4,8.599999999999998,-2.280000000000001,-5.0,5.0,0.8,1.5,0.32,5.0,1.8,1.6,12.0,5.0,1.0,0.8,0.8,1.4,0.45,0.35,0.2,0.35,0.55,0.2,7.0,5.4,base_grid
hybrid_support,Hybrid,high,7.280263157894739,11.599999999999998,7.280263157894739,4.623618421052631,5.4,11.599999999999998,-1.2300000000000002,-5.0,5.0,0.8,1.5,0.32,5.0,1.8,1.6,15.0,5.0,1.0,0.8,0.8,1.4,0.45,0.35,0.2,0.35,0.55,0.2,7.0,5.4,base_grid
hybrid_support,Hybrid,high,6.830263157894739,5.6,6.830263157894739,4.466118421052632,5.4,5.6,-3.3300000000000005,-5.0,5.0,0.8,2.5,0.32,5.0,1.8,1.6,9.0,5.0,1.0,0.8,0.8,1.4,0.45,0.35,0.2,0.35,0.55,0.2,7.0,5.4,base_grid
hybrid_support,Hybrid,high,6.830263157894739,8.599999999999998,6.830263157894739,4.466118421052632,5.4,8.599999999999998,-2.280000000000001,-5.0,5.0,0.8,2.5,0.32,5.0,1.8,1.6,12.0,5.0,1.0,0.8,0.8,1.4,0.45,0.35,0.2,0.35,0.55,0.2,7.0,5.4,base_grid
hybrid_support,Hybrid,high,6.830263157894739,11.599999999999998,6.830263157894739,4.466118421052632,5.4,11.599999999999998,-1.2300000000000002,-5.0,5.0,0.8,2.5,0.32,5.0,1.8,1.6,15.0,5.0,1.0,0.8,0.8,1.4,0.45,0.35,0.2,0.35,0.55,0.2,7.0,5.4,base_grid
hybrid_support,Hybrid,high,6.380263157894738,5.6,6.380263157894738,4.308618421052632,5.4,5.6,-3.3300000000000005,-5.0,5.0,0.8,3.5,0.32,5.0,1.8,1.6,9.0,5.0,1.0,0.8,0.8,1.4,0.45,0.35,0.2,0.35,0.55,0.2,7.0,5.4,base_grid
hybrid_support,Hybrid,high,6.380263157894738,8.599999999999998,6.380263157894738,4.308618421052632,5.4,8.599999999999998,-2.280000000000001,-5.0,5.0,0.8,3.5,0.32,5.0,1.8,1.6,12.0,5.0,1.0,0.8,0.8,1.4,0.45,0.35,0.2,0.35,0.55,0.2,7.0,5.4,base_grid
hybrid_support,Hybrid,high,6.380263157894738,11.599999999999998,6.380263157894738,4.308618421052632,5.4,11.599999999999998,-1.2300000000000002,-5.0,5.0,0.8,3.5,0.32,5.0,1.8,1.6,15.0,5.0,1.0,0.8,0.8,1.4,0.45,0.35,0.2,0.35,0.55,0.2,7.0,5.4,base_grid
hybrid_support,Hybrid,high,7.236842105263159,5.6,7.236842105263159,4.559078947368421,5.4,5.6,-3.3300000000000005,-5.0,6.5,0.8,0.5,0.32,5.0,1.8,1.6,9.0,5.0,1.0,0.8,0.8,1.4,0.45,0.35,0.2,0.35,0.55,0.2,7.0,5.4,base_grid
hybrid_support,Hybrid,high,7.236842105263159,8.599999999999998,7.236842105263159,4.559078947368421,5.4,8.599999999999998,-2.280000000000001,-5.0,6.5,0.8,0.5,0.32,5.0,1.8,1.6,12.0,5.0,1.0,0.8,0.8,1.4,0.45,0.35,0.2,0.35,0.55,0.2,7.0,5.4,base_grid
hybrid_support,Hybrid,high,7.236842105263159,11.599999999999998,7.236842105263159,4.559078947368421,5.4,11.599999999999998,-1.2300000000000002,-5.0,6.5,0.8,0.5,0.32,5.0,1.8,1.6,15.0,5.0,1.0,0.8,0.8,1.4,0.45,0.35,0.2,0.35,0.55,0.2,7.0,5.4,base_grid
hybrid_support,Hybrid,high,6.786842105263159,5.6,6.786842105263159,4.401578947368421,5.4,5.6,-3.3300000000000005,-5.0,6.5,0.8,1.5,0.32,5.0,1.8,1.6,9.0,5.0,1.0,0.8,0.8,1.4,0.45,0.35,0.2,0.35,0.55,0.2,7.0,5.4,base_grid
hybrid_support,Hybrid,high,6.786842105263159,8.599999999999998,6.786842105263159,4.401578947368421,5.4,8.599999999999998,-2.280000000000001,-5.0,6.5,0.8,1.5,0.32,5.0,1.8,1.6,12.0,5.0,1.0,0.8,0.8,1.4,0.45,0.35,0.2,0.35,0.55,0.2,7.0,5.4,base_grid
hybrid_support,Hybrid,high,6.786842105263159,11.599999999999998,6.786842105263159,4.401578947368421,5.4,11.599999999999998,-1.2300000000000002,-5.0,6.5,0.8,1.5,0.32,5.0,1.8,1.6,15.0,5.0,1.0,0.8,0.8,1.4,0.45,0.35,0.2,0.35,0.55,0.2,7.0,5.4,base_grid
hybrid_support,Hybrid,high,6.336842105263159,5.6,6.336842105263159,4.244078947368421,5.4,5.6,-3.3300000000000005,-5.0,6.5,0.8,2.5,0.32,5.0,1.8,1.6,9.0,5.0,1.0,0.8,0.8,1.4,0.45,0.35,0.2,0.35,0.55,0.2,7.0,5.4,base_grid
hybrid_support,Hybrid,high,6.336842105263159,8.599999999999998,6.336842105263159,4.244078947368421,5.4,8.599999999999998,-2.280000000000001,-5.0,6.5,0.8,2.5,0.32,5.0,1.8,1.6,12.0,5.0,1.0,0.8,0.8,1.4,0.45,0.35,0.2,0.35,0.55,0.2,7.0,5.4,base_grid
hybrid_support,Hybrid,high,6.336842105263159,11.599999999999998,6.336842105263159,4.244078947368421,5.4,11.599999999999998,-1.2300000000000002,-5.0,6.5,0.8,2.5,0.32,5.0,1.8,1.6,15.0,5.0,1.0,0.8,0.8,1.4,0.45,0.35,0.2,0.35,0.55,0.2,7.0,5.4,base_grid
hybrid_support,Hybrid,high,5.88684210526316,5.6,5.88684210526316,4.086578947368421,5.4,5.6,-3.3300000000000005,-5.0,6.5,0.8,3.5,0.32,5.0,1.8,1.6,9.0,5.0,1.0,0.8,0.8,1.4,0.45,0.35,0.2,0.35,0.55,0.2,7.0,5.4,base_grid
hybrid_support,Hybrid,high,5.88684210526316,8.599999999999998,5.88684210526316,4.086578947368421,5.4,8.599999999999998,-2.280000000000001,-5.0,6.5,0.8,3.5,0.32,5.0,1.8,1.6,12.0,5.0,1.0,0.8,0.8,1.4,0.45,0.35,0.2,0.35,0.55,0.2,7.0,5.4,base_grid
hybrid_support,Hybrid,high,5.88684210526316,11.599999999999998,5.88684210526316,4.086578947368421,5.4,11.599999999999998,-1.2300000000000002,-5.0,6.5,0.8,3.5,0.32,5.0,1.8,1.6,15.0,5.0,1.0,0.8,0.8,1.4,0.45,0.35,0.2,0.35,0.55,0.2,7.0,5.4,base_grid
hybrid_support,Hybrid,high,6.7434210526315805,5.6,6.7434210526315805,4.33703947368421,5.4,5.6,-3.3300000000000005,-5.0,8.0,0.8,0.5,0.32,5.0,1.8,1.6,9.0,5.0,1.0,0.8,0.8,1.4,0.45,0.35,0.2,0.35,0.55,0.2,7.0,5.4,base_grid
hybrid_support,Hybrid,high,6.7434210526315805,8.599999999999998,6.7434210526315805,4.33703947368421,5.4,8.599999999999998,-2.280000000000001,-5.0,8.0,0.8,0.5,0.32,5.0,1.8,1.6,12.0,5.0,1.0,0.8,0.8,1.4,0.45,0.35,0.2,0.35,0.55,0.2,7.0,5.4,base_grid
hybrid_support,Hybrid,high,6.7434210526315805,11.599999999999998,6.7434210526315805,4.33703947368421,5.4,11.599999999999998,-1.2300000000000002,-5.0,8.0,0.8,0.5,0.32,5.0,1.8,1.6,15.0,5.0,1.0,0.8,0.8,1.4,0.45,0.35,0.2,0.35,0.55,0.2,7.0,5.4,base_grid
hybrid_support,Hybrid,high,6.29342105263158,5.6,6.29342105263158,4.17953947368421,5.4,5.6,-3.3300000000000005,-5.0,8.0,0.8,1.5,0.32,5.0,1.8,1.6,9.0,5.0,1.0,0.8,0.8,1.4,0.45,0.35,0.2,0.35,0.55,0.2,7.0,5.4,base_grid
hybrid_support,Hybrid,high,6.29342105263158,8.599999999999998,6.29342105263158,4.17953947368421,5.4,8.599999999999998,-2.280000000000001,-5.0,8.0,0.8,1.5,0.32,5.0,1.8,1.6,12.0,5.0,1.0,0.8,0.8,1.4,0.45,0.35,0.2,0.35,0.55,0.2,7.0,5.4,base_grid
hybrid_support,Hybrid,high,6.29342105263158,11.599999999999998,6.29342105263158,4.17953947368421,5.4,11.599999999999998,-1.2300000000000002,-5.0,8.0,0.8,1.5,0.32,5.0,1.8,1.6,15.0,5.0,1.0,0.8,0.8,1.4,0.45,0.35,0.2,0.35,0.55,0.2,7.0,5.4,base_grid
hybrid_support,Hybrid,high,5.84342105263158,5.6,5.84342105263158,4.02203947368421,5.4,5.6,-3.3300000000000005,-5.0,8.0,0.8,2.5,0.32,5.0,1.8,1.6,9.0,5.0,1.0,0.8,0.8,1.4,0.45,0.35,0.2,0.35,0.55,0.2,7.0,5.4,base_grid
hybrid_support,Hybrid,high,5.84342105263158,8.599999999999998,5.84342105263158,4.02203947368421,5.4,8.599999999999998,-2.280000000000001,-5.0,8.0,0.8,2.5,0.32,5.0,1.8,1.6,12.0,5.0,1.0,0.8,0.8,1.4,0.45,0.35,0.2,0.35,0.55,0.2,7.0,5.4,base_grid
hybrid_support,Hybrid,high,5.84342105263158,11.599999999999998,5.84342105263158,4.02203947368421,5.4,11.599999999999998,-1.2300000000000002,-5.0,8.0,0.8,2.5,0.32,5.0,1.8,1.6,15.0,5.0,1.0,0.8,0.8,1.4,0.45,0.35,0.2,0.35,0.55,0.2,7.0,5.4,base_grid
hybrid_support,Hybrid,none,5.4,-5.0,5.393421052631581,3.8645394736842102,5.4,5.6,-3.3300000000000005,-5.0,8.0,0.8,3.5,0.32,5.0,1.8,1.6,9.0,5.0,1.0,0.8,0.8,1.4,0.45,0.35,0.2,0.35,0.55,0.2,7.0,5.4,base_grid
hybrid_support,Hybrid,none,5.4,-5.0,5.393421052631581,3.8645394736842102,5.4,8.599999999999998,-2.280000000000001,-5.0,8.0,0.8,3.5,0.32,5.0,1.8,1.6,12.0,5.0,1.0,0.8,0.8,1.4,0.45,0.35,0.2,0.35,0.55,0.2,7.0,5.4,base_grid
hybrid_support,Hybrid,none,5.4,-5.0,5.393421052631581,3.8645394736842102,5.4,11.599999999999998,-1.2300000000000002,-5.0,8.0,0.8,3.5,0.32,5.0,1.8,1.6,15.0,5.0,1.0,0.8,0.8,1.4,0.45,0.35,0.2,0.35,0.55,0.2,7.0,5.4,base_grid
hybrid_support,Hybrid,high,8.294753086419755,5.6,8.294753086419755,5.035138888888889,5.4,5.6,-3.3300000000000005,-5.0,3.5,1.0,0.5,0.32,5.0,1.8,1.6,9.0,5.0,1.0,0.8,0.8,1.4,0.45,0.35,0.2,0.35,0.55,0.2,7.0,5.4,base_grid
hybrid_support,Hybrid,high,8.294753086419755,8.599999999999998,8.294753086419755,5.035138888888889,5.4,8.599999999999998,-2.280000000000001,-5.0,3.5,1.0,0.5,0.32,5.0,1.8,1.6,12.0,5.0,1.0,0.8,0.8,1.4,0.45,0.35,0.2,0.35,0.55,0.2,7.0,5.4,base_grid
hybrid_support,Hybrid,high,8.294753086419755,11.599999999999998,8.294753086419755,5.035138888888889,5.4,11.599999999999998,-1.2300000000000002,-5.0,3.5,1.0,0.5,0.32,5.0,1.8,1.6,15.0,5.0,1.0,0.8,0.8,1.4,0.45,0.35,0.2,0.35,0.55,0.2,7.0,5.4,base_grid
hybrid_support,Hybrid,high,7.844753086419755,5.6,7.844753086419755,4.877638888888889,5.4,5.6,-3.3300000000000005,-5.0,3.5,1.0,1.5,0.32,5.0,1.8,1.6,9.0,5.0,1.0,0.8,0.8,1.4,0.45,0.35,0.2,0.35,0.55,0.2,7.0,5.4,base_grid
hybrid_support,Hybrid,high,7.844753086419755,8.599999999999998,7.844753086419755,4.877638888888889,5.4,8.599999999999998,-2.280000000000001,-5.0,3.5,1.0,1.5,0.32,5.0,1.8,1.6,12.0,5.0,1.0,0.8,0.8,1.4,0.45,0.35,0.2,0.35,0.55,0.2,7.0,5.4,base_grid
hybrid_support,Hybrid,high,7.844753086419755,11.599999999999998,7.844753086419755,4.877638888888889,5.4,11.599999999999998,-1.2300000000000002,-5.0,3.5,1.0,1.5,0.32,5.0,1.8,1.6,15.0,5.0,1.0,0.8,0.8,1.4,0.45,0.35,0.2,0.35,0.55,0.2,7.0,5.4,base_grid
hybrid_support,Hybrid,high,7.394753086419755,5.6,7.394753086419755,4.720138888888889,5.4,5.6,-3.3300000000000005,-5.0,3.5,1.0,2.5,0.32,5.0,1.8,1.6,9.0,5.0,1.0,0.8,0.8,1.4,0.45,0.35,0.2,0.35,0.55,0.2,7.0,5.4,base_grid
hybrid_support,Hybrid,high,7.394753086419755,8.599999999999998,7.394753086419755,4.720138888888889,5.4,8.599999999999998,-2.280000000000001,-5.0,3.5,1.0,2.5,0.32,5.0,1.8,1.6,12.0,5.0,1.0,0.8,0.8,1.4,0.45,0.35,0.2,0.35,0.55,0.2,7.0,5.4,base_grid
hybrid_support,Hybrid,high,7.394753086419755,11.599999999999998,7.394753086419755,4.720138888888889,5.4,11.599999999999998,-1.2300000000000002,-5.0,3.5,1.0,2.5,0.32,5.0,1.8,1.6,15.0,5.0,1.0,0.8,0.8,1.4,0.45,0.35,0.2,0.35,0.55,0.2,7.0,5.4,base_grid
hybrid_support,Hybrid,high,6.944753086419755,5.6,6.944753086419755,4.562638888888889,5.4,5.6,-3.3300000000000005,-5.0,3.5,1.0,3.5,0.32,5.0,1.8,1.6,9.0,5.0,1.0,0.8,0.8,1.4,0.45,0.35,0.2,0.35,0.55,0.2,7.0,5.4,base_grid
hybrid_support,Hybrid,high,6.944753086419755,8.599999999999998,6.944753086419755,4.562638888888889,5.4,8.599999999999998,-2.280000000000001,-5.0,3.5,1.0,3.5,0.32,5.0,1.8,1.6,12.0,5.0,1.0,0.8,0.8,1.4,0.45,0.35,0.2,0.35,0.55,0.2,7.0,5.4,base_grid
hybrid_support,Hybrid,high,6.944753086419755,11.599999999999998,6.944753086419755,4.562638888888889,5.4,11.599999999999998,-1.2300000000000002,-5.0,3.5,1.0,3.5,0.32,5.0,1.8,1.6,15.0,5.0,1.0,0.8,0.8,1.4,0.45,0.35,0.2,0.35,0.55,0.2,7.0,5.4,base_grid
hybrid_support,Hybrid,high,7.831790123456791,5.6,7.831790123456791,4.826805555555555,5.4,5.6,-3.3300000000000005,-5.0,5.0,1.0,0.5,0.32,5.0,1.8,1.6,9.0,5.0,1.0,0.8,0.8,1.4,0.45,0.35,0.2,0.35,0.55,0.2,7.0,5.4,base_grid
hybrid_support,Hybrid,high,7.831790123456791,8.599999999999998,7.831790123456791,4.826805555555555,5.4,8.599999999999998,-2.280000000000001,-5.0,5.0,1.0,0.5,0.32,5.0,1.8,1.6,12.0,5.0,1.0,0.8,0.8,1.4,0.45,0.35,0.2,0.35,0.55,0.2,7.0,5.4,base_grid
hybrid_support,Hybrid,high,7.831790123456791,11.599999999999998,7.831790123456791,4.826805555555555,5.4,11.599999999999998,-1.2300000000000002,-5.0,5.0,1.0,0.5,0.32,5.0,1.8,1.6,15.0,5.0,1.0,0.8,0.8,1.4,0.45,0.35,0.2,0.35,0.55,0.2,7.0,5.4,base_grid
hybrid_support,Hybrid,high,7.381790123456791,5.6,7.381790123456791,4.669305555555555,5.4,5.6,-3.3300000000000005,-5.0,5.0,1.0,1.5,0.32,5.0,1.8,1.6,9.0,5.0,1.0,0.8,0.8,1.4,0.45,0.35,0.2,0.35,0.55,0.2,7.0,5.4,base_grid
hybrid_support,Hybrid,high,7.381790123456791,8.599999999999998,7.381790123456791,4.669305555555555,5.4,8.599999999999998,-2.280000000000001,-5.0,5.0,1.0,1.5,0.32,5.0,1.8,1.6,12.0,5.0,1.0,0.8,0.8,1.4,0.45,0.35,0.2,0.35,0.55,0.2,7.0,5.4,base_grid
hybrid_support,Hybrid,high,7.381790123456791,11.599999999999998,7.381790123456791,4.669305555555555,5.4,11.599999999999998,-1.2300000000000002,-5.0,5.0,1.0,1.5,0.32,5.0,1.8,1.6,15.0,5.0,1.0,0.8,0.8,1.4,0.45,0.35,0.2,0.35,0.55,0.2,7.0,5.4,base_grid
hybrid_support,Hybrid,high,6.931790123456791,5.6,6.931790123456791,4.511805555555555,5.4,5.6,-3.3300000000000005,-5.0,5.0,1.0,2.5,0.32,5.0,1.8,1.6,9.0,5.0,1.0,0.8,0.8,1.4,0.45,0.35,0.2,0.35,0.55,0.2,7.0,5.4,base_grid
hybrid_support,Hybrid,high,6.931790123456791,8.599999999999998,6.931790123456791,4.511805555555555,5.4,8.599999999999998,-2.280000000000001,-5.0,5.0,1.0,2.5,0.32,5.0,1.8,1.6,12.0,5.0,1.0,0.8,0.8,1.4,0.45,0.35,0.2,0.35,0.55,0.2,7.0,5.4,base_grid
hybrid_support,Hybrid,high,6.931790123456791,11.599999999999998,6.931790123456791,4.511805555555555,5.4,11.599999999999998,-1.2300000000000002,-5.0,5.0,1.0,2.5,0.32,5.0,1.8,1.6,15.0,5.0,1.0,0.8,0.8,1.4,0.45,0.35,0.2,0.35,0.55,0.2,7.0,5.4,base_grid
hybrid_support,Hybrid,high,6.481790123456792,5.6,6.481790123456792,4.354305555555555,5.4,5.6,-3.3300000000000005,-5.0,5.0,1.0,3.5,0.32,5.0,1.8,1.6,9.0,5.0,1.0,0.8,0.8,1.4,0.45,0.35,0.2,0.35,0.55,0.2,7.0,5.4,base_grid
hybrid_support,Hybrid,high,6.481790123456792,8.599999999999998,6.481790123456792,4.354305555555555,5.4,8.599999999999998,-2.280000000000001,-5.0,5.0,1.0,3.5,0.32,5.0,1.8,1.6,12.0,5.0,1.0,0.8,0.8,1.4,0.45,0.35,0.2,0.35,0.55,0.2,7.0,5.4,base_grid
hybrid_support,Hybrid,high,6.481790123456792,11.599999999999998,6.481790123456792,4.354305555555555,5.4,11.599999999999998,-1.2300000000000002,-5.0,5.0,1.0,3.5,0.32,5.0,1.8,1.6,15.0,5.0,1.0,0.8,0.8,1.4,0.45,0.35,0.2,0.35,0.55,0.2,7.0,5.4,base_grid
hybrid_support,Hybrid,high,7.368827160493829,5.6,7.368827160493829,4.6184722222222225,5.4,5.6,-3.3300000000000005,-5.0,6.5,1.0,0.5,0.32,5.0,1.8,1.6,9.0,5.0,1.0,0.8,0.8,1.4,0.45,0.35,0.2,0.35,0.55,0.2,7.0,5.4,base_grid
hybrid_support,Hybrid,high,7.368827160493829,8.599999999999998,7.368827160493829,4.6184722222222225,5.4,8.599999999999998,-2.280000000000001,-5.0,6.5,1.0,0.5,0.32,5.0,1.8,1.6,12.0,5.0,1.0,0.8,0.8,1.4,0.45,0.35,0.2,0.35,0.55,0.2,7.0,5.4,base_grid
hybrid_support,Hybrid,high,7.368827160493829,11.599999999999998,7.368827160493829,4.6184722222222225,5.4,11.599999999999998,-1.2300000000000002,-5.0,6.5,1.0,0.5,0.32,5.0,1.8,1.6,15.0,5.0,1.0,0.8,0.8,1.4,0.45,0.35,0.2,0.35,0.55,0.2,7.0,5.4,base_grid
hybrid_support,Hybrid,high,6.918827160493829,5.6,6.918827160493829,4.460972222222223,5.4,5.6,-3.3300000000000005,-5.0,6.5,1.0,1.5,0.32,5.0,1.8,1.6,9.0,5.0,1.0,0.8,0.8,1.4,0.45,0.35,0.2,0.35,0.55,0.2,7.0,5.4,base_grid
hybrid_support,Hybrid,high,6.918827160493829,8.599999999999998,6.918827160493829,4.460972222222223,5.4,8.599999999999998,-2.280000000000001,-5.0,6.5,1.0,1.5,0.32,5.0,1.8,1.6,12.0,5.0,1.0,0.8,0.8,1.4,0.45,0.35,0.2,0.35,0.55,0.2,7.0,5.4,base_grid
hybrid_support,Hybrid,high,6.918827160493829,11.599999999999998,6.918827160493829,4.460972222222223,5.4,11.599999999999998,-1.2300000000000002,-5.0,6.5,1.0,1.5,0.32,5.0,1.8,1.6,15.0,5.0,1.0,0.8,0.8,1.4,0.45,0.35,0.2,0.35,0.55,0.2,7.0,5.4,base_grid
hybrid_support,Hybrid,high,6.468827160493829,5.6,6.468827160493829,4.303472222222223,5.4,5.6,-3.3300000000000005,-5.0,6.5,1.0,2.5,0.32,5.0,1.8,1.6,9.0,5.0,1.0,0.8,0.8,1.4,0.45,0.35,0.2,0.35,0.55,0.2,7.0,5.4,base_grid
hybrid_support,Hybrid,high,6.468827160493829,8.599999999999998,6.468827160493829,4.303472222222223,5.4,8.599999999999998,-2.280000000000001,-5.0,6.5,1.0,2.5,0.32,5.0,1.8,1.6,12.0,5.0,1.0,0.8,0.8,1.4,0.45,0.35,0.2,0.35,0.55,0.2,7.0,5.4,base_grid
hybrid_support,Hybrid,high,6.468827160493829,11.599999999999998,6.468827160493829,4.303472222222223,5.4,11.599999999999998,-1.2300000000000002,-5.0,6.5,1.0,2.5,0.32,5.0,1.8,1.6,15.0,5.0,1.0,0.8,0.8,1.4,0.45,0.35,0.2,0.35,0.55,0.2,7.0,5.4,base_grid
hybrid_support,Hybrid,high,6.01882716049383,5.6,6.01882716049383,4.145972222222223,5.4,5.6,-3.3300000000000005,-5.0,6.5,1.0,3.5,0.32,5.0,1.8,1.6,9.0,5.0,1.0,0.8,0.8,1.4,0.45,0.35,0.2,0.35,0.55,0.2,7.0,5.4,base_grid
hybrid_support,Hybrid,high,6.01882716049383,8.599999999999998,6.01882716049383,4.145972222222223,5.4,8.599999999999998,-2.280000000000001,-5.0,6.5,1.0,3.5,0.32,5.0,1.8,1.6,12.0,5.0,1.0,0.8,0.8,1.4,0.45,0.35,0.2,0.35,0.55,0.2,7.0,5.4,base_grid
hybrid_support,Hybrid,high,6.01882716049383,11.599999999999998,6.01882716049383,4.145972222222223,5.4,11.599999999999998,-1.2300000000000002,-5.0,6.5,1.0,3.5,0.32,5.0,1.8,1.6,15.0,5.0,1.0,0.8,0.8,1.4,0.45,0.35,0.2,0.35,0.55,0.2,7.0,5.4,base_grid
hybrid_support,Hybrid,high,6.905864197530866,5.6,6.905864197530866,4.410138888888889,5.4,5.6,-3.3300000000000005,-5.0,8.0,1.0,0.5,0.32,5.0,1.8,1.6,9.0,5.0,1.0,0.8,0.8,1.4,0.45,0.35,0.2,0.35,0.55,0.2,7.0,5.4,base_grid
hybrid_support,Hybrid,high,6.905864197530866,8.599999999999998,6.905864197530866,4.410138888888889,5.4,8.599999999999998,-2.280000000000001,-5.0,8.0,1.0,0.5,0.32,5.0,1.8,1.6,12.0,5.0,1.0,0.8,0.8,1.4,0.45,0.35,0.2,0.35,0.55,0.2,7.0,5.4,base_grid
hybrid_support,Hybrid,high,6.905864197530866,11.599999999999998,6.905864197530866,4.410138888888889,5.4,11.599999999999998,-1.2300000000000002,-5.0,8.0,1.0,0.5,0.32,5.0,1.8,1.6,15.0,5.0,1.0,0.8,0.8,1.4,0.45,0.35,0.2,0.35,0.55,0.2,7.0,5.4,base_grid
hybrid_support,Hybrid,high,6.4558641975308655,5.6,6.4558641975308655,4.252638888888889,5.4,5.6,-3.3300000000000005,-5.0,8.0,1.0,1.5,0.32,5.0,1.8,1.6,9.0,5.0,1.0,0.8,0.8,1.4,0.45,0.35,0.2,0.35,0.55,0.2,7.0,5.4,base_grid
hybrid_support,Hybrid,high,6.4558641975308655,8.599999999999998,6.4558641975308655,4.252638888888889,5.4,8.599999999999998,-2.280000000000001,-5.0,8.0,1.0,1.5,0.32,5.0,1.8,1.6,12.0,5.0,1.0,0.8,0.8,1.4,0.45,0.35,0.2,0.35,0.55,0.2,7.0,5.4,base_grid
hybrid_support,Hybrid,high,6.4558641975308655,11.599999999999998,6.4558641975308655,4.252638888888889,5.4,11.599999999999998,-1.2300000000000002,-5.0,8.0,1.0,1.5,0.32,5.0,1.8,1.6,15.0,5.0,1.0,0.8,0.8,1.4,0.45,0.35,0.2,0.35,0.55,0.2,7.0,5.4,base_grid
hybrid_support,Hybrid,high,6.005864197530865,5.6,6.005864197530865,4.095138888888889,5.4,5.6,-3.3300000000000005,-5.0,8.0,1.0,2.5,0.32,5.0,1.8,1.6,9.0,5.0,1.0,0.8,0.8,1.4,0.45,0.35,0.2,0.35,0.55,0.2,7.0,5.4,base_grid
hybrid_support,Hybrid,high,6.005864197530865,8.599999999999998,6.005864197530865,4.095138888888889,5.4,8.599999999999998,-2.280000000000001,-5.0,8.0,1.0,2.5,0.32,5.0,1.8,1.6,12.0,5.0,1.0,0.8,0.8,1.4,0.45,0.35,0.2,0.35,0.55,0.2,7.0,5.4,base_grid
hybrid_support,Hybrid,high,6.005864197530865,11.599999999999998,6.005864197530865,4.095138888888889,5.4,11.599999999999998,-1.2300000000000002,-5.0,8.0,1.0,2.5,0.32,5.0,1.8,1.6,15.0,5.0,1.0,0.8,0.8,1.4,0.45,0.35,0.2,0.35,0.55,0.2,7.0,5.4,base_grid
hybrid_support,Hybrid,high,5.555864197530866,5.6,5.555864197530866,3.937638888888889,5.4,5.6,-3.3300000000000005,-5.0,8.0,1.0,3.5,0.32,5.0,1.8,1.6,9.0,5.0,1.0,0.8,0.8,1.4,0.45,0.35,0.2,0.35,0.55,0.2,7.0,5.4,base_grid
hybrid_support,Hybrid,high,5.555864197530866,8.599999999999998,5.555864197530866,3.937638888888889,5.4,8.599999999999998,-2.280000000000001,-5.0,8.0,1.0,3.5,0.32,5.0,1.8,1.6,12.0,5.0,1.0,0.8,0.8,1.4,0.45,0.35,0.2,0.35,0.55,0.2,7.0,5.4,base_grid
hybrid_support,Hybrid,high,5.555864197530866,11.599999999999998,5.555864197530866,3.937638888888889,5.4,11.599999999999998,-1.2300000000000002,-5.0,8.0,1.0,3.5,0.32,5.0,1.8,1.6,15.0,5.0,1.0,0.8,0.8,1.4,0.45,0.35,0.2,0.35,0.55,0.2,7.0,5.4,base_grid
hybrid_support,Hybrid,high,8.357558139534886,5.6,8.357558139534886,5.063401162790698,5.4,5.6,-3.3300000000000005,-5.0,3.5,1.2,0.5,0.32,5.0,1.8,1.6,9.0,5.0,1.0,0.8,0.8,1.4,0.45,0.35,0.2,0.35,0.55,0.2,7.0,5.4,base_grid
hybrid_support,Hybrid,high,8.357558139534886,8.599999999999998,8.357558139534886,5.063401162790698,5.4,8.599999999999998,-2.280000000000001,-5.0,3.5,1.2,0.5,0.32,5.0,1.8,1.6,12.0,5.0,1.0,0.8,0.8,1.4,0.45,0.35,0.2,0.35,0.55,0.2,7.0,5.4,base_grid
hybrid_support,Hybrid,high,8.357558139534886,11.599999999999998,8.357558139534886,5.063401162790698,5.4,11.599999999999998,-1.2300000000000002,-5.0,3.5,1.2,0.5,0.32,5.0,1.8,1.6,15.0,5.0,1.0,0.8,0.8,1.4,0.45,0.35,0.2,0.35,0.55,0.2,7.0,5.4,base_grid
hybrid_support,Hybrid,high,7.907558139534886,5.6,7.907558139534886,4.905901162790698,5.4,5.6,-3.3300000000000005,-5.0,3.5,1.2,1.5,0.32,5.0,1.8,1.6,9.0,5.0,1.0,0.8,0.8,1.4,0.45,0.35,0.2,0.35,0.55,0.2,7.0,5.4,base_grid
hybrid_support,Hybrid,high,7.907558139534886,8.599999999999998,7.907558139534886,4.905901162790698,5.4,8.599999999999998,-2.280000000000001,-5.0,3.5,1.2,1.5,0.32,5.0,1.8,1.6,12.0,5.0,1.0,0.8,0.8,1.4,0.45,0.35,0.2,0.35,0.55,0.2,7.0,5.4,base_grid
hybrid_support,Hybrid,high,7.907558139534886,11.599999999999998,7.907558139534886,4.905901162790698,5.4,11.599999999999998,-1.2300000000000002,-5.0,3.5,1.2,1.5,0.32,5.0,1.8,1.6,15.0,5.0,1.0,0.8,0.8,1.4,0.45,0.35,0.2,0.35,0.55,0.2,7.0,5.4,base_grid
hybrid_support,Hybrid,high,7.4575581395348856,5.6,7.4575581395348856,4.748401162790699,5.4,5.6,-3.3300000000000005,-5.0,3.5,1.2,2.5,0.32,5.0,1.8,1.6,9.0,5.0,1.0,0.8,0.8,1.4,0.45,0.35,0.2,0.35,0.55,0.2,7.0,5.4,base_grid
hybrid_support,Hybrid,high,7.4575581395348856,8.599999999999998,7.4575581395348856,4.748401162790699,5.4,8.599999999999998,-2.280000000000001,-5.0,3.5,1.2,2.5,0.32,5.0,1.8,1.6,12.0,5.0,1.0,0.8,0.8,1.4,0.45,0.35,0.2,0.35,0.55,0.2,7.0,5.4,base_grid
hybrid_support,Hybrid,high,7.4575581395348856,11.599999999999998,7.4575581395348856,4.748401162790699,5.4,11.599999999999998,-1.2300000000000002,-5.0,3.5,1.2,2.5,0.32,5.0,1.8,1.6,15.0,5.0,1.0,0.8,0.8,1.4,0.45,0.35,0.2,0.35,0.55,0.2,7.0,5.4,base_grid
hybrid_support,Hybrid,high,7.007558139534886,5.6,7.007558139534886,4.590901162790699,5.4,5.6,-3.3300000000000005,-5.0,3.5,1.2,3.5,0.32,5.0,1.8,1.6,9.0,5.0,1.0,0.8,0.8,1.4,0.45,0.35,0.2,0.35,0.55,0.2,7.0,5.4,base_grid
hybrid_support,Hybrid,high,7.007558139534886,8.599999999999998,7.007558139534886,4.590901162790699,5.4,8.599999999999998,-2.280000000000001,-5.0,3.5,1.2,3.5,0.32,5.0,1.8,1.6,12.0,5.0,1.0,0.8,0.8,1.4,0.45,0.35,0.2,0.35,0.55,0.2,7.0,5.4,base_grid
hybrid_support,Hybrid,high,7.007558139534886,11.599999999999998,7.007558139534886,4.590901162790699,5.4,11.599999999999998,-1.2300000000000002,-5.0,3.5,1.2,3.5,0.32,5.0,1.8,1.6,15.0,5.0,1.0,0.8,0.8,1.4,0.45,0.35,0.2,0.35,0.55,0.2,7.0,5.4,base_grid
hybrid_support,Hybrid,high,7.921511627906979,5.6,7.921511627906979,4.86718023255814,5.4,5.6,-3.3300000000000005,-5.0,5.0,1.2,0.5,0.32,5.0,1.8,1.6,9.0,5.0,1.0,0.8,0.8,1.4,0.45,0.35,0.2,0.35,0.55,0.2,7.0,5.4,base_grid
hybrid_support,Hybrid,high,7.921511627906979,8.599999999999998,7.921511627906979,4.86718023255814,5.4,8.599999999999998,-2.280000000000001,-5.0,5.0,1.2,0.5,0.32,5.0,1.8,1.6,12.0,5.0,1.0,0.8,0.8,1.4,0.45,0.35,0.2,0.35,0.55,0.2,7.0,5.4,base_grid
hybrid_support,Hybrid,high,7.921511627906979,11.599999999999998,7.921511627906979,4.86718023255814,5.4,11.599999999999998,-1.2300000000000002,-5.0,5.0,1.2,0.5,0.32,5.0,1.8,1.6,15.0,5.0,1.0,0.8,0.8,1.4,0.45,0.35,0.2,0.35,0.55,0.2,7.0,5.4,base_grid
hybrid_support,Hybrid,high,7.471511627906978,5.6,7.471511627906978,4.70968023255814,5.4,5.6,-3.3300000000000005,-5.0,5.0,1.2,1.5,0.32,5.0,1.8,1.6,9.0,5.0,1.0,0.8,0.8,1.4,0.45,0.35,0.2,0.35,0.55,0.2,7.0,5.4,base_grid
hybrid_support,Hybrid,high,7.471511627906978,8.599999999999998,7.471511627906978,4.70968023255814,5.4,8.599999999999998,-2.280000000000001,-5.0,5.0,1.2,1.5,0.32,5.0,1.8,1.6,12.0,5.0,1.0,0.8,0.8,1.4,0.45,0.35,0.2,0.35,0.55,0.2,7.0,5.4,base_grid
hybrid_support,Hybrid,high,7.471511627906978,11.599999999999998,7.471511627906978,4.70968023255814,5.4,11.599999999999998,-1.2300000000000002,-5.0,5.0,1.2,1.5,0.32,5.0,1.8,1.6,15.0,5.0,1.0,0.8,0.8,1.4,0.45,0.35,0.2,0.35,0.55,0.2,7.0,5.4,base_grid
hybrid_support,Hybrid,high,7.021511627906978,5.6,7.021511627906978,4.552180232558141,5.4,5.6,-3.3300000000000005,-5.0,5.0,1.2,2.5,0.32,5.0,1.8,1.6,9.0,5.0,1.0,0.8,0.8,1.4,0.45,0.35,0.2,0.35,0.55,0.2,7.0,5.4,base_grid
hybrid_support,Hybrid,high,7.021511627906978,8.599999999999998,7.021511627906978,4.552180232558141,5.4,8.599999999999998,-2.280000000000001,-5.0,5.0,1.2,2.5,0.32,5.0,1.8,1.6,12.0,5.0,1.0,0.8,0.8,1.4,0.45,0.35,0.2,0.35,0.55,0.2,7.0,5.4,base_grid
hybrid_support,Hybrid,high,7.021511627906978,11.599999999999998,7.021511627906978,4.552180232558141,5.4,11.599999999999998,-1.2300000000000002,-5.0,5.0,1.2,2.5,0.32,5.0,1.8,1.6,15.0,5.0,1.0,0.8,0.8,1.4,0.45,0.35,0.2,0.35,0.55,0.2,7.0,5.4,base_grid
hybrid_support,Hybrid,high,6.571511627906979,5.6,6.571511627906979,4.394680232558141,5.4,5.6,-3.3300000000000005,-5.0,5.0,1.2,3.5,0.32,5.0,1.8,1.6,9.0,5.0,1.0,0.8,0.8,1.4,0.45,0.35,0.2,0.35,0.55,0.2,7.0,5.4,base_grid
hybrid_support,Hybrid,high,6.571511627906979,8.599999999999998,6.571511627906979,4.394680232558141,5.4,8.599999999999998,-2.280000000000001,-5.0,5.0,1.2,3.5,0.32,5.0,1.8,1.6,12.0,5.0,1.0,0.8,0.8,1.4,0.45,0.35,0.2,0.35,0.55,0.2,7.0,5.4,base_grid
hybrid_support,Hybrid,high,6.571511627906979,11.599999999999998,6.571511627906979,4.394680232558141,5.4,11.599999999999998,-1.2300000000000002,-5.0,5.0,1.2,3.5,0.32,5.0,1.8,1.6,15.0,5.0,1.0,0.8,0.8,1.4,0.45,0.35,0.2,0.35,0.55,0.2,7.0,5.4,base_grid
hybrid_support,Hybrid,high,7.485465116279071,5.6,7.485465116279071,4.67095930232558,5.4,5.6,-3.3300000000000005,-5.0,6.5,1.2,0.5,0.32,5.0,1.8,1.6,9.0,5.0,1.0,0.8,0.8,1.4,0.45,0.35,0.2,0.35,0.55,0.2,7.0,5.4,base_grid
hybrid_support,Hybrid,high,7.485465116279071,8.599999999999998,7.485465116279071,4.67095930232558,5.4,8.599999999999998,-2.280000000000001,-5.0,6.5,1.2,0.5,0.32,5.0,1.8,1.6,12.0,5.0,1.0,0.8,0.8,1.4,0.45,0.35,0.2,0.35,0.55,0.2,7.0,5.4,base_grid
hybrid_support,Hybrid,high,7.485465116279071,11.599999999999998,7.485465116279071,4.67095930232558,5.4,11.599999999999998,-1.2300000000000002,-5.0,6.5,1.2,0.5,0.32,5.0,1.8,1.6,15.0,5.0,1.0,0.8,0.8,1.4,0.45,0.35,0.2,0.35,0.55,0.2,7.0,5.4,base_grid
hybrid_support,Hybrid,high,7.035465116279071,5.6,7.035465116279071,4.513459302325581,5.4,5.6,-3.3300000000000005,-5.0,6.5,1.2,1.5,0.32,5.0,1.8,1.6,9.0,5.0,1.0,0.8,0.8,1.4,0.45,0.35,0.2,0.35,0.55,0.2,7.0,5.4,base_grid
hybrid_support,Hybrid,high,7.035465116279071,8.599999999999998,7.035465116279071,4.513459302325581,5.4,8.599999999999998,-2.280000000000001,-5.0,6.5,1.2,1.5,0.32,5.0,1.8,1.6,12.0,5.0,1.0,0.8,0.8,1.4,0.45,0.35,0.2,0.35,0.55,0.2,7.0,5.4,base_grid
hybrid_support,Hybrid,high,7.035465116279071,11.599999999999998,7.035465116279071,4.513459302325581,5.4,11.599999999999998,-1.2300000000000002,-5.0,6.5,1.2,1.5,0.32,5.0,1.8,1.6,15.0,5.0,1.0,0.8,0.8,1.4,0.45,0.35,0.2,0.35,0.55,0.2,7.0,5.4,base_grid
hybrid_support,Hybrid,high,6.585465116279071,5.6,6.585465116279071,4.355959302325581,5.4,5.6,-3.3300000000000005,-5.0,6.5,1.2,2.5,0.32,5.0,1.8,1.6,9.0,5.0,1.0,0.8,0.8,1.4,0.45,0.35,0.2,0.35,0.55,0.2,7.0,5.4,base_grid
hybrid_support,Hybrid,high,6.585465116279071,8.599999999999998,6.585465116279071,4.355959302325581,5.4,8.599999999999998,-2.280000000000001,-5.0,6.5,1.2,2.5,0.32,5.0,1.8,1.6,12.0,5.0,1.0,0.8,0.8,1.4,0.45,0.35,0.2,0.35,0.55,0.2,7.0,5.4,base_grid
hybrid_support,Hybrid,high,6.585465116279071,11.599999999999998,6.585465116279071,4.355959302325581,5.4,11.599999999999998,-1.2300000000000002,-5.0,6.5,1.2,2.5,0.32,5.0,1.8,1.6,15.0,5.0,1.0,0.8,0.8,1.4,0.45,0.35,0.2,0.35,0.55,0.2,7.0,5.4,base_grid
hybrid_support,Hybrid,high,6.135465116279072,5.6,6.135465116279072,4.198459302325581,5.4,5.6,-3.3300000000000005,-5.0,6.5,1.2,3.5,0.32,5.0,1.8,1.6,9.0,5.0,1.0,0.8,0.8,1.4,0.45,0.35,0.2,0.35,0.55,0.2,7.0,5.4,base_grid
hybrid_support,Hybrid,high,6.135465116279072,8.599999999999998,6.135465116279072,4.198459302325581,5.4,8.599999999999998,-2.280000000000001,-5.0,6.5,1.2,3.5,0.32,5.0,1.8,1.6,12.0,5.0,1.0,0.8,0.8,1.4,0.45,0.35,0.2,0.35,0.55,0.2,7.0,5.4,base_grid
hybrid_support,Hybrid,high,6.135465116279072,11.599999999999998,6.135465116279072,4.198459302325581,5.4,11.599999999999998,-1.2300000000000002,-5.0,6.5,1.2,3.5,0.32,5.0,1.8,1.6,15.0,5.0,1.0,0.8,0.8,1.4,0.45,0.35,0.2,0.35,0.55,0.2,7.0,5.4,base_grid
hybrid_support,Hybrid,high,7.049418604651164,5.6,7.049418604651164,4.4747383720930225,5.4,5.6,-3.3300000000000005,-5.0,8.0,1.2,0.5,0.32,5.0,1.8,1.6,9.0,5.0,1.0,0.8,0.8,1.4,0.45,0.35,0.2,0.35,0.55,0.2,7.0,5.4,base_grid
hybrid_support,Hybrid,high,7.049418604651164,8.599999999999998,7.049418604651164,4.4747383720930225,5.4,8.599999999999998,-2.280000000000001,-5.0,8.0,1.2,0.5,0.32,5.0,1.8,1.6,12.0,5.0,1.0,0.8,0.8,1.4,0.45,0.35,0.2,0.35,0.55,0.2,7.0,5.4,base_grid
hybrid_support,Hybrid,high,7.049418604651164,11.599999999999998,7.049418604651164,4.4747383720930225,5.4,11.599999999999998,-1.2300000000000002,-5.0,8.0,1.2,0.5,0.32,5.0,1.8,1.6,15.0,5.0,1.0,0.8,0.8,1.4,0.45,0.35,0.2,0.35,0.55,0.2,7.0,5.4,base_grid
hybrid_support,Hybrid,high,6.599418604651164,5.6,6.599418604651164,4.317238372093023,5.4,5.6,-3.3300000000000005,-5.0,8.0,1.2,1.5,0.32,5.0,1.8,1.6,9.0,5.0,1.0,0.8,0.8,1.4,0.45,0.35,0.2,0.35,0.55,0.2,7.0,5.4,base_grid
hybrid_support,Hybrid,high,6.599418604651164,8.599999999999998,6.599418604651164,4.317238372093023,5.4,8.599999999999998,-2.280000000000001,-5.0,8.0,1.2,1.5,0.32,5.0,1.8,1.6,12.0,5.0,1.0,0.8,0.8,1.4,0.45,0.35,0.2,0.35,0.55,0.2,7.0,5.4,base_grid
hybrid_support,Hybrid,high,6.599418604651164,11.599999999999998,6.599418604651164,4.317238372093023,5.4,11.599999999999998,-1.2300000000000002,-5.0,8.0,1.2,1.5,0.32,5.0,1.8,1.6,15.0,5.0,1.0,0.8,0.8,1.4,0.45,0.35,0.2,0.35,0.55,0.2,7.0,5.4,base_grid
hybrid_support,Hybrid,high,6.149418604651164,5.6,6.149418604651164,4.159738372093023,5.4,5.6,-3.3300000000000005,-5.0,8.0,1.2,2.5,0.32,5.0,1.8,1.6,9.0,5.0,1.0,0.8,0.8,1.4,0.45,0.35,0.2,0.35,0.55,0.2,7.0,5.4,base_grid
hybrid_support,Hybrid,high,6.149418604651164,8.599999999999998,6.149418604651164,4.159738372093023,5.4,8.599999999999998,-2.280000000000001,-5.0,8.0,1.2,2.5,0.32,5.0,1.8,1.6,12.0,5.0,1.0,0.8,0.8,1.4,0.45,0.35,0.2,0.35,0.55,0.2,7.0,5.4,base_grid
hybrid_support,Hybrid,high,6.149418604651164,11.599999999999998,6.149418604651164,4.159738372093023,5.4,11.599999999999998,-1.2300000000000002,-5.0,8.0,1.2,2.5,0.32,5.0,1.8,1.6,15.0,5.0,1.0,0.8,0.8,1.4,0.45,0.35,0.2,0.35,0.55,0.2,7.0,5.4,base_grid
hybrid_support,Hybrid,high,5.699418604651164,5.6,5.699418604651164,4.002238372093023,5.4,5.6,-3.3300000000000005,-5.0,8.0,1.2,3.5,0.32,5.0,1.8,1.6,9.0,5.0,1.0,0.8,0.8,1.4,0.45,0.35,0.2,0.35,0.55,0.2,7.0,5.4,base_grid
hybrid_support,Hybrid,high,5.699418604651164,8.599999999999998,5.699418604651164,4.002238372093023,5.4,8.599999999999998,-2.280000000000001,-5.0,8.0,1.2,3.5,0.32,5.0,1.8,1.6,12.0,5.0,1.0,0.8,0.8,1.4,0.45,0.35,0.2,0.35,0.55,0.2,7.0,5.4,base_grid
hybrid_support,Hybrid,high,5.699418604651164,11.599999999999998,5.699418604651164,4.002238372093023,5.4,11.599999999999998,-1.2300000000000002,-5.0,8.0,1.2,3.5,0.32,5.0,1.8,1.6,15.0,5.0,1.0,0.8,0.8,1.4,0.45,0.35,0.2,0.35,0.55,0.2,7.0,5.4,base_grid
audit_penalty,Audit/penalty,none,5.4,-5.0,-3.1249999999999996,2.10375,5.4,11.65,-0.8500000000000008,-5.0,5.5,0.55,1.5,0.0,0.0,0.35,0.0,12.0,5.0,1.0,0.8,0.0,1.4,0.45,0.35,0.2,0.35,0.15,0.05,7.0,5.4,audit_penalty_heatmap
audit_penalty,Audit/penalty,none,5.4,-5.0,-3.1249999999999996,2.10375,5.4,11.65,-0.8500000000000008,-5.0,5.5,0.55,1.5,0.0,0.5,0.35,0.0,12.0,5.0,1.0,0.8,0.0,1.4,0.45,0.35,0.2,0.35,0.15,0.05,7.0,5.4,audit_penalty_heatmap
audit_penalty,Audit/penalty,none,5.4,-5.0,-3.1249999999999996,2.10375,5.4,11.65,-0.8500000000000008,-5.0,5.5,0.55,1.5,0.0,1.0,0.35,0.0,12.0,5.0,1.0,0.8,0.0,1.4,0.45,0.35,0.2,0.35,0.15,0.05,7.0,5.4,audit_penalty_heatmap
audit_penalty,Audit/penalty,none,5.4,-5.0,-3.1249999999999996,2.10375,5.4,11.65,-0.8500000000000008,-5.0,5.5,0.55,1.5,0.0,1.5,0.35,0.0,12.0,5.0,1.0,0.8,0.0,1.4,0.45,0.35,0.2,0.35,0.15,0.05,7.0,5.4,audit_penalty_heatmap
audit_penalty,Audit/penalty,none,5.4,-5.0,-3.1249999999999996,2.10375,5.4,11.65,-0.8500000000000008,-5.0,5.5,0.55,1.5,0.0,2.0,0.35,0.0,12.0,5.0,1.0,0.8,0.0,1.4,0.45,0.35,0.2,0.35,0.15,0.05,7.0,5.4,audit_penalty_heatmap
audit_penalty,Audit/penalty,none,5.4,-5.0,-3.1249999999999996,2.10375,5.4,11.65,-0.8500000000000008,-5.0,5.5,0.55,1.5,0.0,2.5,0.35,0.0,12.0,5.0,1.0,0.8,0.0,1.4,0.45,0.35,0.2,0.35,0.15,0.05,7.0,5.4,audit_penalty_heatmap
audit_penalty,Audit/penalty,none,5.4,-5.0,-3.1249999999999996,2.10375,5.4,11.65,-0.8500000000000008,-5.0,5.5,0.55,1.5,0.0,3.0,0.35,0.0,12.0,5.0,1.0,0.8,0.0,1.4,0.45,0.35,0.2,0.35,0.15,0.05,7.0,5.4,audit_penalty_heatmap
audit_penalty,Audit/penalty,none,5.4,-5.0,-3.1249999999999996,2.10375,5.4,11.65,-0.8500000000000008,-5.0,5.5,0.55,1.5,0.0,3.5,0.35,0.0,12.0,5.0,1.0,0.8,0.0,1.4,0.45,0.35,0.2,0.35,0.15,0.05,7.0,5.4,audit_penalty_heatmap
audit_penalty,Audit/penalty,none,5.4,-5.0,-3.1249999999999996,2.10375,5.4,11.65,-0.8500000000000008,-5.0,5.5,0.55,1.5,0.0,4.0,0.35,0.0,12.0,5.0,1.0,0.8,0.0,1.4,0.45,0.35,0.2,0.35,0.15,0.05,7.0,5.4,audit_penalty_heatmap
audit_penalty,Audit/penalty,none,5.4,-5.0,-3.1249999999999996,2.10375,5.4,11.65,-0.8500000000000008,-5.0,5.5,0.55,1.5,0.0,4.5,0.35,0.0,12.0,5.0,1.0,0.8,0.0,1.4,0.45,0.35,0.2,0.35,0.15,0.05,7.0,5.4,audit_penalty_heatmap
audit_penalty,Audit/penalty,none,5.4,-5.0,-3.1249999999999996,2.10375,5.4,11.65,-0.8500000000000008,-5.0,5.5,0.55,1.5,0.0,5.0,0.35,0.0,12.0,5.0,1.0,0.8,0.0,1.4,0.45,0.35,0.2,0.35,0.15,0.05,7.0,5.4,audit_penalty_heatmap
audit_penalty,Audit/penalty,none,5.4,-5.0,-3.1249999999999996,2.10375,5.4,11.65,-0.8500000000000008,-5.0,5.5,0.55,1.5,0.0,5.5,0.35,0.0,12.0,5.0,1.0,0.8,0.0,1.4,0.45,0.35,0.2,0.35,0.15,0.05,7.0,5.4,audit_penalty_heatmap
audit_penalty,Audit/penalty,none,5.4,-5.0,-3.1249999999999996,2.10375,5.4,11.65,-0.8500000000000008,-5.0,5.5,0.55,1.5,0.0,6.0,0.35,0.0,12.0,5.0,1.0,0.8,0.0,1.4,0.45,0.35,0.2,0.35,0.15,0.05,7.0,5.4,audit_penalty_heatmap
audit_penalty,Audit/penalty,none,5.4,-5.0,-3.1249999999999996,2.10375,5.4,11.65,-0.8500000000000008,-5.0,5.5,0.55,1.5,0.0,6.5,0.35,0.0,12.0,5.0,1.0,0.8,0.0,1.4,0.45,0.35,0.2,0.35,0.15,0.05,7.0,5.4,audit_penalty_heatmap
audit_penalty,Audit/penalty,none,5.4,-5.0,-3.1249999999999996,2.10375,5.4,11.65,-0.8500000000000008,-5.0,5.5,0.55,1.5,0.0,7.0,0.35,0.0,12.0,5.0,1.0,0.8,0.0,1.4,0.45,0.35,0.2,0.35,0.15,0.05,7.0,5.4,audit_penalty_heatmap
audit_penalty,Audit/penalty,none,5.4,-5.0,-3.1249999999999996,2.10375,5.4,11.65,-0.8500000000000008,-5.0,5.5,0.55,1.5,0.0,7.5,0.35,0.0,12.0,5.0,1.0,0.8,0.0,1.4,0.45,0.35,0.2,0.35,0.15,0.05,7.0,5.4,audit_penalty_heatmap
audit_penalty,Audit/penalty,none,5.4,-5.0,-3.1249999999999996,2.10375,5.4,11.65,-0.8500000000000008,-5.0,5.5,0.55,1.5,0.0,8.0,0.35,0.0,12.0,5.0,1.0,0.8,0.0,1.4,0.45,0.35,0.2,0.35,0.15,0.05,7.0,5.4,audit_penalty_heatmap
audit_penalty,Audit/penalty,none,5.4,-5.0,-3.1249999999999996,2.10375,5.4,11.65,-0.8500000000000008,-5.0,5.5,0.55,1.5,0.0,8.5,0.35,0.0,12.0,5.0,1.0,0.8,0.0,1.4,0.45,0.35,0.2,0.35,0.15,0.05,7.0,5.4,audit_penalty_heatmap
audit_penalty,Audit/penalty,none,5.4,-5.0,-3.1249999999999996,2.10375,5.4,11.65,-0.8500000000000008,-5.0,5.5,0.55,1.5,0.0,9.0,0.35,0.0,12.0,5.0,1.0,0.8,0.0,1.4,0.45,0.35,0.2,0.35,0.15,0.05,7.0,5.4,audit_penalty_heatmap
audit_penalty,Audit/penalty,none,5.4,-5.0,-3.1249999999999996,2.10375,5.4,11.65,-0.8500000000000008,-5.0,5.5,0.55,1.5,0.0,9.5,0.35,0.0,12.0,5.0,1.0,0.8,0.0,1.4,0.45,0.35,0.2,0.35,0.15,0.05,7.0,5.4,audit_penalty_heatmap
audit_penalty,Audit/penalty,none,5.4,-5.0,-3.1249999999999996,2.10375,5.4,11.65,-0.8500000000000008,-5.0,5.5,0.55,1.5,0.0,10.0,0.35,0.0,12.0,5.0,1.0,0.8,0.0,1.4,0.45,0.35,0.2,0.35,0.15,0.05,7.0,5.4,audit_penalty_heatmap
audit_penalty,Audit/penalty,none,5.4,-5.0,-3.1249999999999996,2.10375,5.4,11.6,-0.9000000000000008,-5.0,5.5,0.55,1.5,0.05,0.0,0.35,0.0,12.0,5.0,1.0,0.8,0.0,1.4,0.45,0.35,0.2,0.35,0.15,0.05,7.0,5.4,audit_penalty_heatmap
audit_penalty,Audit/penalty,none,5.4,-5.0,-3.1249999999999996,2.07875,5.4,11.6,-0.8950000000000008,-5.0,5.5,0.55,1.5,0.05,0.5,0.35,0.0,12.0,5.0,1.0,0.8,0.0,1.4,0.45,0.35,0.2,0.35,0.15,0.05,7.0,5.4,audit_penalty_heatmap
audit_penalty,Audit/penalty,none,5.4,-5.0,-3.1249999999999996,2.05375,5.4,11.6,-0.8900000000000008,-5.0,5.5,0.55,1.5,0.05,1.0,0.35,0.0,12.0,5.0,1.0,0.8,0.0,1.4,0.45,0.35,0.2,0.35,0.15,0.05,7.0,5.4,audit_penalty_heatmap
audit_penalty,Audit/penalty,none,5.4,-5.0,-3.1249999999999996,2.0287499999999996,5.4,11.6,-0.8850000000000008,-5.0,5.5,0.55,1.5,0.05,1.5,0.35,0.0,12.0,5.0,1.0,0.8,0.0,1.4,0.45,0.35,0.2,0.35,0.15,0.05,7.0,5.4,audit_penalty_heatmap
audit_penalty,Audit/penalty,none,5.4,-5.0,-3.1249999999999996,2.0037499999999997,5.4,11.6,-0.8800000000000008,-5.0,5.5,0.55,1.5,0.05,2.0,0.35,0.0,12.0,5.0,1.0,0.8,0.0,1.4,0.45,0.35,0.2,0.35,0.15,0.05,7.0,5.4,audit_penalty_heatmap
audit_penalty,Audit/penalty,none,5.4,-5.0,-3.1249999999999996,1.9787499999999998,5.4,11.6,-0.8750000000000008,-5.0,5.5,0.55,1.5,0.05,2.5,0.35,0.0,12.0,5.0,1.0,0.8,0.0,1.4,0.45,0.35,0.2,0.35,0.15,0.05,7.0,5.4,audit_penalty_heatmap
audit_penalty,Audit/penalty,none,5.4,-5.0,-3.1249999999999996,1.9537499999999999,5.4,11.6,-0.8700000000000008,-5.0,5.5,0.55,1.5,0.05,3.0,0.35,0.0,12.0,5.0,1.0,0.8,0.0,1.4,0.45,0.35,0.2,0.35,0.15,0.05,7.0,5.4,audit_penalty_heatmap
audit_penalty,Audit/penalty,none,5.4,-5.0,-3.1249999999999996,1.92875,5.4,11.6,-0.8650000000000008,-5.0,5.5,0.55,1.5,0.05,3.5,0.35,0.0,12.0,5.0,1.0,0.8,0.0,1.4,0.45,0.35,0.2,0.35,0.15,0.05,7.0,5.4,audit_penalty_heatmap
audit_penalty,Audit/penalty,none,5.4,-5.0,-3.1249999999999996,1.9037499999999996,5.4,11.6,-0.8600000000000008,-5.0,5.5,0.55,1.5,0.05,4.0,0.35,0.0,12.0,5.0,1.0,0.8,0.0,1.4,0.45,0.35,0.2,0.35,0.15,0.05,7.0,5.4,audit_penalty_heatmap
audit_penalty,Audit/penalty,none,5.4,-5.0,-3.1249999999999996,1.8787499999999997,5.4,11.6,-0.8550000000000008,-5.0,5.5,0.55,1.5,0.05,4.5,0.35,0.0,12.0,5.0,1.0,0.8,0.0,1.4,0.45,0.35,0.2,0.35,0.15,0.05,7.0,5.4,audit_penalty_heatmap
audit_penalty,Audit/penalty,none,5.4,-5.0,-3.1249999999999996,1.8537499999999998,5.4,11.6,-0.8500000000000008,-5.0,5.5,0.55,1.5,0.05,5.0,0.35,0.0,12.0,5.0,1.0,0.8,0.0,1.4,0.45,0.35,0.2,0.35,0.15,0.05,7.0,5.4,audit_penalty_heatmap
audit_penalty,Audit/penalty,none,5.4,-5.0,-3.1249999999999996,1.8287499999999999,5.4,11.6,-0.8450000000000008,-5.0,5.5,0.55,1.5,0.05,5.5,0.35,0.0,12.0,5.0,1.0,0.8,0.0,1.4,0.45,0.35,0.2,0.35,0.15,0.05,7.0,5.4,audit_penalty_heatmap
audit_penalty,Audit/penalty,none,5.4,-5.0,-3.1249999999999996,1.80375,5.4,11.6,-0.8400000000000007,-5.0,5.5,0.55,1.5,0.05,6.0,0.35,0.0,12.0,5.0,1.0,0.8,0.0,1.4,0.45,0.35,0.2,0.35,0.15,0.05,7.0,5.4,audit_penalty_heatmap
audit_penalty,Audit/penalty,none,5.4,-5.0,-3.1249999999999996,1.7787499999999996,5.4,11.6,-0.8350000000000007,-5.0,5.5,0.55,1.5,0.05,6.5,0.35,0.0,12.0,5.0,1.0,0.8,0.0,1.4,0.45,0.35,0.2,0.35,0.15,0.05,7.0,5.4,audit_penalty_heatmap
audit_penalty,Audit/penalty,none,5.4,-5.0,-3.1249999999999996,1.7537499999999997,5.4,11.6,-0.8300000000000007,-5.0,5.5,0.55,1.5,0.05,7.0,0.35,0.0,12.0,5.0,1.0,0.8,0.0,1.4,0.45,0.35,0.2,0.35,0.15,0.05,7.0,5.4,audit_penalty_heatmap
audit_penalty,Audit/penalty,none,5.4,-5.0,-3.1249999999999996,1.7287499999999998,5.4,11.6,-0.8250000000000008,-5.0,5.5,0.55,1.5,0.05,7.5,0.35,0.0,12.0,5.0,1.0,0.8,0.0,1.4,0.45,0.35,0.2,0.35,0.15,0.05,7.0,5.4,audit_penalty_heatmap
audit_penalty,Audit/penalty,none,5.4,-5.0,-3.1249999999999996,1.7037499999999999,5.4,11.6,-0.8200000000000007,-5.0,5.5,0.55,1.5,0.05,8.0,0.35,0.0,12.0,5.0,1.0,0.8,0.0,1.4,0.45,0.35,0.2,0.35,0.15,0.05,7.0,5.4,audit_penalty_heatmap
audit_penalty,Audit/penalty,none,5.4,-5.0,-3.1249999999999996,1.67875,5.4,11.6,-0.8150000000000008,-5.0,5.5,0.55,1.5,0.05,8.5,0.35,0.0,12.0,5.0,1.0,0.8,0.0,1.4,0.45,0.35,0.2,0.35,0.15,0.05,7.0,5.4,audit_penalty_heatmap
audit_penalty,Audit/penalty,none,5.4,-5.0,-3.1249999999999996,1.6537499999999996,5.4,11.6,-0.8100000000000007,-5.0,5.5,0.55,1.5,0.05,9.0,0.35,0.0,12.0,5.0,1.0,0.8,0.0,1.4,0.45,0.35,0.2,0.35,0.15,0.05,7.0,5.4,audit_penalty_heatmap
audit_penalty,Audit/penalty,none,5.4,-5.0,-3.1249999999999996,1.6287499999999997,5.4,11.6,-0.8050000000000008,-5.0,5.5,0.55,1.5,0.05,9.5,0.35,0.0,12.0,5.0,1.0,0.8,0.0,1.4,0.45,0.35,0.2,0.35,0.15,0.05,7.0,5.4,audit_penalty_heatmap
audit_penalty,Audit/penalty,none,5.4,-5.0,-3.1249999999999996,1.6037499999999998,5.4,11.6,-0.8000000000000008,-5.0,5.5,0.55,1.5,0.05,10.0,0.35,0.0,12.0,5.0,1.0,0.8,0.0,1.4,0.45,0.35,0.2,0.35,0.15,0.05,7.0,5.4,audit_penalty_heatmap
audit_penalty,Audit/penalty,none,5.4,-5.0,-3.1249999999999996,2.10375,5.4,11.55,-0.9500000000000007,-5.0,5.5,0.55,1.5,0.1,0.0,0.35,0.0,12.0,5.0,1.0,0.8,0.0,1.4,0.45,0.35,0.2,0.35,0.15,0.05,7.0,5.4,audit_penalty_heatmap
audit_penalty,Audit/penalty,none,5.4,-5.0,-3.1249999999999996,2.05375,5.4,11.55,-0.9400000000000007,-5.0,5.5,0.55,1.5,0.1,0.5,0.35,0.0,12.0,5.0,1.0,0.8,0.0,1.4,0.45,0.35,0.2,0.35,0.15,0.05,7.0,5.4,audit_penalty_heatmap
audit_penalty,Audit/penalty,none,5.4,-5.0,-3.1249999999999996,2.0037499999999997,5.4,11.55,-0.9300000000000007,-5.0,5.5,0.55,1.5,0.1,1.0,0.35,0.0,12.0,5.0,1.0,0.8,0.0,1.4,0.45,0.35,0.2,0.35,0.15,0.05,7.0,5.4,audit_penalty_heatmap
audit_penalty,Audit/penalty,none,5.4,-5.0,-3.1249999999999996,1.9537499999999999,5.4,11.55,-0.9200000000000007,-5.0,5.5,0.55,1.5,0.1,1.5,0.35,0.0,12.0,5.0,1.0,0.8,0.0,1.4,0.45,0.35,0.2,0.35,0.15,0.05,7.0,5.4,audit_penalty_heatmap
audit_penalty,Audit/penalty,none,5.4,-5.0,-3.1249999999999996,1.9037499999999996,5.4,11.55,-0.9100000000000007,-5.0,5.5,0.55,1.5,0.1,2.0,0.35,0.0,12.0,5.0,1.0,0.8,0.0,1.4,0.45,0.35,0.2,0.35,0.15,0.05,7.0,5.4,audit_penalty_heatmap
audit_penalty,Audit/penalty,none,5.4,-5.0,-3.1249999999999996,1.8537499999999998,5.4,11.55,-0.9000000000000007,-5.0,5.5,0.55,1.5,0.1,2.5,0.35,0.0,12.0,5.0,1.0,0.8,0.0,1.4,0.45,0.35,0.2,0.35,0.15,0.05,7.0,5.4,audit_penalty_heatmap
audit_penalty,Audit/penalty,none,5.4,-5.0,-3.1249999999999996,1.80375,5.4,11.55,-0.8900000000000007,-5.0,5.5,0.55,1.5,0.1,3.0,0.35,0.0,12.0,5.0,1.0,0.8,0.0,1.4,0.45,0.35,0.2,0.35,0.15,0.05,7.0,5.4,audit_penalty_heatmap
audit_penalty,Audit/penalty,none,5.4,-5.0,-3.1249999999999996,1.7537499999999997,5.4,11.55,-0.8800000000000008,-5.0,5.5,0.55,1.5,0.1,3.5,0.35,0.0,12.0,5.0,1.0,0.8,0.0,1.4,0.45,0.35,0.2,0.35,0.15,0.05,7.0,5.4,audit_penalty_heatmap
audit_penalty,Audit/penalty,none,5.4,-5.0,-3.1249999999999996,1.7037499999999999,5.4,11.55,-0.8700000000000008,-5.0,5.5,0.55,1.5,0.1,4.0,0.35,0.0,12.0,5.0,1.0,0.8,0.0,1.4,0.45,0.35,0.2,0.35,0.15,0.05,7.0,5.4,audit_penalty_heatmap
audit_penalty,Audit/penalty,none,5.4,-5.0,-3.1249999999999996,1.6537499999999996,5.4,11.55,-0.8600000000000008,-5.0,5.5,0.55,1.5,0.1,4.5,0.35,0.0,12.0,5.0,1.0,0.8,0.0,1.4,0.45,0.35,0.2,0.35,0.15,0.05,7.0,5.4,audit_penalty_heatmap
audit_penalty,Audit/penalty,none,5.4,-5.0,-3.1249999999999996,1.6037499999999998,5.4,11.55,-0.8500000000000008,-5.0,5.5,0.55,1.5,0.1,5.0,0.35,0.0,12.0,5.0,1.0,0.8,0.0,1.4,0.45,0.35,0.2,0.35,0.15,0.05,7.0,5.4,audit_penalty_heatmap
audit_penalty,Audit/penalty,none,5.4,-5.0,-3.1249999999999996,1.55375,5.4,11.55,-0.8400000000000007,-5.0,5.5,0.55,1.5,0.1,5.5,0.35,0.0,12.0,5.0,1.0,0.8,0.0,1.4,0.45,0.35,0.2,0.35,0.15,0.05,7.0,5.4,audit_penalty_heatmap
audit_penalty,Audit/penalty,none,5.4,-5.0,-3.1249999999999996,1.5037499999999997,5.4,11.55,-0.8300000000000007,-5.0,5.5,0.55,1.5,0.1,6.0,0.35,0.0,12.0,5.0,1.0,0.8,0.0,1.4,0.45,0.35,0.2,0.35,0.15,0.05,7.0,5.4,audit_penalty_heatmap
audit_penalty,Audit/penalty,none,5.4,-5.0,-3.1249999999999996,1.4537499999999999,5.4,11.55,-0.8200000000000007,-5.0,5.5,0.55,1.5,0.1,6.5,0.35,0.0,12.0,5.0,1.0,0.8,0.0,1.4,0.45,0.35,0.2,0.35,0.15,0.05,7.0,5.4,audit_penalty_heatmap
audit_penalty,Audit/penalty,none,5.4,-5.0,-3.1249999999999996,1.4037499999999996,5.4,11.55,-0.8100000000000007,-5.0,5.5,0.55,1.5,0.1,7.0,0.35,0.0,12.0,5.0,1.0,0.8,0.0,1.4,0.45,0.35,0.2,0.35,0.15,0.05,7.0,5.4,audit_penalty_heatmap
audit_penalty,Audit/penalty,none,5.4,-5.0,-3.1249999999999996,1.3537499999999998,5.4,11.55,-0.8000000000000007,-5.0,5.5,0.55,1.5,0.1,7.5,0.35,0.0,12.0,5.0,1.0,0.8,0.0,1.4,0.45,0.35,0.2,0.35,0.15,0.05,7.0,5.4,audit_penalty_heatmap
audit_penalty,Audit/penalty,none,5.4,-5.0,-3.1249999999999996,1.30375,5.4,11.55,-0.7900000000000007,-5.0,5.5,0.55,1.5,0.1,8.0,0.35,0.0,12.0,5.0,1.0,0.8,0.0,1.4,0.45,0.35,0.2,0.35,0.15,0.05,7.0,5.4,audit_penalty_heatmap
audit_penalty,Audit/penalty,none,5.4,-5.0,-3.1249999999999996,1.2537499999999997,5.4,11.55,-0.7800000000000007,-5.0,5.5,0.55,1.5,0.1,8.5,0.35,0.0,12.0,5.0,1.0,0.8,0.0,1.4,0.45,0.35,0.2,0.35,0.15,0.05,7.0,5.4,audit_penalty_heatmap
audit_penalty,Audit/penalty,none,5.4,-5.0,-3.1249999999999996,1.2037499999999999,5.4,11.55,-0.7700000000000007,-5.0,5.5,0.55,1.5,0.1,9.0,0.35,0.0,12.0,5.0,1.0,0.8,0.0,1.4,0.45,0.35,0.2,0.35,0.15,0.05,7.0,5.4,audit_penalty_heatmap
audit_penalty,Audit/penalty,none,5.4,-5.0,-3.1249999999999996,1.1537499999999996,5.4,11.55,-0.7600000000000007,-5.0,5.5,0.55,1.5,0.1,9.5,0.35,0.0,12.0,5.0,1.0,0.8,0.0,1.4,0.45,0.35,0.2,0.35,0.15,0.05,7.0,5.4,audit_penalty_heatmap
audit_penalty,Audit/penalty,none,5.4,-5.0,-3.1249999999999996,1.1037499999999998,5.4,11.55,-0.7500000000000007,-5.0,5.5,0.55,1.5,0.1,10.0,0.35,0.0,12.0,5.0,1.0,0.8,0.0,1.4,0.45,0.35,0.2,0.35,0.15,0.05,7.0,5.4,audit_penalty_heatmap
audit_penalty,Audit/penalty,none,5.4,-5.0,-3.1249999999999996,2.10375,5.4,11.5,-1.0000000000000007,-5.0,5.5,0.55,1.5,0.15,0.0,0.35,0.0,12.0,5.0,1.0,0.8,0.0,1.4,0.45,0.35,0.2,0.35,0.15,0.05,7.0,5.4,audit_penalty_heatmap
audit_penalty,Audit/penalty,none,5.4,-5.0,-3.1249999999999996,2.0287499999999996,5.4,11.5,-0.9850000000000007,-5.0,5.5,0.55,1.5,0.15,0.5,0.35,0.0,12.0,5.0,1.0,0.8,0.0,1.4,0.45,0.35,0.2,0.35,0.15,0.05,7.0,5.4,audit_penalty_heatmap
audit_penalty,Audit/penalty,none,5.4,-5.0,-3.1249999999999996,1.9537499999999999,5.4,11.5,-0.9700000000000006,-5.0,5.5,0.55,1.5,0.15,1.0,0.35,0.0,12.0,5.0,1.0,0.8,0.0,1.4,0.45,0.35,0.2,0.35,0.15,0.05,7.0,5.4,audit_penalty_heatmap
audit_penalty,Audit/penalty,none,5.4,-5.0,-3.1249999999999996,1.8787499999999997,5.4,11.5,-0.9550000000000006,-5.0,5.5,0.55,1.5,0.15,1.5,0.35,0.0,12.0,5.0,1.0,0.8,0.0,1.4,0.45,0.35,0.2,0.35,0.15,0.05,7.0,5.4,audit_penalty_heatmap
audit_penalty,Audit/penalty,none,5.4,-5.0,-3.1249999999999996,1.80375,5.4,11.5,-0.9400000000000006,-5.0,5.5,0.55,1.5,0.15,2.0,0.35,0.0,12.0,5.0,1.0,0.8,0.0,1.4,0.45,0.35,0.2,0.35,0.15,0.05,7.0,5.4,audit_penalty_heatmap
audit_penalty,Audit/penalty,none,5.4,-5.0,-3.1249999999999996,1.7287499999999998,5.4,11.5,-0.9250000000000007,-5.0,5.5,0.55,1.5,0.15,2.5,0.35,0.0,12.0,5.0,1.0,0.8,0.0,1.4,0.45,0.35,0.2,0.35,0.15,0.05,7.0,5.4,audit_penalty_heatmap
audit_penalty,Audit/penalty,none,5.4,-5.0,-3.1249999999999996,1.6537499999999996,5.4,11.5,-0.9100000000000007,-5.0,5.5,0.55,1.5,0.15,3.0,0.35,0.0,12.0,5.0,1.0,0.8,0.0,1.4,0.45,0.35,0.2,0.35,0.15,0.05,7.0,5.4,audit_penalty_heatmap
audit_penalty,Audit/penalty,none,5.4,-5.0,-3.1249999999999996,1.5787499999999999,5.4,11.5,-0.8950000000000007,-5.0,5.5,0.55,1.5,0.15,3.5,0.35,0.0,12.0,5.0,1.0,0.8,0.0,1.4,0.45,0.35,0.2,0.35,0.15,0.05,7.0,5.4,audit_penalty_heatmap
audit_penalty,Audit/penalty,none,5.4,-5.0,-3.1249999999999996,1.5037499999999997,5.4,11.5,-0.8800000000000007,-5.0,5.5,0.55,1.5,0.15,4.0,0.35,0.0,12.0,5.0,1.0,0.8,0.0,1.4,0.45,0.35,0.2,0.35,0.15,0.05,7.0,5.4,audit_penalty_heatmap
audit_penalty,Audit/penalty,none,5.4,-5.0,-3.1249999999999996,1.42875,5.4,11.5,-0.8650000000000007,-5.0,5.5,0.55,1.5,0.15,4.5,0.35,0.0,12.0,5.0,1.0,0.8,0.0,1.4,0.45,0.35,0.2,0.35,0.15,0.05,7.0,5.4,audit_penalty_heatmap
audit_penalty,Audit/penalty,none,5.4,-5.0,-3.1249999999999996,1.3537499999999998,5.4,11.5,-0.8500000000000006,-5.0,5.5,0.55,1.5,0.15,5.0,0.35,0.0,12.0,5.0,1.0,0.8,0.0,1.4,0.45,0.35,0.2,0.35,0.15,0.05,7.0,5.4,audit_penalty_heatmap
audit_penalty,Audit/penalty,none,5.4,-5.0,-3.1249999999999996,1.27875,5.4,11.5,-0.8350000000000006,-5.0,5.5,0.55,1.5,0.15,5.5,0.35,0.0,12.0,5.0,1.0,0.8,0.0,1.4,0.45,0.35,0.2,0.35,0.15,0.05,7.0,5.4,audit_penalty_heatmap
audit_penalty,Audit/penalty,none,5.4,-5.0,-3.1249999999999996,1.2037499999999999,5.4,11.5,-0.8200000000000007,-5.0,5.5,0.55,1.5,0.15,6.0,0.35,0.0,12.0,5.0,1.0,0.8,0.0,1.4,0.45,0.35,0.2,0.35,0.15,0.05,7.0,5.4,audit_penalty_heatmap
audit_penalty,Audit/penalty,none,5.4,-5.0,-3.1249999999999996,1.1287499999999997,5.4,11.5,-0.8050000000000006,-5.0,5.5,0.55,1.5,0.15,6.5,0.35,0.0,12.0,5.0,1.0,0.8,0.0,1.4,0.45,0.35,0.2,0.35,0.15,0.05,7.0,5.4,audit_penalty_heatmap
audit_penalty,Audit/penalty,none,5.4,-5.0,-3.1249999999999996,1.05375,5.4,11.5,-0.7900000000000007,-5.0,5.5,0.55,1.5,0.15,7.0,0.35,0.0,12.0,5.0,1.0,0.8,0.0,1.4,0.45,0.35,0.2,0.35,0.15,0.05,7.0,5.4,audit_penalty_heatmap
audit_penalty,Audit/penalty,none,5.4,-5.0,-3.1249999999999996,0.9787499999999999,5.4,11.5,-0.7750000000000007,-5.0,5.5,0.55,1.5,0.15,7.5,0.35,0.0,12.0,5.0,1.0,0.8,0.0,1.4,0.45,0.35,0.2,0.35,0.15,0.05,7.0,5.4,audit_penalty_heatmap
audit_penalty,Audit/penalty,none,5.4,-5.0,-3.1249999999999996,0.9037499999999999,5.4,11.5,-0.7600000000000007,-5.0,5.5,0.55,1.5,0.15,8.0,0.35,0.0,12.0,5.0,1.0,0.8,0.0,1.4,0.45,0.35,0.2,0.35,0.15,0.05,7.0,5.4,audit_penalty_heatmap
audit_penalty,Audit/penalty,none,5.4,-5.0,-3.1249999999999996,0.82875,5.4,11.5,-0.7450000000000007,-5.0,5.5,0.55,1.5,0.15,8.5,0.35,0.0,12.0,5.0,1.0,0.8,0.0,1.4,0.45,0.35,0.2,0.35,0.15,0.05,7.0,5.4,audit_penalty_heatmap
audit_penalty,Audit/penalty,none,5.4,-5.0,-3.1249999999999996,0.75375,5.4,11.5,-0.7300000000000006,-5.0,5.5,0.55,1.5,0.15,9.0,0.35,0.0,12.0,5.0,1.0,0.8,0.0,1.4,0.45,0.35,0.2,0.35,0.15,0.05,7.0,5.4,audit_penalty_heatmap
audit_penalty,Audit/penalty,none,5.4,-5.0,-3.1249999999999996,0.6787499999999999,5.4,11.5,-0.7150000000000007,-5.0,5.5,0.55,1.5,0.15,9.5,0.35,0.0,12.0,5.0,1.0,0.8,0.0,1.4,0.45,0.35,0.2,0.35,0.15,0.05,7.0,5.4,audit_penalty_heatmap
audit_penalty,Audit/penalty,none,5.4,-5.0,-3.1249999999999996,0.6037499999999999,5.4,11.5,-0.7000000000000006,-5.0,5.5,0.55,1.5,0.15,10.0,0.35,0.0,12.0,5.0,1.0,0.8,0.0,1.4,0.45,0.35,0.2,0.35,0.15,0.05,7.0,5.4,audit_penalty_heatmap
audit_penalty,Audit/penalty,none,5.4,-5.0,-3.1249999999999996,2.10375,5.4,11.450000000000001,-1.0500000000000007,-5.0,5.5,0.55,1.5,0.2,0.0,0.35,0.0,12.0,5.0,1.0,0.8,0.0,1.4,0.45,0.35,0.2,0.35,0.15,0.05,7.0,5.4,audit_penalty_heatmap
audit_penalty,Audit/penalty,none,5.4,-5.0,-3.1249999999999996,2.0037499999999997,5.4,11.450000000000001,-1.0300000000000007,-5.0,5.5,0.55,1.5,0.2,0.5,0.35,0.0,12.0,5.0,1.0,0.8,0.0,1.4,0.45,0.35,0.2,0.35,0.15,0.05,7.0,5.4,audit_penalty_heatmap
audit_penalty,Audit/penalty,none,5.4,-5.0,-3.1249999999999996,1.9037499999999996,5.4,11.450000000000001,-1.0100000000000007,-5.0,5.5,0.55,1.5,0.2,1.0,0.35,0.0,12.0,5.0,1.0,0.8,0.0,1.4,0.45,0.35,0.2,0.35,0.15,0.05,7.0,5.4,audit_penalty_heatmap
audit_penalty,Audit/penalty,none,5.4,-5.0,-3.1249999999999996,1.80375,5.4,11.450000000000001,-0.9900000000000007,-5.0,5.5,0.55,1.5,0.2,1.5,0.35,0.0,12.0,5.0,1.0,0.8,0.0,1.4,0.45,0.35,0.2,0.35,0.15,0.05,7.0,5.4,audit_penalty_heatmap
audit_penalty,Audit/penalty,none,5.4,-5.0,-3.1249999999999996,1.7037499999999999,5.4,11.450000000000001,-0.9700000000000006,-5.0,5.5,0.55,1.5,0.2,2.0,0.35,0.0,12.0,5.0,1.0,0.8,0.0,1.4,0.45,0.35,0.2,0.35,0.15,0.05,7.0,5.4,audit_penalty_heatmap
audit_penalty,Audit/penalty,none,5.4,-5.0,-3.1249999999999996,1.6037499999999998,5.4,11.450000000000001,-0.9500000000000007,-5.0,5.5,0.55,1.5,0.2,2.5,0.35,0.0,12.0,5.0,1.0,0.8,0.0,1.4,0.45,0.35,0.2,0.35,0.15,0.05,7.0,5.4,audit_penalty_heatmap
audit_penalty,Audit/penalty,none,5.4,-5.0,-3.1249999999999996,1.5037499999999997,5.4,11.450000000000001,-0.9300000000000007,-5.0,5.5,0.55,1.5,0.2,3.0,0.35,0.0,12.0,5.0,1.0,0.8,0.0,1.4,0.45,0.35,0.2,0.35,0.15,0.05,7.0,5.4,audit_penalty_heatmap
audit_penalty,Audit/penalty,none,5.4,-5.0,-3.1249999999999996,1.4037499999999996,5.4,11.450000000000001,-0.9100000000000007,-5.0,5.5,0.55,1.5,0.2,3.5,0.35,0.0,12.0,5.0,1.0,0.8,0.0,1.4,0.45,0.35,0.2,0.35,0.15,0.05,7.0,5.4,audit_penalty_heatmap
audit_penalty,Audit/penalty,none,5.4,-5.0,-3.1249999999999996,1.30375,5.4,11.450000000000001,-0.8900000000000007,-5.0,5.5,0.55,1.5,0.2,4.0,0.35,0.0,12.0,5.0,1.0,0.8,0.0,1.4,0.45,0.35,0.2,0.35,0.15,0.05,7.0,5.4,audit_penalty_heatmap
audit_penalty,Audit/penalty,none,5.4,-5.0,-3.1249999999999996,1.2037499999999999,5.4,11.450000000000001,-0.8700000000000007,-5.0,5.5,0.55,1.5,0.2,4.5,0.35,0.0,12.0,5.0,1.0,0.8,0.0,1.4,0.45,0.35,0.2,0.35,0.15,0.05,7.0,5.4,audit_penalty_heatmap
audit_penalty,Audit/penalty,none,5.4,-5.0,-3.1249999999999996,1.1037499999999998,5.4,11.450000000000001,-0.8500000000000006,-5.0,5.5,0.55,1.5,0.2,5.0,0.35,0.0,12.0,5.0,1.0,0.8,0.0,1.4,0.45,0.35,0.2,0.35,0.15,0.05,7.0,5.4,audit_penalty_heatmap
audit_penalty,Audit/penalty,none,5.4,-5.0,-3.1249999999999996,1.0037499999999997,5.4,11.450000000000001,-0.8300000000000007,-5.0,5.5,0.55,1.5,0.2,5.5,0.35,0.0,12.0,5.0,1.0,0.8,0.0,1.4,0.45,0.35,0.2,0.35,0.15,0.05,7.0,5.4,audit_penalty_heatmap
audit_penalty,Audit/penalty,none,5.4,-5.0,-3.1249999999999996,0.9037499999999997,5.4,11.450000000000001,-0.8100000000000007,-5.0,5.5,0.55,1.5,0.2,6.0,0.35,0.0,12.0,5.0,1.0,0.8,0.0,1.4,0.45,0.35,0.2,0.35,0.15,0.05,7.0,5.4,audit_penalty_heatmap
audit_penalty,Audit/penalty,none,5.4,-5.0,-3.1249999999999996,0.8037499999999999,5.4,11.450000000000001,-0.7900000000000007,-5.0,5.5,0.55,1.5,0.2,6.5,0.35,0.0,12.0,5.0,1.0,0.8,0.0,1.4,0.45,0.35,0.2,0.35,0.15,0.05,7.0,5.4,audit_penalty_heatmap
audit_penalty,Audit/penalty,none,5.4,-5.0,-3.1249999999999996,0.7037499999999998,5.4,11.450000000000001,-0.7700000000000007,-5.0,5.5,0.55,1.5,0.2,7.0,0.35,0.0,12.0,5.0,1.0,0.8,0.0,1.4,0.45,0.35,0.2,0.35,0.15,0.05,7.0,5.4,audit_penalty_heatmap
audit_penalty,Audit/penalty,none,5.4,-5.0,-3.1249999999999996,0.6037499999999999,5.4,11.450000000000001,-0.7500000000000007,-5.0,5.5,0.55,1.5,0.2,7.5,0.35,0.0,12.0,5.0,1.0,0.8,0.0,1.4,0.45,0.35,0.2,0.35,0.15,0.05,7.0,5.4,audit_penalty_heatmap
audit_penalty,Audit/penalty,none,5.4,-5.0,-3.1249999999999996,0.5037499999999998,5.4,11.450000000000001,-0.7300000000000006,-5.0,5.5,0.55,1.5,0.2,8.0,0.35,0.0,12.0,5.0,1.0,0.8,0.0,1.4,0.45,0.35,0.2,0.35,0.15,0.05,7.0,5.4,audit_penalty_heatmap
audit_penalty,Audit/penalty,none,5.4,-5.0,-3.1249999999999996,0.4037499999999997,5.4,11.450000000000001,-0.7100000000000006,-5.0,5.5,0.55,1.5,0.2,8.5,0.35,0.0,12.0,5.0,1.0,0.8,0.0,1.4,0.45,0.35,0.2,0.35,0.15,0.05,7.0,5.4,audit_penalty_heatmap
audit_penalty,Audit/penalty,none,5.4,-5.0,-3.1249999999999996,0.30374999999999985,5.4,11.450000000000001,-0.6900000000000006,-5.0,5.5,0.55,1.5,0.2,9.0,0.35,0.0,12.0,5.0,1.0,0.8,0.0,1.4,0.45,0.35,0.2,0.35,0.15,0.05,7.0,5.4,audit_penalty_heatmap
audit_penalty,Audit/penalty,none,5.4,-5.0,-3.1249999999999996,0.20374999999999976,5.4,11.450000000000001,-0.6700000000000006,-5.0,5.5,0.55,1.5,0.2,9.5,0.35,0.0,12.0,5.0,1.0,0.8,0.0,1.4,0.45,0.35,0.2,0.35,0.15,0.05,7.0,5.4,audit_penalty_heatmap
audit_penalty,Audit/penalty,none,5.4,-5.0,-3.1249999999999996,0.1037499999999999,5.4,11.450000000000001,-0.6500000000000006,-5.0,5.5,0.55,1.5,0.2,10.0,0.35,0.0,12.0,5.0,1.0,0.8,0.0,1.4,0.45,0.35,0.2,0.35,0.15,0.05,7.0,5.4,audit_penalty_heatmap
audit_penalty,Audit/penalty,none,5.4,-5.0,-3.1249999999999996,2.10375,5.4,11.4,-1.1000000000000008,-5.0,5.5,0.55,1.5,0.25,0.0,0.35,0.0,12.0,5.0,1.0,0.8,0.0,1.4,0.45,0.35,0.2,0.35,0.15,0.05,7.0,5.4,audit_penalty_heatmap
audit_penalty,Audit/penalty,none,5.4,-5.0,-3.1249999999999996,1.9787499999999998,5.4,11.4,-1.0750000000000008,-5.0,5.5,0.55,1.5,0.25,0.5,0.35,0.0,12.0,5.0,1.0,0.8,0.0,1.4,0.45,0.35,0.2,0.35,0.15,0.05,7.0,5.4,audit_penalty_heatmap
audit_penalty,Audit/penalty,none,5.4,-5.0,-3.1249999999999996,1.8537499999999998,5.4,11.4,-1.0500000000000007,-5.0,5.5,0.55,1.5,0.25,1.0,0.35,0.0,12.0,5.0,1.0,0.8,0.0,1.4,0.45,0.35,0.2,0.35,0.15,0.05,7.0,5.4,audit_penalty_heatmap
audit_penalty,Audit/penalty,none,5.4,-5.0,-3.1249999999999996,1.7287499999999998,5.4,11.4,-1.0250000000000008,-5.0,5.5,0.55,1.5,0.25,1.5,0.35,0.0,12.0,5.0,1.0,0.8,0.0,1.4,0.45,0.35,0.2,0.35,0.15,0.05,7.0,5.4,audit_penalty_heatmap
audit_penalty,Audit/penalty,none,5.4,-5.0,-3.1249999999999996,1.6037499999999998,5.4,11.4,-1.0000000000000007,-5.0,5.5,0.55,1.5,0.25,2.0,0.35,0.0,12.0,5.0,1.0,0.8,0.0,1.4,0.45,0.35,0.2,0.35,0.15,0.05,7.0,5.4,audit_penalty_heatmap
audit_penalty,Audit/penalty,none,5.4,-5.0,-3.1249999999999996,1.4787499999999998,5.4,11.4,-0.9750000000000008,-5.0,5.5,0.55,1.5,0.25,2.5,0.35,0.0,12.0,5.0,1.0,0.8,0.0,1.4,0.45,0.35,0.2,0.35,0.15,0.05,7.0,5.4,audit_penalty_heatmap
audit_penalty,Audit/penalty,none,5.4,-5.0,-3.1249999999999996,1.3537499999999998,5.4,11.4,-0.9500000000000007,-5.0,5.5,0.55,1.5,0.25,3.0,0.35,0.0,12.0,5.0,1.0,0.8,0.0,1.4,0.45,0.35,0.2,0.35,0.15,0.05,7.0,5.4,audit_penalty_heatmap
audit_penalty,Audit/penalty,none,5.4,-5.0,-3.1249999999999996,1.2287499999999998,5.4,11.4,-0.9250000000000007,-5.0,5.5,0.55,1.5,0.25,3.5,0.35,0.0,12.0,5.0,1.0,0.8,0.0,1.4,0.45,0.35,0.2,0.35,0.15,0.05,7.0,5.4,audit_penalty_heatmap
audit_penalty,Audit/penalty,none,5.4,-5.0,-3.1249999999999996,1.1037499999999998,5.4,11.4,-0.9000000000000008,-5.0,5.5,0.55,1.5,0.25,4.0,0.35,0.0,12.0,5.0,1.0,0.8,0.0,1.4,0.45,0.35,0.2,0.35,0.15,0.05,7.0,5.4,audit_penalty_heatmap
audit_penalty,Audit/penalty,none,5.4,-5.0,-3.1249999999999996,0.9787499999999999,5.4,11.4,-0.8750000000000008,-5.0,5.5,0.55,1.5,0.25,4.5,0.35,0.0,12.0,5.0,1.0,0.8,0.0,1.4,0.45,0.35,0.2,0.35,0.15,0.05,7.0,5.4,audit_penalty_heatmap
audit_penalty,Audit/penalty,none,5.4,-5.0,-3.1249999999999996,0.8537499999999999,5.4,11.4,-0.8500000000000008,-5.0,5.5,0.55,1.5,0.25,5.0,0.35,0.0,12.0,5.0,1.0,0.8,0.0,1.4,0.45,0.35,0.2,0.35,0.15,0.05,7.0,5.4,audit_penalty_heatmap
audit_penalty,Audit/penalty,none,5.4,-5.0,-3.1249999999999996,0.7287499999999999,5.4,11.4,-0.8250000000000007,-5.0,5.5,0.55,1.5,0.25,5.5,0.35,0.0,12.0,5.0,1.0,0.8,0.0,1.4,0.45,0.35,0.2,0.35,0.15,0.05,7.0,5.4,audit_penalty_heatmap
audit_penalty,Audit/penalty,none,5.4,-5.0,-3.1249999999999996,0.6037499999999999,5.4,11.4,-0.8000000000000007,-5.0,5.5,0.55,1.5,0.25,6.0,0.35,0.0,12.0,5.0,1.0,0.8,0.0,1.4,0.45,0.35,0.2,0.35,0.15,0.05,7.0,5.4,audit_penalty_heatmap
audit_penalty,Audit/penalty,none,5.4,-5.0,-3.1249999999999996,0.4787499999999999,5.4,11.4,-0.7750000000000008,-5.0,5.5,0.55,1.5,0.25,6.5,0.35,0.0,12.0,5.0,1.0,0.8,0.0,1.4,0.45,0.35,0.2,0.35,0.15,0.05,7.0,5.4,audit_penalty_heatmap
audit_penalty,Audit/penalty,none,5.4,-5.0,-3.1249999999999996,0.3537499999999999,5.4,11.4,-0.7500000000000007,-5.0,5.5,0.55,1.5,0.25,7.0,0.35,0.0,12.0,5.0,1.0,0.8,0.0,1.4,0.45,0.35,0.2,0.35,0.15,0.05,7.0,5.4,audit_penalty_heatmap
audit_penalty,Audit/penalty,none,5.4,-5.0,-3.1249999999999996,0.2287499999999999,5.4,11.4,-0.7250000000000008,-5.0,5.5,0.55,1.5,0.25,7.5,0.35,0.0,12.0,5.0,1.0,0.8,0.0,1.4,0.45,0.35,0.2,0.35,0.15,0.05,7.0,5.4,audit_penalty_heatmap
audit_penalty,Audit/penalty,none,5.4,-5.0,-3.1249999999999996,0.1037499999999999,5.4,11.4,-0.7000000000000007,-5.0,5.5,0.55,1.5,0.25,8.0,0.35,0.0,12.0,5.0,1.0,0.8,0.0,1.4,0.45,0.35,0.2,0.35,0.15,0.05,7.0,5.4,audit_penalty_heatmap
audit_penalty,Audit/penalty,none,5.4,-5.0,-3.1249999999999996,-0.021250000000000102,5.4,11.4,-0.6750000000000007,-5.0,5.5,0.55,1.5,0.25,8.5,0.35,0.0,12.0,5.0,1.0,0.8,0.0,1.4,0.45,0.35,0.2,0.35,0.15,0.05,7.0,5.4,audit_penalty_heatmap
audit_penalty,Audit/penalty,none,5.4,-5.0,-3.1249999999999996,-0.1462500000000001,5.4,11.4,-0.6500000000000008,-5.0,5.5,0.55,1.5,0.25,9.0,0.35,0.0,12.0,5.0,1.0,0.8,0.0,1.4,0.45,0.35,0.2,0.35,0.15,0.05,7.0,5.4,audit_penalty_heatmap
audit_penalty,Audit/penalty,none,5.4,-5.0,-3.1249999999999996,-0.2712500000000001,5.4,11.4,-0.6250000000000007,-5.0,5.5,0.55,1.5,0.25,9.5,0.35,0.0,12.0,5.0,1.0,0.8,0.0,1.4,0.45,0.35,0.2,0.35,0.15,0.05,7.0,5.4,audit_penalty_heatmap
audit_penalty,Audit/penalty,none,5.4,-5.0,-3.1249999999999996,-0.3962500000000001,5.4,11.4,-0.6000000000000008,-5.0,5.5,0.55,1.5,0.25,10.0,0.35,0.0,12.0,5.0,1.0,0.8,0.0,1.4,0.45,0.35,0.2,0.35,0.15,0.05,7.0,5.4,audit_penalty_heatmap
audit_penalty,Audit/penalty,none,5.4,-5.0,-3.1249999999999996,2.10375,5.4,11.35,-1.1500000000000008,-5.0,5.5,0.55,1.5,0.3,0.0,0.35,0.0,12.0,5.0,1.0,0.8,0.0,1.4,0.45,0.35,0.2,0.35,0.15,0.05,7.0,5.4,audit_penalty_heatmap
audit_penalty,Audit/penalty,none,5.4,-5.0,-3.1249999999999996,1.9537499999999999,5.4,11.35,-1.1200000000000008,-5.0,5.5,0.55,1.5,0.3,0.5,0.35,0.0,12.0,5.0,1.0,0.8,0.0,1.4,0.45,0.35,0.2,0.35,0.15,0.05,7.0,5.4,audit_penalty_heatmap
audit_penalty,Audit/penalty,none,5.4,-5.0,-3.1249999999999996,1.80375,5.4,11.35,-1.0900000000000007,-5.0,5.5,0.55,1.5,0.3,1.0,0.35,0.0,12.0,5.0,1.0,0.8,0.0,1.4,0.45,0.35,0.2,0.35,0.15,0.05,7.0,5.4,audit_penalty_heatmap
audit_penalty,Audit/penalty,none,5.4,-5.0,-3.1249999999999996,1.6537499999999996,5.4,11.35,-1.0600000000000007,-5.0,5.5,0.55,1.5,0.3,1.5,0.35,0.0,12.0,5.0,1.0,0.8,0.0,1.4,0.45,0.35,0.2,0.35,0.15,0.05,7.0,5.4,audit_penalty_heatmap
audit_penalty,Audit/penalty,none,5.4,-5.0,-3.1249999999999996,1.5037499999999997,5.4,11.35,-1.0300000000000007,-5.0,5.5,0.55,1.5,0.3,2.0,0.35,0.0,12.0,5.0,1.0,0.8,0.0,1.4,0.45,0.35,0.2,0.35,0.15,0.05,7.0,5.4,audit_penalty_heatmap
audit_penalty,Audit/penalty,none,5.4,-5.0,-3.1249999999999996,1.3537499999999998,5.4,11.35,-1.0000000000000009,-5.0,5.5,0.55,1.5,0.3,2.5,0.35,0.0,12.0,5.0,1.0,0.8,0.0,1.4,0.45,0.35,0.2,0.35,0.15,0.05,7.0,5.4,audit_penalty_heatmap
audit_penalty,Audit/penalty,none,5.4,-5.0,-3.1249999999999996,1.2037499999999999,5.4,11.35,-0.9700000000000009,-5.0,5.5,0.55,1.5,0.3,3.0,0.35,0.0,12.0,5.0,1.0,0.8,0.0,1.4,0.45,0.35,0.2,0.35,0.15,0.05,7.0,5.4,audit_penalty_heatmap
audit_penalty,Audit/penalty,none,5.4,-5.0,-3.1249999999999996,1.05375,5.4,11.35,-0.9400000000000008,-5.0,5.5,0.55,1.5,0.3,3.5,0.35,0.0,12.0,5.0,1.0,0.8,0.0,1.4,0.45,0.35,0.2,0.35,0.15,0.05,7.0,5.4,audit_penalty_heatmap
audit_penalty,Audit/penalty,none,5.4,-5.0,-3.1249999999999996,0.9037499999999999,5.4,11.35,-0.9100000000000008,-5.0,5.5,0.55,1.5,0.3,4.0,0.35,0.0,12.0,5.0,1.0,0.8,0.0,1.4,0.45,0.35,0.2,0.35,0.15,0.05,7.0,5.4,audit_penalty_heatmap
audit_penalty,Audit/penalty,none,5.4,-5.0,-3.1249999999999996,0.75375,5.4,11.35,-0.8800000000000008,-5.0,5.5,0.55,1.5,0.3,4.5,0.35,0.0,12.0,5.0,1.0,0.8,0.0,1.4,0.45,0.35,0.2,0.35,0.15,0.05,7.0,5.4,audit_penalty_heatmap
audit_penalty,Audit/penalty,none,5.4,-5.0,-3.1249999999999996,0.6037499999999999,5.4,11.35,-0.8500000000000008,-5.0,5.5,0.55,1.5,0.3,5.0,0.35,0.0,12.0,5.0,1.0,0.8,0.0,1.4,0.45,0.35,0.2,0.35,0.15,0.05,7.0,5.4,audit_penalty_heatmap
audit_penalty,Audit/penalty,none,5.4,-5.0,-3.1249999999999996,0.45375,5.4,11.35,-0.8200000000000008,-5.0,5.5,0.55,1.5,0.3,5.5,0.35,0.0,12.0,5.0,1.0,0.8,0.0,1.4,0.45,0.35,0.2,0.35,0.15,0.05,7.0,5.4,audit_penalty_heatmap
audit_penalty,Audit/penalty,none,5.4,-5.0,-3.1249999999999996,0.3037500000000001,5.4,11.35,-0.7900000000000008,-5.0,5.5,0.55,1.5,0.3,6.0,0.35,0.0,12.0,5.0,1.0,0.8,0.0,1.4,0.45,0.35,0.2,0.35,0.15,0.05,7.0,5.4,audit_penalty_heatmap
audit_penalty,Audit/penalty,none,5.4,-5.0,-3.1249999999999996,0.15374999999999994,5.4,11.35,-0.7600000000000008,-5.0,5.5,0.55,1.5,0.3,6.5,0.35,0.0,12.0,5.0,1.0,0.8,0.0,1.4,0.45,0.35,0.2,0.35,0.15,0.05,7.0,5.4,audit_penalty_heatmap
audit_penalty,Audit/penalty,none,5.4,-5.0,-3.1249999999999996,0.003749999999999809,5.4,11.35,-0.7300000000000009,-5.0,5.5,0.55,1.5,0.3,7.0,0.35,0.0,12.0,5.0,1.0,0.8,0.0,1.4,0.45,0.35,0.2,0.35,0.15,0.05,7.0,5.4,audit_penalty_heatmap
audit_penalty,Audit/penalty,none,5.4,-5.0,-3.1249999999999996,-0.1462500000000001,5.4,11.35,-0.7000000000000008,-5.0,5.5,0.55,1.5,0.3,7.5,0.35,0.0,12.0,5.0,1.0,0.8,0.0,1.4,0.45,0.35,0.2,0.35,0.15,0.05,7.0,5.4,audit_penalty_heatmap
audit_penalty,Audit/penalty,none,5.4,-5.0,-3.1249999999999996,-0.29625,5.4,11.35,-0.6700000000000008,-5.0,5.5,0.55,1.5,0.3,8.0,0.35,0.0,12.0,5.0,1.0,0.8,0.0,1.4,0.45,0.35,0.2,0.35,0.15,0.05,7.0,5.4,audit_penalty_heatmap
audit_penalty,Audit/penalty,none,5.4,-5.0,-3.1249999999999996,-0.4462499999999999,5.4,11.35,-0.6400000000000008,-5.0,5.5,0.55,1.5,0.3,8.5,0.35,0.0,12.0,5.0,1.0,0.8,0.0,1.4,0.45,0.35,0.2,0.35,0.15,0.05,7.0,5.4,audit_penalty_heatmap
audit_penalty,Audit/penalty,none,5.4,-5.0,-3.1249999999999996,-0.5962499999999998,5.4,11.35,-0.6100000000000008,-5.0,5.5,0.55,1.5,0.3,9.0,0.35,0.0,12.0,5.0,1.0,0.8,0.0,1.4,0.45,0.35,0.2,0.35,0.15,0.05,7.0,5.4,audit_penalty_heatmap
audit_penalty,Audit/penalty,none,5.4,-5.0,-3.1249999999999996,-0.7462500000000002,5.4,11.35,-0.5800000000000008,-5.0,5.5,0.55,1.5,0.3,9.5,0.35,0.0,12.0,5.0,1.0,0.8,0.0,1.4,0.45,0.35,0.2,0.35,0.15,0.05,7.0,5.4,audit_penalty_heatmap
audit_penalty,Audit/penalty,none,5.4,-5.0,-3.1249999999999996,-0.8962500000000001,5.4,11.35,-0.5500000000000008,-5.0,5.5,0.55,1.5,0.3,10.0,0.35,0.0,12.0,5.0,1.0,0.8,0.0,1.4,0.45,0.35,0.2,0.35,0.15,0.05,7.0,5.4,audit_penalty_heatmap
audit_penalty,Audit/penalty,none,5.4,-5.0,-3.1249999999999996,2.10375,5.4,11.3,-1.2000000000000008,-5.0,5.5,0.55,1.5,0.35,0.0,0.35,0.0,12.0,5.0,1.0,0.8,0.0,1.4,0.45,0.35,0.2,0.35,0.15,0.05,7.0,5.4,audit_penalty_heatmap
audit_penalty,Audit/penalty,none,5.4,-5.0,-3.1249999999999996,1.92875,5.4,11.3,-1.165000000000001,-5.0,5.5,0.55,1.5,0.35,0.5,0.35,0.0,12.0,5.0,1.0,0.8,0.0,1.4,0.45,0.35,0.2,0.35,0.15,0.05,7.0,5.4,audit_penalty_heatmap
audit_penalty,Audit/penalty,none,5.4,-5.0,-3.1249999999999996,1.7537499999999997,5.4,11.3,-1.1300000000000008,-5.0,5.5,0.55,1.5,0.35,1.0,0.35,0.0,12.0,5.0,1.0,0.8,0.0,1.4,0.45,0.35,0.2,0.35,0.15,0.05,7.0,5.4,audit_penalty_heatmap
audit_penalty,Audit/penalty,none,5.4,-5.0,-3.1249999999999996,1.5787499999999999,5.4,11.3,-1.0950000000000009,-5.0,5.5,0.55,1.5,0.35,1.5,0.35,0.0,12.0,5.0,1.0,0.8,0.0,1.4,0.45,0.35,0.2,0.35,0.15,0.05,7.0,5.4,audit_penalty_heatmap
audit_penalty,Audit/penalty,none,5.4,-5.0,-3.1249999999999996,1.40375,5.4,11.3,-1.060000000000001,-5.0,5.5,0.55,1.5,0.35,2.0,0.35,0.0,12.0,5.0,1.0,0.8,0.0,1.4,0.45,0.35,0.2,0.35,0.15,0.05,7.0,5.4,audit_penalty_heatmap
audit_penalty,Audit/penalty,none,5.4,-5.0,-3.1249999999999996,1.2287499999999998,5.4,11.3,-1.0250000000000008,-5.0,5.5,0.55,1.5,0.35,2.5,0.35,0.0,12.0,5.0,1.0,0.8,0.0,1.4,0.45,0.35,0.2,0.35,0.15,0.05,7.0,5.4,audit_penalty_heatmap
audit_penalty,Audit/penalty,none,5.4,-5.0,-3.1249999999999996,1.05375,5.4,11.3,-0.9900000000000009,-5.0,5.5,0.55,1.5,0.35,3.0,0.35,0.0,12.0,5.0,1.0,0.8,0.0,1.4,0.45,0.35,0.2,0.35,0.15,0.05,7.0,5.4,audit_penalty_heatmap
audit_penalty,Audit/penalty,none,5.4,-5.0,-3.1249999999999996,0.87875,5.4,11.3,-0.9550000000000008,-5.0,5.5,0.55,1.5,0.35,3.5,0.35,0.0,12.0,5.0,1.0,0.8,0.0,1.4,0.45,0.35,0.2,0.35,0.15,0.05,7.0,5.4,audit_penalty_heatmap
audit_penalty,Audit/penalty,none,5.4,-5.0,-3.1249999999999996,0.70375,5.4,11.3,-0.9200000000000008,-5.0,5.5,0.55,1.5,0.35,4.0,0.35,0.0,12.0,5.0,1.0,0.8,0.0,1.4,0.45,0.35,0.2,0.35,0.15,0.05,7.0,5.4,audit_penalty_heatmap
audit_penalty,Audit/penalty,none,5.4,-5.0,-3.1249999999999996,0.5287499999999999,5.4,11.3,-0.8850000000000009,-5.0,5.5,0.55,1.5,0.35,4.5,0.35,0.0,12.0,5.0,1.0,0.8,0.0,1.4,0.45,0.35,0.2,0.35,0.15,0.05,7.0,5.4,audit_penalty_heatmap
audit_penalty,Audit/penalty,none,5.4,-5.0,-3.1249999999999996,0.3537499999999999,5.4,11.3,-0.8500000000000009,-5.0,5.5,0.55,1.5,0.35,5.0,0.35,0.0,12.0,5.0,1.0,0.8,0.0,1.4,0.45,0.35,0.2,0.35,0.15,0.05,7.0,5.4,audit_penalty_heatmap
audit_penalty,Audit/penalty,none,5.4,-5.0,-3.1249999999999996,0.17875000000000008,5.4,11.3,-0.8150000000000008,-5.0,5.5,0.55,1.5,0.35,5.5,0.35,0.0,12.0,5.0,1.0,0.8,0.0,1.4,0.45,0.35,0.2,0.35,0.15,0.05,7.0,5.4,audit_penalty_heatmap
audit_penalty,Audit/penalty,none,5.4,-5.0,-3.1249999999999996,0.003750000000000253,5.4,11.3,-0.7800000000000009,-5.0,5.5,0.55,1.5,0.35,6.0,0.35,0.0,12.0,5.0,1.0,0.8,0.0,1.4,0.45,0.35,0.2,0.35,0.15,0.05,7.0,5.4,audit_penalty_heatmap
audit_penalty,Audit/penalty,none,5.4,-5.0,-3.1249999999999996,-0.17125,5.4,11.3,-0.7450000000000009,-5.0,5.5,0.55,1.5,0.35,6.5,0.35,0.0,12.0,5.0,1.0,0.8,0.0,1.4,0.45,0.35,0.2,0.35,0.15,0.05,7.0,5.4,audit_penalty_heatmap
audit_penalty,Audit/penalty,none,5.4,-5.0,-3.1249999999999996,-0.34624999999999984,5.4,11.3,-0.7100000000000009,-5.0,5.5,0.55,1.5,0.35,7.0,0.35,0.0,12.0,5.0,1.0,0.8,0.0,1.4,0.45,0.35,0.2,0.35,0.15,0.05,7.0,5.4,audit_penalty_heatmap
audit_penalty,Audit/penalty,none,5.4,-5.0,-3.1249999999999996,-0.5212500000000001,5.4,11.3,-0.6750000000000009,-5.0,5.5,0.55,1.5,0.35,7.5,0.35,0.0,12.0,5.0,1.0,0.8,0.0,1.4,0.45,0.35,0.2,0.35,0.15,0.05,7.0,5.4,audit_penalty_heatmap
audit_penalty,Audit/penalty,none,5.4,-5.0,-3.1249999999999996,-0.6962499999999999,5.4,11.3,-0.6400000000000009,-5.0,5.5,0.55,1.5,0.35,8.0,0.35,0.0,12.0,5.0,1.0,0.8,0.0,1.4,0.45,0.35,0.2,0.35,0.15,0.05,7.0,5.4,audit_penalty_heatmap
audit_penalty,Audit/penalty,none,5.4,-5.0,-3.1249999999999996,-0.8712499999999997,5.4,11.3,-0.6050000000000009,-5.0,5.5,0.55,1.5,0.35,8.5,0.35,0.0,12.0,5.0,1.0,0.8,0.0,1.4,0.45,0.35,0.2,0.35,0.15,0.05,7.0,5.4,audit_penalty_heatmap
audit_penalty,Audit/penalty,none,5.4,-5.0,-3.1249999999999996,-1.0462500000000001,5.4,11.3,-0.570000000000001,-5.0,5.5,0.55,1.5,0.35,9.0,0.35,0.0,12.0,5.0,1.0,0.8,0.0,1.4,0.45,0.35,0.2,0.35,0.15,0.05,7.0,5.4,audit_penalty_heatmap
audit_penalty,Audit/penalty,none,5.4,-5.0,-3.1249999999999996,-1.22125,5.4,11.3,-0.5350000000000009,-5.0,5.5,0.55,1.5,0.35,9.5,0.35,0.0,12.0,5.0,1.0,0.8,0.0,1.4,0.45,0.35,0.2,0.35,0.15,0.05,7.0,5.4,audit_penalty_heatmap
audit_penalty,Audit/penalty,none,5.4,-5.0,-3.1249999999999996,-1.3962500000000002,5.4,11.3,-0.5000000000000009,-5.0,5.5,0.55,1.5,0.35,10.0,0.35,0.0,12.0,5.0,1.0,0.8,0.0,1.4,0.45,0.35,0.2,0.35,0.15,0.05,7.0,5.4,audit_penalty_heatmap
audit_penalty,Audit/penalty,none,5.4,-5.0,-3.1249999999999996,2.10375,5.4,11.25,-1.2500000000000007,-5.0,5.5,0.55,1.5,0.4,0.0,0.35,0.0,12.0,5.0,1.0,0.8,0.0,1.4,0.45,0.35,0.2,0.35,0.15,0.05,7.0,5.4,audit_penalty_heatmap
audit_penalty,Audit/penalty,none,5.4,-5.0,-3.1249999999999996,1.9037499999999996,5.4,11.25,-1.2100000000000006,-5.0,5.5,0.55,1.5,0.4,0.5,0.35,0.0,12.0,5.0,1.0,0.8,0.0,1.4,0.45,0.35,0.2,0.35,0.15,0.05,7.0,5.4,audit_penalty_heatmap
audit_penalty,Audit/penalty,none,5.4,-5.0,-3.1249999999999996,1.7037499999999999,5.4,11.25,-1.1700000000000006,-5.0,5.5,0.55,1.5,0.4,1.0,0.35,0.0,12.0,5.0,1.0,0.8,0.0,1.4,0.45,0.35,0.2,0.35,0.15,0.05,7.0,5.4,audit_penalty_heatmap
audit_penalty,Audit/penalty,none,5.4,-5.0,-3.1249999999999996,1.5037499999999997,5.4,11.25,-1.1300000000000006,-5.0,5.5,0.55,1.5,0.4,1.5,0.35,0.0,12.0,5.0,1.0,0.8,0.0,1.4,0.45,0.35,0.2,0.35,0.15,0.05,7.0,5.4,audit_penalty_heatmap
audit_penalty,Audit/penalty,none,5.4,-5.0,-3.1249999999999996,1.30375,5.4,11.25,-1.0900000000000007,-5.0,5.5,0.55,1.5,0.4,2.0,0.35,0.0,12.0,5.0,1.0,0.8,0.0,1.4,0.45,0.35,0.2,0.35,0.15,0.05,7.0,5.4,audit_penalty_heatmap
audit_penalty,Audit/penalty,none,5.4,-5.0,-3.1249999999999996,1.1037499999999998,5.4,11.25,-1.0500000000000007,-5.0,5.5,0.55,1.5,0.4,2.5,0.35,0.0,12.0,5.0,1.0,0.8,0.0,1.4,0.45,0.35,0.2,0.35,0.15,0.05,7.0,5.4,audit_penalty_heatmap
audit_penalty,Audit/penalty,none,5.4,-5.0,-3.1249999999999996,0.9037499999999997,5.4,11.25,-1.0100000000000007,-5.0,5.5,0.55,1.5,0.4,3.0,0.35,0.0,12.0,5.0,1.0,0.8,0.0,1.4,0.45,0.35,0.2,0.35,0.15,0.05,7.0,5.4,audit_penalty_heatmap
audit_penalty,Audit/penalty,none,5.4,-5.0,-3.1249999999999996,0.7037499999999998,5.4,11.25,-0.9700000000000006,-5.0,5.5,0.55,1.5,0.4,3.5,0.35,0.0,12.0,5.0,1.0,0.8,0.0,1.4,0.45,0.35,0.2,0.35,0.15,0.05,7.0,5.4,audit_penalty_heatmap
audit_penalty,Audit/penalty,none,5.4,-5.0,-3.1249999999999996,0.5037499999999998,5.4,11.25,-0.9300000000000006,-5.0,5.5,0.55,1.5,0.4,4.0,0.35,0.0,12.0,5.0,1.0,0.8,0.0,1.4,0.45,0.35,0.2,0.35,0.15,0.05,7.0,5.4,audit_penalty_heatmap
audit_penalty,Audit/penalty,none,5.4,-5.0,-3.1249999999999996,0.30374999999999985,5.4,11.25,-0.8900000000000006,-5.0,5.5,0.55,1.5,0.4,4.5,0.35,0.0,12.0,5.0,1.0,0.8,0.0,1.4,0.45,0.35,0.2,0.35,0.15,0.05,7.0,5.4,audit_penalty_heatmap
audit_penalty,Audit/penalty,none,5.4,-5.0,-3.1249999999999996,0.1037499999999999,5.4,11.25,-0.8500000000000005,-5.0,5.5,0.55,1.5,0.4,5.0,0.35,0.0,12.0,5.0,1.0,0.8,0.0,1.4,0.45,0.35,0.2,0.35,0.15,0.05,7.0,5.4,audit_penalty_heatmap
audit_penalty,Audit/penalty,none,5.4,-5.0,-3.1249999999999996,-0.09625000000000028,5.4,11.25,-0.8100000000000006,-5.0,5.5,0.55,1.5,0.4,5.5,0.35,0.0,12.0,5.0,1.0,0.8,0.0,1.4,0.45,0.35,0.2,0.35,0.15,0.05,7.0,5.4,audit_penalty_heatmap
audit_penalty,Audit/penalty,none,5.4,-5.0,-3.1249999999999996,-0.29625000000000046,5.4,11.25,-0.7700000000000006,-5.0,5.5,0.55,1.5,0.4,6.0,0.35,0.0,12.0,5.0,1.0,0.8,0.0,1.4,0.45,0.35,0.2,0.35,0.15,0.05,7.0,5.4,audit_penalty_heatmap
audit_penalty,Audit/penalty,none,5.4,-5.0,-3.1249999999999996,-0.4962500000000002,5.4,11.25,-0.7300000000000005,-5.0,5.5,0.55,1.5,0.4,6.5,0.35,0.0,12.0,5.0,1.0,0.8,0.0,1.4,0.45,0.35,0.2,0.35,0.15,0.05,7.0,5.4,audit_penalty_heatmap
audit_penalty,Audit/penalty,none,5.4,-5.0,-3.1249999999999996,-0.6962500000000004,5.4,11.25,-0.6900000000000006,-5.0,5.5,0.55,1.5,0.4,7.0,0.35,0.0,12.0,5.0,1.0,0.8,0.0,1.4,0.45,0.35,0.2,0.35,0.15,0.05,7.0,5.4,audit_penalty_heatmap
audit_penalty,Audit/penalty,none,5.4,-5.0,-3.1249999999999996,-0.8962500000000001,5.4,11.25,-0.6500000000000006,-5.0,5.5,0.55,1.5,0.4,7.5,0.35,0.0,12.0,5.0,1.0,0.8,0.0,1.4,0.45,0.35,0.2,0.35,0.15,0.05,7.0,5.4,audit_penalty_heatmap
audit_penalty,Audit/penalty,none,5.4,-5.0,-3.1249999999999996,-1.0962500000000004,5.4,11.25,-0.6100000000000005,-5.0,5.5,0.55,1.5,0.4,8.0,0.35,0.0,12.0,5.0,1.0,0.8,0.0,1.4,0.45,0.35,0.2,0.35,0.15,0.05,7.0,5.4,audit_penalty_heatmap
audit_penalty,Audit/penalty,none,5.4,-5.0,-3.1249999999999996,-1.2962500000000006,5.4,11.25,-0.5700000000000005,-5.0,5.5,0.55,1.5,0.4,8.5,0.35,0.0,12.0,5.0,1.0,0.8,0.0,1.4,0.45,0.35,0.2,0.35,0.15,0.05,7.0,5.4,audit_penalty_heatmap
audit_penalty,Audit/penalty,none,5.4,-5.0,-3.1249999999999996,-1.4962500000000003,5.4,11.25,-0.5300000000000005,-5.0,5.5,0.55,1.5,0.4,9.0,0.35,0.0,12.0,5.0,1.0,0.8,0.0,1.4,0.45,0.35,0.2,0.35,0.15,0.05,7.0,5.4,audit_penalty_heatmap
audit_penalty,Audit/penalty,none,5.4,-5.0,-3.1249999999999996,-1.6962500000000005,5.4,11.25,-0.49000000000000055,-5.0,5.5,0.55,1.5,0.4,9.5,0.35,0.0,12.0,5.0,1.0,0.8,0.0,1.4,0.45,0.35,0.2,0.35,0.15,0.05,7.0,5.4,audit_penalty_heatmap
audit_penalty,Audit/penalty,none,5.4,-5.0,-3.1249999999999996,-1.8962500000000002,5.4,11.25,-0.4500000000000005,-5.0,5.5,0.55,1.5,0.4,10.0,0.35,0.0,12.0,5.0,1.0,0.8,0.0,1.4,0.45,0.35,0.2,0.35,0.15,0.05,7.0,5.4,audit_penalty_heatmap
audit_penalty,Audit/penalty,none,5.4,-5.0,-3.1249999999999996,2.10375,5.4,11.200000000000001,-1.3000000000000007,-5.0,5.5,0.55,1.5,0.45,0.0,0.35,0.0,12.0,5.0,1.0,0.8,0.0,1.4,0.45,0.35,0.2,0.35,0.15,0.05,7.0,5.4,audit_penalty_heatmap
audit_penalty,Audit/penalty,none,5.4,-5.0,-3.1249999999999996,1.8787499999999997,5.4,11.200000000000001,-1.2550000000000008,-5.0,5.5,0.55,1.5,0.45,0.5,0.35,0.0,12.0,5.0,1.0,0.8,0.0,1.4,0.45,0.35,0.2,0.35,0.15,0.05,7.0,5.4,audit_penalty_heatmap
audit_penalty,Audit/penalty,none,5.4,-5.0,-3.1249999999999996,1.6537499999999996,5.4,11.200000000000001,-1.2100000000000006,-5.0,5.5,0.55,1.5,0.45,1.0,0.35,0.0,12.0,5.0,1.0,0.8,0.0,1.4,0.45,0.35,0.2,0.35,0.15,0.05,7.0,5.4,audit_penalty_heatmap
audit_penalty,Audit/penalty,none,5.4,-5.0,-3.1249999999999996,1.42875,5.4,11.200000000000001,-1.1650000000000007,-5.0,5.5,0.55,1.5,0.45,1.5,0.35,0.0,12.0,5.0,1.0,0.8,0.0,1.4,0.45,0.35,0.2,0.35,0.15,0.05,7.0,5.4,audit_penalty_heatmap
audit_penalty,Audit/penalty,none,5.4,-5.0,-3.1249999999999996,1.2037499999999999,5.4,11.200000000000001,-1.1200000000000008,-5.0,5.5,0.55,1.5,0.45,2.0,0.35,0.0,12.0,5.0,1.0,0.8,0.0,1.4,0.45,0.35,0.2,0.35,0.15,0.05,7.0,5.4,audit_penalty_heatmap
audit_penalty,Audit/penalty,none,5.4,-5.0,-3.1249999999999996,0.9787499999999999,5.4,11.200000000000001,-1.0750000000000006,-5.0,5.5,0.55,1.5,0.45,2.5,0.35,0.0,12.0,5.0,1.0,0.8,0.0,1.4,0.45,0.35,0.2,0.35,0.15,0.05,7.0,5.4,audit_penalty_heatmap
audit_penalty,Audit/penalty,none,5.4,-5.0,-3.1249999999999996,0.7537499999999998,5.4,11.200000000000001,-1.0300000000000007,-5.0,5.5,0.55,1.5,0.45,3.0,0.35,0.0,12.0,5.0,1.0,0.8,0.0,1.4,0.45,0.35,0.2,0.35,0.15,0.05,7.0,5.4,audit_penalty_heatmap
audit_penalty,Audit/penalty,none,5.4,-5.0,-3.1249999999999996,0.5287499999999999,5.4,11.200000000000001,-0.9850000000000007,-5.0,5.5,0.55,1.5,0.45,3.5,0.35,0.0,12.0,5.0,1.0,0.8,0.0,1.4,0.45,0.35,0.2,0.35,0.15,0.05,7.0,5.4,audit_penalty_heatmap
audit_penalty,Audit/penalty,none,5.4,-5.0,-3.1249999999999996,0.30374999999999985,5.4,11.200000000000001,-0.9400000000000006,-5.0,5.5,0.55,1.5,0.45,4.0,0.35,0.0,12.0,5.0,1.0,0.8,0.0,1.4,0.45,0.35,0.2,0.35,0.15,0.05,7.0,5.4,audit_penalty_heatmap
audit_penalty,Audit/penalty,none,5.4,-5.0,-3.1249999999999996,0.07874999999999999,5.4,11.200000000000001,-0.8950000000000007,-5.0,5.5,0.55,1.5,0.45,4.5,0.35,0.0,12.0,5.0,1.0,0.8,0.0,1.4,0.45,0.35,0.2,0.35,0.15,0.05,7.0,5.4,audit_penalty_heatmap
audit_penalty,Audit/penalty,none,5.4,-5.0,-3.1249999999999996,-0.1462500000000001,5.4,11.200000000000001,-0.8500000000000006,-5.0,5.5,0.55,1.5,0.45,5.0,0.35,0.0,12.0,5.0,1.0,0.8,0.0,1.4,0.45,0.35,0.2,0.35,0.15,0.05,7.0,5.4,audit_penalty_heatmap
audit_penalty,Audit/penalty,none,5.4,-5.0,-3.1249999999999996,-0.3712500000000002,5.4,11.200000000000001,-0.8050000000000006,-5.0,5.5,0.55,1.5,0.45,5.5,0.35,0.0,12.0,5.0,1.0,0.8,0.0,1.4,0.45,0.35,0.2,0.35,0.15,0.05,7.0,5.4,audit_penalty_heatmap
audit_penalty,Audit/penalty,none,5.4,-5.0,-3.1249999999999996,-0.5962500000000003,5.4,11.200000000000001,-0.7600000000000007,-5.0,5.5,0.55,1.5,0.45,6.0,0.35,0.0,12.0,5.0,1.0,0.8,0.0,1.4,0.45,0.35,0.2,0.35,0.15,0.05,7.0,5.4,audit_penalty_heatmap
audit_penalty,Audit/penalty,none,5.4,-5.0,-3.1249999999999996,-0.8212500000000004,5.4,11.200000000000001,-0.7150000000000006,-5.0,5.5,0.55,1.5,0.45,6.5,0.35,0.0,12.0,5.0,1.0,0.8,0.0,1.4,0.45,0.35,0.2,0.35,0.15,0.05,7.0,5.4,audit_penalty_heatmap
audit_penalty,Audit/penalty,none,5.4,-5.0,-3.1249999999999996,-1.0462500000000001,5.4,11.200000000000001,-0.6700000000000006,-5.0,5.5,0.55,1.5,0.45,7.0,0.35,0.0,12.0,5.0,1.0,0.8,0.0,1.4,0.45,0.35,0.2,0.35,0.15,0.05,7.0,5.4,audit_penalty_heatmap
audit_penalty,Audit/penalty,none,5.4,-5.0,-3.1249999999999996,-1.2712500000000002,5.4,11.200000000000001,-0.6250000000000007,-5.0,5.5,0.55,1.5,0.45,7.5,0.35,0.0,12.0,5.0,1.0,0.8,0.0,1.4,0.45,0.35,0.2,0.35,0.15,0.05,7.0,5.4,audit_penalty_heatmap
audit_penalty,Audit/penalty,none,5.4,-5.0,-3.1249999999999996,-1.4962500000000003,5.4,11.200000000000001,-0.5800000000000006,-5.0,5.5,0.55,1.5,0.45,8.0,0.35,0.0,12.0,5.0,1.0,0.8,0.0,1.4,0.45,0.35,0.2,0.35,0.15,0.05,7.0,5.4,audit_penalty_heatmap
audit_penalty,Audit/penalty,none,5.4,-5.0,-3.1249999999999996,-1.7212500000000004,5.4,11.200000000000001,-0.5350000000000006,-5.0,5.5,0.55,1.5,0.45,8.5,0.35,0.0,12.0,5.0,1.0,0.8,0.0,1.4,0.45,0.35,0.2,0.35,0.15,0.05,7.0,5.4,audit_penalty_heatmap
audit_penalty,Audit/penalty,none,5.4,-5.0,-3.1249999999999996,-1.94625,5.4,11.200000000000001,-0.49000000000000066,-5.0,5.5,0.55,1.5,0.45,9.0,0.35,0.0,12.0,5.0,1.0,0.8,0.0,1.4,0.45,0.35,0.2,0.35,0.15,0.05,7.0,5.4,audit_penalty_heatmap
audit_penalty,Audit/penalty,none,5.4,-5.0,-3.1249999999999996,-2.1712500000000006,5.4,11.200000000000001,-0.4450000000000006,-5.0,5.5,0.55,1.5,0.45,9.5,0.35,0.0,12.0,5.0,1.0,0.8,0.0,1.4,0.45,0.35,0.2,0.35,0.15,0.05,7.0,5.4,audit_penalty_heatmap
audit_penalty,Audit/penalty,none,5.4,-5.0,-3.1249999999999996,-2.39625,5.4,11.200000000000001,-0.4000000000000006,-5.0,5.5,0.55,1.5,0.45,10.0,0.35,0.0,12.0,5.0,1.0,0.8,0.0,1.4,0.45,0.35,0.2,0.35,0.15,0.05,7.0,5.4,audit_penalty_heatmap
audit_penalty,Audit/penalty,none,5.4,-5.0,-3.1249999999999996,2.10375,5.4,11.15,-1.3500000000000008,-5.0,5.5,0.55,1.5,0.5,0.0,0.35,0.0,12.0,5.0,1.0,0.8,0.0,1.4,0.45,0.35,0.2,0.35,0.15,0.05,7.0,5.4,audit_penalty_heatmap
audit_penalty,Audit/penalty,none,5.4,-5.0,-3.1249999999999996,1.8537499999999998,5.4,11.15,-1.3000000000000007,-5.0,5.5,0.55,1.5,0.5,0.5,0.35,0.0,12.0,5.0,1.0,0.8,0.0,1.4,0.45,0.35,0.2,0.35,0.15,0.05,7.0,5.4,audit_penalty_heatmap
audit_penalty,Audit/penalty,none,5.4,-5.0,-3.1249999999999996,1.6037499999999998,5.4,11.15,-1.2500000000000007,-5.0,5.5,0.55,1.5,0.5,1.0,0.35,0.0,12.0,5.0,1.0,0.8,0.0,1.4,0.45,0.35,0.2,0.35,0.15,0.05,7.0,5.4,audit_penalty_heatmap
audit_penalty,Audit/penalty,none,5.4,-5.0,-3.1249999999999996,1.3537499999999998,5.4,11.15,-1.2000000000000006,-5.0,5.5,0.55,1.5,0.5,1.5,0.35,0.0,12.0,5.0,1.0,0.8,0.0,1.4,0.45,0.35,0.2,0.35,0.15,0.05,7.0,5.4,audit_penalty_heatmap
audit_penalty,Audit/penalty,none,5.4,-5.0,-3.1249999999999996,1.1037499999999998,5.4,11.15,-1.1500000000000008,-5.0,5.5,0.55,1.5,0.5,2.0,0.35,0.0,12.0,5.0,1.0,0.8,0.0,1.4,0.45,0.35,0.2,0.35,0.15,0.05,7.0,5.4,audit_penalty_heatmap
audit_penalty,Audit/penalty,none,5.4,-5.0,-3.1249999999999996,0.8537499999999999,5.4,11.15,-1.1000000000000008,-5.0,5.5,0.55,1.5,0.5,2.5,0.35,0.0,12.0,5.0,1.0,0.8,0.0,1.4,0.45,0.35,0.2,0.35,0.15,0.05,7.0,5.4,audit_penalty_heatmap
audit_penalty,Audit/penalty,none,5.4,-5.0,-3.1249999999999996,0.6037499999999999,5.4,11.15,-1.0500000000000007,-5.0,5.5,0.55,1.5,0.5,3.0,0.35,0.0,12.0,5.0,1.0,0.8,0.0,1.4,0.45,0.35,0.2,0.35,0.15,0.05,7.0,5.4,audit_penalty_heatmap
audit_penalty,Audit/penalty,none,5.4,-5.0,-3.1249999999999996,0.3537499999999999,5.4,11.15,-1.0000000000000007,-5.0,5.5,0.55,1.5,0.5,3.5,0.35,0.0,12.0,5.0,1.0,0.8,0.0,1.4,0.45,0.35,0.2,0.35,0.15,0.05,7.0,5.4,audit_penalty_heatmap
audit_penalty,Audit/penalty,none,5.4,-5.0,-3.1249999999999996,0.1037499999999999,5.4,11.15,-0.9500000000000007,-5.0,5.5,0.55,1.5,0.5,4.0,0.35,0.0,12.0,5.0,1.0,0.8,0.0,1.4,0.45,0.35,0.2,0.35,0.15,0.05,7.0,5.4,audit_penalty_heatmap
audit_penalty,Audit/penalty,none,5.4,-5.0,-3.1249999999999996,-0.1462500000000001,5.4,11.15,-0.9000000000000008,-5.0,5.5,0.55,1.5,0.5,4.5,0.35,0.0,12.0,5.0,1.0,0.8,0.0,1.4,0.45,0.35,0.2,0.35,0.15,0.05,7.0,5.4,audit_penalty_heatmap
audit_penalty,Audit/penalty,none,5.4,-5.0,-3.1249999999999996,-0.3962500000000001,5.4,11.15,-0.8500000000000008,-5.0,5.5,0.55,1.5,0.5,5.0,0.35,0.0,12.0,5.0,1.0,0.8,0.0,1.4,0.45,0.35,0.2,0.35,0.15,0.05,7.0,5.4,audit_penalty_heatmap
audit_penalty,Audit/penalty,none,5.4,-5.0,-3.1249999999999996,-0.6462500000000001,5.4,11.15,-0.8000000000000007,-5.0,5.5,0.55,1.5,0.5,5.5,0.35,0.0,12.0,5.0,1.0,0.8,0.0,1.4,0.45,0.35,0.2,0.35,0.15,0.05,7.0,5.4,audit_penalty_heatmap
audit_penalty,Audit/penalty,none,5.4,-5.0,-3.1249999999999996,-0.8962500000000001,5.4,11.15,-0.7500000000000007,-5.0,5.5,0.55,1.5,0.5,6.0,0.35,0.0,12.0,5.0,1.0,0.8,0.0,1.4,0.45,0.35,0.2,0.35,0.15,0.05,7.0,5.4,audit_penalty_heatmap
audit_penalty,Audit/penalty,none,5.4,-5.0,-3.1249999999999996,-1.1462500000000002,5.4,11.15,-0.7000000000000007,-5.0,5.5,0.55,1.5,0.5,6.5,0.35,0.0,12.0,5.0,1.0,0.8,0.0,1.4,0.45,0.35,0.2,0.35,0.15,0.05,7.0,5.4,audit_penalty_heatmap
audit_penalty,Audit/penalty,none,5.4,-5.0,-3.1249999999999996,-1.3962500000000002,5.4,11.15,-0.6500000000000007,-5.0,5.5,0.55,1.5,0.5,7.0,0.35,0.0,12.0,5.0,1.0,0.8,0.0,1.4,0.45,0.35,0.2,0.35,0.15,0.05,7.0,5.4,audit_penalty_heatmap
audit_penalty,Audit/penalty,none,5.4,-5.0,-3.1249999999999996,-1.6462500000000002,5.4,11.15,-0.6000000000000008,-5.0,5.5,0.55,1.5,0.5,7.5,0.35,0.0,12.0,5.0,1.0,0.8,0.0,1.4,0.45,0.35,0.2,0.35,0.15,0.05,7.0,5.4,audit_penalty_heatmap
audit_penalty,Audit/penalty,none,5.4,-5.0,-3.1249999999999996,-1.8962500000000002,5.4,11.15,-0.5500000000000007,-5.0,5.5,0.55,1.5,0.5,8.0,0.35,0.0,12.0,5.0,1.0,0.8,0.0,1.4,0.45,0.35,0.2,0.35,0.15,0.05,7.0,5.4,audit_penalty_heatmap
audit_penalty,Audit/penalty,none,5.4,-5.0,-3.1249999999999996,-2.14625,5.4,11.15,-0.5000000000000007,-5.0,5.5,0.55,1.5,0.5,8.5,0.35,0.0,12.0,5.0,1.0,0.8,0.0,1.4,0.45,0.35,0.2,0.35,0.15,0.05,7.0,5.4,audit_penalty_heatmap
audit_penalty,Audit/penalty,none,5.4,-5.0,-3.1249999999999996,-2.39625,5.4,11.15,-0.45000000000000073,-5.0,5.5,0.55,1.5,0.5,9.0,0.35,0.0,12.0,5.0,1.0,0.8,0.0,1.4,0.45,0.35,0.2,0.35,0.15,0.05,7.0,5.4,audit_penalty_heatmap
audit_penalty,Audit/penalty,none,5.4,-5.0,-3.1249999999999996,-2.64625,5.4,11.15,-0.4000000000000007,-5.0,5.5,0.55,1.5,0.5,9.5,0.35,0.0,12.0,5.0,1.0,0.8,0.0,1.4,0.45,0.35,0.2,0.35,0.15,0.05,7.0,5.4,audit_penalty_heatmap
audit_penalty,Audit/penalty,none,5.4,-5.0,-3.1249999999999996,-2.89625,5.4,11.15,-0.35000000000000075,-5.0,5.5,0.55,1.5,0.5,10.0,0.35,0.0,12.0,5.0,1.0,0.8,0.0,1.4,0.45,0.35,0.2,0.35,0.15,0.05,7.0,5.4,audit_penalty_heatmap
audit_penalty,Audit/penalty,none,5.4,-5.0,-3.1249999999999996,2.10375,5.4,11.1,-1.4000000000000008,-5.0,5.5,0.55,1.5,0.55,0.0,0.35,0.0,12.0,5.0,1.0,0.8,0.0,1.4,0.45,0.35,0.2,0.35,0.15,0.05,7.0,5.4,audit_penalty_heatmap
audit_penalty,Audit/penalty,none,5.4,-5.0,-3.1249999999999996,1.8287499999999999,5.4,11.1,-1.3450000000000009,-5.0,5.5,0.55,1.5,0.55,0.5,0.35,0.0,12.0,5.0,1.0,0.8,0.0,1.4,0.45,0.35,0.2,0.35,0.15,0.05,7.0,5.4,audit_penalty_heatmap
audit_penalty,Audit/penalty,none,5.4,-5.0,-3.1249999999999996,1.55375,5.4,11.1,-1.2900000000000007,-5.0,5.5,0.55,1.5,0.55,1.0,0.35,0.0,12.0,5.0,1.0,0.8,0.0,1.4,0.45,0.35,0.2,0.35,0.15,0.05,7.0,5.4,audit_penalty_heatmap
audit_penalty,Audit/penalty,none,5.4,-5.0,-3.1249999999999996,1.2787499999999996,5.4,11.1,-1.2350000000000008,-5.0,5.5,0.55,1.5,0.55,1.5,0.35,0.0,12.0,5.0,1.0,0.8,0.0,1.4,0.45,0.35,0.2,0.35,0.15,0.05,7.0,5.4,audit_penalty_heatmap
audit_penalty,Audit/penalty,none,5.4,-5.0,-3.1249999999999996,1.0037499999999997,5.4,11.1,-1.1800000000000008,-5.0,5.5,0.55,1.5,0.55,2.0,0.35,0.0,12.0,5.0,1.0,0.8,0.0,1.4,0.45,0.35,0.2,0.35,0.15,0.05,7.0,5.4,audit_penalty_heatmap
audit_penalty,Audit/penalty,none,5.4,-5.0,-3.1249999999999996,0.7287499999999999,5.4,11.1,-1.1250000000000009,-5.0,5.5,0.55,1.5,0.55,2.5,0.35,0.0,12.0,5.0,1.0,0.8,0.0,1.4,0.45,0.35,0.2,0.35,0.15,0.05,7.0,5.4,audit_penalty_heatmap
audit_penalty,Audit/penalty,none,5.4,-5.0,-3.1249999999999996,0.45374999999999976,5.4,11.1,-1.0700000000000007,-5.0,5.5,0.55,1.5,0.55,3.0,0.35,0.0,12.0,5.0,1.0,0.8,0.0,1.4,0.45,0.35,0.2,0.35,0.15,0.05,7.0,5.4,audit_penalty_heatmap
audit_penalty,Audit/penalty,none,5.4,-5.0,-3.1249999999999996,0.17874999999999963,5.4,11.1,-1.0150000000000008,-5.0,5.5,0.55,1.5,0.55,3.5,0.35,0.0,12.0,5.0,1.0,0.8,0.0,1.4,0.45,0.35,0.2,0.35,0.15,0.05,7.0,5.4,audit_penalty_heatmap
audit_penalty,Audit/penalty,none,5.4,-5.0,-3.1249999999999996,-0.09625000000000028,5.4,11.1,-0.9600000000000007,-5.0,5.5,0.55,1.5,0.55,4.0,0.35,0.0,12.0,5.0,1.0,0.8,0.0,1.4,0.45,0.35,0.2,0.35,0.15,0.05,7.0,5.4,audit_penalty_heatmap
audit_penalty,Audit/penalty,none,5.4,-5.0,-3.1249999999999996,-0.3712500000000002,5.4,11.1,-0.9050000000000007,-5.0,5.5,0.55,1.5,0.55,4.5,0.35,0.0,12.0,5.0,1.0,0.8,0.0,1.4,0.45,0.35,0.2,0.35,0.15,0.05,7.0,5.4,audit_penalty_heatmap
audit_penalty,Audit/penalty,none,5.4,-5.0,-3.1249999999999996,-0.6462500000000001,5.4,11.1,-0.8500000000000008,-5.0,5.5,0.55,1.5,0.55,5.0,0.35,0.0,12.0,5.0,1.0,0.8,0.0,1.4,0.45,0.35,0.2,0.35,0.15,0.05,7.0,5.4,audit_penalty_heatmap
audit_penalty,Audit/penalty,none,5.4,-5.0,-3.1249999999999996,-0.9212500000000005,5.4,11.1,-0.7950000000000007,-5.0,5.5,0.55,1.5,0.55,5.5,0.35,0.0,12.0,5.0,1.0,0.8,0.0,1.4,0.45,0.35,0.2,0.35,0.15,0.05,7.0,5.4,audit_penalty_heatmap
audit_penalty,Audit/penalty,none,5.4,-5.0,-3.1249999999999996,-1.1962500000000005,5.4,11.1,-0.7400000000000007,-5.0,5.5,0.55,1.5,0.55,6.0,0.35,0.0,12.0,5.0,1.0,0.8,0.0,1.4,0.45,0.35,0.2,0.35,0.15,0.05,7.0,5.4,audit_penalty_heatmap
audit_penalty,Audit/penalty,none,5.4,-5.0,-3.1249999999999996,-1.4712500000000004,5.4,11.1,-0.6850000000000007,-5.0,5.5,0.55,1.5,0.55,6.5,0.35,0.0,12.0,5.0,1.0,0.8,0.0,1.4,0.45,0.35,0.2,0.35,0.15,0.05,7.0,5.4,audit_penalty_heatmap
audit_penalty,Audit/penalty,none,5.4,-5.0,-3.1249999999999996,-1.7462500000000007,5.4,11.1,-0.6300000000000007,-5.0,5.5,0.55,1.5,0.55,7.0,0.35,0.0,12.0,5.0,1.0,0.8,0.0,1.4,0.45,0.35,0.2,0.35,0.15,0.05,7.0,5.4,audit_penalty_heatmap
audit_penalty,Audit/penalty,none,5.4,-5.0,-3.1249999999999996,-2.02125,5.4,11.1,-0.5750000000000007,-5.0,5.5,0.55,1.5,0.55,7.5,0.35,0.0,12.0,5.0,1.0,0.8,0.0,1.4,0.45,0.35,0.2,0.35,0.15,0.05,7.0,5.4,audit_penalty_heatmap
audit_penalty,Audit/penalty,none,5.4,-5.0,-3.1249999999999996,-2.2962500000000006,5.4,11.1,-0.5200000000000007,-5.0,5.5,0.55,1.5,0.55,8.0,0.35,0.0,12.0,5.0,1.0,0.8,0.0,1.4,0.45,0.35,0.2,0.35,0.15,0.05,7.0,5.4,audit_penalty_heatmap
audit_penalty,Audit/penalty,none,5.4,-5.0,-3.1249999999999996,-2.571250000000001,5.4,11.1,-0.46500000000000064,-5.0,5.5,0.55,1.5,0.55,8.5,0.35,0.0,12.0,5.0,1.0,0.8,0.0,1.4,0.45,0.35,0.2,0.35,0.15,0.05,7.0,5.4,audit_penalty_heatmap
audit_penalty,Audit/penalty,none,5.4,-5.0,-3.1249999999999996,-2.8462500000000004,5.4,11.1,-0.4100000000000007,-5.0,5.5,0.55,1.5,0.55,9.0,0.35,0.0,12.0,5.0,1.0,0.8,0.0,1.4,0.45,0.35,0.2,0.35,0.15,0.05,7.0,5.4,audit_penalty_heatmap
audit_penalty,Audit/penalty,none,5.4,-5.0,-3.1249999999999996,-3.1212500000000007,5.4,11.1,-0.35500000000000065,-5.0,5.5,0.55,1.5,0.55,9.5,0.35,0.0,12.0,5.0,1.0,0.8,0.0,1.4,0.45,0.35,0.2,0.35,0.15,0.05,7.0,5.4,audit_penalty_heatmap
audit_penalty,Audit/penalty,none,5.4,-5.0,-3.1249999999999996,-3.39625,5.4,11.1,-0.3000000000000007,-5.0,5.5,0.55,1.5,0.55,10.0,0.35,0.0,12.0,5.0,1.0,0.8,0.0,1.4,0.45,0.35,0.2,0.35,0.15,0.05,7.0,5.4,audit_penalty_heatmap
audit_penalty,Audit/penalty,none,5.4,-5.0,-3.1249999999999996,2.10375,5.4,11.05,-1.4500000000000008,-5.0,5.5,0.55,1.5,0.6,0.0,0.35,0.0,12.0,5.0,1.0,0.8,0.0,1.4,0.45,0.35,0.2,0.35,0.15,0.05,7.0,5.4,audit_penalty_heatmap
audit_penalty,Audit/penalty,none,5.4,-5.0,-3.1249999999999996,1.80375,5.4,11.05,-1.3900000000000008,-5.0,5.5,0.55,1.5,0.6,0.5,0.35,0.0,12.0,5.0,1.0,0.8,0.0,1.4,0.45,0.35,0.2,0.35,0.15,0.05,7.0,5.4,audit_penalty_heatmap
audit_penalty,Audit/penalty,none,5.4,-5.0,-3.1249999999999996,1.5037499999999997,5.4,11.05,-1.330000000000001,-5.0,5.5,0.55,1.5,0.6,1.0,0.35,0.0,12.0,5.0,1.0,0.8,0.0,1.4,0.45,0.35,0.2,0.35,0.15,0.05,7.0,5.4,audit_penalty_heatmap
audit_penalty,Audit/penalty,none,5.4,-5.0,-3.1249999999999996,1.2037499999999999,5.4,11.05,-1.270000000000001,-5.0,5.5,0.55,1.5,0.6,1.5,0.35,0.0,12.0,5.0,1.0,0.8,0.0,1.4,0.45,0.35,0.2,0.35,0.15,0.05,7.0,5.4,audit_penalty_heatmap
audit_penalty,Audit/penalty,none,5.4,-5.0,-3.1249999999999996,0.9037499999999999,5.4,11.05,-1.2100000000000009,-5.0,5.5,0.55,1.5,0.6,2.0,0.35,0.0,12.0,5.0,1.0,0.8,0.0,1.4,0.45,0.35,0.2,0.35,0.15,0.05,7.0,5.4,audit_penalty_heatmap
audit_penalty,Audit/penalty,none,5.4,-5.0,-3.1249999999999996,0.6037499999999999,5.4,11.05,-1.1500000000000008,-5.0,5.5,0.55,1.5,0.6,2.5,0.35,0.0,12.0,5.0,1.0,0.8,0.0,1.4,0.45,0.35,0.2,0.35,0.15,0.05,7.0,5.4,audit_penalty_heatmap
audit_penalty,Audit/penalty,none,5.4,-5.0,-3.1249999999999996,0.3037500000000001,5.4,11.05,-1.0900000000000007,-5.0,5.5,0.55,1.5,0.6,3.0,0.35,0.0,12.0,5.0,1.0,0.8,0.0,1.4,0.45,0.35,0.2,0.35,0.15,0.05,7.0,5.4,audit_penalty_heatmap
audit_penalty,Audit/penalty,none,5.4,-5.0,-3.1249999999999996,0.003749999999999809,5.4,11.05,-1.030000000000001,-5.0,5.5,0.55,1.5,0.6,3.5,0.35,0.0,12.0,5.0,1.0,0.8,0.0,1.4,0.45,0.35,0.2,0.35,0.15,0.05,7.0,5.4,audit_penalty_heatmap
audit_penalty,Audit/penalty,none,5.4,-5.0,-3.1249999999999996,-0.29625,5.4,11.05,-0.9700000000000009,-5.0,5.5,0.55,1.5,0.6,4.0,0.35,0.0,12.0,5.0,1.0,0.8,0.0,1.4,0.45,0.35,0.2,0.35,0.15,0.05,7.0,5.4,audit_penalty_heatmap
audit_penalty,Audit/penalty,none,5.4,-5.0,-3.1249999999999996,-0.5962499999999998,5.4,11.05,-0.9100000000000008,-5.0,5.5,0.55,1.5,0.6,4.5,0.35,0.0,12.0,5.0,1.0,0.8,0.0,1.4,0.45,0.35,0.2,0.35,0.15,0.05,7.0,5.4,audit_penalty_heatmap
audit_penalty,Audit/penalty,none,5.4,-5.0,-3.1249999999999996,-0.8962500000000001,5.4,11.05,-0.8500000000000009,-5.0,5.5,0.55,1.5,0.6,5.0,0.35,0.0,12.0,5.0,1.0,0.8,0.0,1.4,0.45,0.35,0.2,0.35,0.15,0.05,7.0,5.4,audit_penalty_heatmap
audit_penalty,Audit/penalty,none,5.4,-5.0,-3.1249999999999996,-1.19625,5.4,11.05,-0.7900000000000009,-5.0,5.5,0.55,1.5,0.6,5.5,0.35,0.0,12.0,5.0,1.0,0.8,0.0,1.4,0.45,0.35,0.2,0.35,0.15,0.05,7.0,5.4,audit_penalty_heatmap
audit_penalty,Audit/penalty,none,5.4,-5.0,-3.1249999999999996,-1.4962499999999999,5.4,11.05,-0.7300000000000009,-5.0,5.5,0.55,1.5,0.6,6.0,0.35,0.0,12.0,5.0,1.0,0.8,0.0,1.4,0.45,0.35,0.2,0.35,0.15,0.05,7.0,5.4,audit_penalty_heatmap
audit_penalty,Audit/penalty,none,5.4,-5.0,-3.1249999999999996,-1.7962500000000001,5.4,11.05,-0.6700000000000008,-5.0,5.5,0.55,1.5,0.6,6.5,0.35,0.0,12.0,5.0,1.0,0.8,0.0,1.4,0.45,0.35,0.2,0.35,0.15,0.05,7.0,5.4,audit_penalty_heatmap
audit_penalty,Audit/penalty,none,5.4,-5.0,-3.1249999999999996,-2.0962500000000004,5.4,11.05,-0.6100000000000009,-5.0,5.5,0.55,1.5,0.6,7.0,0.35,0.0,12.0,5.0,1.0,0.8,0.0,1.4,0.45,0.35,0.2,0.35,0.15,0.05,7.0,5.4,audit_penalty_heatmap
audit_penalty,Audit/penalty,none,5.4,-5.0,-3.1249999999999996,-2.39625,5.4,11.05,-0.5500000000000009,-5.0,5.5,0.55,1.5,0.6,7.5,0.35,0.0,12.0,5.0,1.0,0.8,0.0,1.4,0.45,0.35,0.2,0.35,0.15,0.05,7.0,5.4,audit_penalty_heatmap
audit_penalty,Audit/penalty,none,5.4,-5.0,-3.1249999999999996,-2.69625,5.4,11.05,-0.4900000000000009,-5.0,5.5,0.55,1.5,0.6,8.0,0.35,0.0,12.0,5.0,1.0,0.8,0.0,1.4,0.45,0.35,0.2,0.35,0.15,0.05,7.0,5.4,audit_penalty_heatmap
audit_penalty,Audit/penalty,none,5.4,-5.0,-3.1249999999999996,-2.99625,5.4,11.05,-0.4300000000000008,-5.0,5.5,0.55,1.5,0.6,8.5,0.35,0.0,12.0,5.0,1.0,0.8,0.0,1.4,0.45,0.35,0.2,0.35,0.15,0.05,7.0,5.4,audit_penalty_heatmap
audit_penalty,Audit/penalty,none,5.4,-5.0,-3.1249999999999996,-3.2962499999999997,5.4,11.05,-0.3700000000000008,-5.0,5.5,0.55,1.5,0.6,9.0,0.35,0.0,12.0,5.0,1.0,0.8,0.0,1.4,0.45,0.35,0.2,0.35,0.15,0.05,7.0,5.4,audit_penalty_heatmap
audit_penalty,Audit/penalty,none,5.4,-5.0,-3.1249999999999996,-3.5962500000000004,5.4,11.05,-0.31000000000000094,-5.0,5.5,0.55,1.5,0.6,9.5,0.35,0.0,12.0,5.0,1.0,0.8,0.0,1.4,0.45,0.35,0.2,0.35,0.15,0.05,7.0,5.4,audit_penalty_heatmap
audit_penalty,Audit/penalty,none,5.4,-5.0,-3.1249999999999996,-3.89625,5.4,11.05,-0.2500000000000009,-5.0,5.5,0.55,1.5,0.6,10.0,0.35,0.0,12.0,5.0,1.0,0.8,0.0,1.4,0.45,0.35,0.2,0.35,0.15,0.05,7.0,5.4,audit_penalty_heatmap
audit_penalty,Audit/penalty,none,5.4,-5.0,-3.1249999999999996,2.10375,5.4,11.0,-1.5000000000000007,-5.0,5.5,0.55,1.5,0.65,0.0,0.35,0.0,12.0,5.0,1.0,0.8,0.0,1.4,0.45,0.35,0.2,0.35,0.15,0.05,7.0,5.4,audit_penalty_heatmap
audit_penalty,Audit/penalty,none,5.4,-5.0,-3.1249999999999996,1.7787499999999996,5.4,11.0,-1.4350000000000007,-5.0,5.5,0.55,1.5,0.65,0.5,0.35,0.0,12.0,5.0,1.0,0.8,0.0,1.4,0.45,0.35,0.2,0.35,0.15,0.05,7.0,5.4,audit_penalty_heatmap
audit_penalty,Audit/penalty,none,5.4,-5.0,-3.1249999999999996,1.4537499999999999,5.4,11.0,-1.3700000000000006,-5.0,5.5,0.55,1.5,0.65,1.0,0.35,0.0,12.0,5.0,1.0,0.8,0.0,1.4,0.45,0.35,0.2,0.35,0.15,0.05,7.0,5.4,audit_penalty_heatmap
audit_penalty,Audit/penalty,none,5.4,-5.0,-3.1249999999999996,1.1287499999999997,5.4,11.0,-1.3050000000000006,-5.0,5.5,0.55,1.5,0.65,1.5,0.35,0.0,12.0,5.0,1.0,0.8,0.0,1.4,0.45,0.35,0.2,0.35,0.15,0.05,7.0,5.4,audit_penalty_heatmap
audit_penalty,Audit/penalty,none,5.4,-5.0,-3.1249999999999996,0.8037499999999999,5.4,11.0,-1.2400000000000007,-5.0,5.5,0.55,1.5,0.65,2.0,0.35,0.0,12.0,5.0,1.0,0.8,0.0,1.4,0.45,0.35,0.2,0.35,0.15,0.05,7.0,5.4,audit_penalty_heatmap
audit_penalty,Audit/penalty,none,5.4,-5.0,-3.1249999999999996,0.4787499999999999,5.4,11.0,-1.1750000000000007,-5.0,5.5,0.55,1.5,0.65,2.5,0.35,0.0,12.0,5.0,1.0,0.8,0.0,1.4,0.45,0.35,0.2,0.35,0.15,0.05,7.0,5.4,audit_penalty_heatmap
audit_penalty,Audit/penalty,none,5.4,-5.0,-3.1249999999999996,0.15374999999999972,5.4,11.0,-1.1100000000000008,-5.0,5.5,0.55,1.5,0.65,3.0,0.35,0.0,12.0,5.0,1.0,0.8,0.0,1.4,0.45,0.35,0.2,0.35,0.15,0.05,7.0,5.4,audit_penalty_heatmap
audit_penalty,Audit/penalty,none,5.4,-5.0,-3.1249999999999996,-0.17125,5.4,11.0,-1.0450000000000006,-5.0,5.5,0.55,1.5,0.65,3.5,0.35,0.0,12.0,5.0,1.0,0.8,0.0,1.4,0.45,0.35,0.2,0.35,0.15,0.05,7.0,5.4,audit_penalty_heatmap
audit_penalty,Audit/penalty,none,5.4,-5.0,-3.1249999999999996,-0.4962500000000002,5.4,11.0,-0.9800000000000006,-5.0,5.5,0.55,1.5,0.65,4.0,0.35,0.0,12.0,5.0,1.0,0.8,0.0,1.4,0.45,0.35,0.2,0.35,0.15,0.05,7.0,5.4,audit_penalty_heatmap
audit_penalty,Audit/penalty,none,5.4,-5.0,-3.1249999999999996,-0.8212500000000004,5.4,11.0,-0.9150000000000007,-5.0,5.5,0.55,1.5,0.65,4.5,0.35,0.0,12.0,5.0,1.0,0.8,0.0,1.4,0.45,0.35,0.2,0.35,0.15,0.05,7.0,5.4,audit_penalty_heatmap
audit_penalty,Audit/penalty,none,5.4,-5.0,-3.1249999999999996,-1.1462500000000002,5.4,11.0,-0.8500000000000006,-5.0,5.5,0.55,1.5,0.65,5.0,0.35,0.0,12.0,5.0,1.0,0.8,0.0,1.4,0.45,0.35,0.2,0.35,0.15,0.05,7.0,5.4,audit_penalty_heatmap
audit_penalty,Audit/penalty,none,5.4,-5.0,-3.1249999999999996,-1.4712500000000004,5.4,11.0,-0.7850000000000006,-5.0,5.5,0.55,1.5,0.65,5.5,0.35,0.0,12.0,5.0,1.0,0.8,0.0,1.4,0.45,0.35,0.2,0.35,0.15,0.05,7.0,5.4,audit_penalty_heatmap
audit_penalty,Audit/penalty,none,5.4,-5.0,-3.1249999999999996,-1.7962500000000006,5.4,11.0,-0.7200000000000006,-5.0,5.5,0.55,1.5,0.65,6.0,0.35,0.0,12.0,5.0,1.0,0.8,0.0,1.4,0.45,0.35,0.2,0.35,0.15,0.05,7.0,5.4,audit_penalty_heatmap
audit_penalty,Audit/penalty,none,5.4,-5.0,-3.1249999999999996,-2.1212500000000007,5.4,11.0,-0.6550000000000007,-5.0,5.5,0.55,1.5,0.65,6.5,0.35,0.0,12.0,5.0,1.0,0.8,0.0,1.4,0.45,0.35,0.2,0.35,0.15,0.05,7.0,5.4,audit_penalty_heatmap
audit_penalty,Audit/penalty,none,5.4,-5.0,-3.1249999999999996,-2.44625,5.4,11.0,-0.5900000000000006,-5.0,5.5,0.55,1.5,0.65,7.0,0.35,0.0,12.0,5.0,1.0,0.8,0.0,1.4,0.45,0.35,0.2,0.35,0.15,0.05,7.0,5.4,audit_penalty_heatmap
audit_penalty,Audit/penalty,none,5.4,-5.0,-3.1249999999999996,-2.77125,5.4,11.0,-0.5250000000000006,-5.0,5.5,0.55,1.5,0.65,7.5,0.35,0.0,12.0,5.0,1.0,0.8,0.0,1.4,0.45,0.35,0.2,0.35,0.15,0.05,7.0,5.4,audit_penalty_heatmap
audit_penalty,Audit/penalty,none,5.4,-5.0,-3.1249999999999996,-3.0962500000000004,5.4,11.0,-0.46000000000000063,-5.0,5.5,0.55,1.5,0.65,8.0,0.35,0.0,12.0,5.0,1.0,0.8,0.0,1.4,0.45,0.35,0.2,0.35,0.15,0.05,7.0,5.4,audit_penalty_heatmap
audit_penalty,Audit/penalty,none,5.4,-5.0,-3.1249999999999996,-3.4212500000000006,5.4,11.0,-0.3950000000000007,-5.0,5.5,0.55,1.5,0.65,8.5,0.35,0.0,12.0,5.0,1.0,0.8,0.0,1.4,0.45,0.35,0.2,0.35,0.15,0.05,7.0,5.4,audit_penalty_heatmap
audit_penalty,Audit/penalty,none,5.4,-5.0,-3.1249999999999996,-3.7462500000000007,5.4,11.0,-0.33000000000000074,-5.0,5.5,0.55,1.5,0.65,9.0,0.35,0.0,12.0,5.0,1.0,0.8,0.0,1.4,0.45,0.35,0.2,0.35,0.15,0.05,7.0,5.4,audit_penalty_heatmap
audit_penalty,Audit/penalty,none,5.4,-5.0,-3.1249999999999996,-4.07125,5.4,11.0,-0.26500000000000057,-5.0,5.5,0.55,1.5,0.65,9.5,0.35,0.0,12.0,5.0,1.0,0.8,0.0,1.4,0.45,0.35,0.2,0.35,0.15,0.05,7.0,5.4,audit_penalty_heatmap
audit_penalty,Audit/penalty,none,5.4,-5.0,-3.1249999999999996,-4.39625,5.4,11.0,-0.20000000000000062,-5.0,5.5,0.55,1.5,0.65,10.0,0.35,0.0,12.0,5.0,1.0,0.8,0.0,1.4,0.45,0.35,0.2,0.35,0.15,0.05,7.0,5.4,audit_penalty_heatmap
audit_penalty,Audit/penalty,none,5.4,-5.0,-3.1249999999999996,2.10375,5.4,10.950000000000001,-1.5500000000000007,-5.0,5.5,0.55,1.5,0.7,0.0,0.35,0.0,12.0,5.0,1.0,0.8,0.0,1.4,0.45,0.35,0.2,0.35,0.15,0.05,7.0,5.4,audit_penalty_heatmap
audit_penalty,Audit/penalty,none,5.4,-5.0,-3.1249999999999996,1.7537499999999997,5.4,10.950000000000001,-1.4800000000000006,-5.0,5.5,0.55,1.5,0.7,0.5,0.35,0.0,12.0,5.0,1.0,0.8,0.0,1.4,0.45,0.35,0.2,0.35,0.15,0.05,7.0,5.4,audit_penalty_heatmap
audit_penalty,Audit/penalty,none,5.4,-5.0,-3.1249999999999996,1.40375,5.4,10.950000000000001,-1.4100000000000008,-5.0,5.5,0.55,1.5,0.7,1.0,0.35,0.0,12.0,5.0,1.0,0.8,0.0,1.4,0.45,0.35,0.2,0.35,0.15,0.05,7.0,5.4,audit_penalty_heatmap
audit_penalty,Audit/penalty,none,5.4,-5.0,-3.1249999999999996,1.05375,5.4,10.950000000000001,-1.3400000000000007,-5.0,5.5,0.55,1.5,0.7,1.5,0.35,0.0,12.0,5.0,1.0,0.8,0.0,1.4,0.45,0.35,0.2,0.35,0.15,0.05,7.0,5.4,audit_penalty_heatmap
audit_penalty,Audit/penalty,none,5.4,-5.0,-3.1249999999999996,0.70375,5.4,10.950000000000001,-1.2700000000000007,-5.0,5.5,0.55,1.5,0.7,2.0,0.35,0.0,12.0,5.0,1.0,0.8,0.0,1.4,0.45,0.35,0.2,0.35,0.15,0.05,7.0,5.4,audit_penalty_heatmap
audit_penalty,Audit/penalty,none,5.4,-5.0,-3.1249999999999996,0.3537499999999999,5.4,10.950000000000001,-1.2000000000000006,-5.0,5.5,0.55,1.5,0.7,2.5,0.35,0.0,12.0,5.0,1.0,0.8,0.0,1.4,0.45,0.35,0.2,0.35,0.15,0.05,7.0,5.4,audit_penalty_heatmap
audit_penalty,Audit/penalty,none,5.4,-5.0,-3.1249999999999996,0.003750000000000253,5.4,10.950000000000001,-1.1300000000000008,-5.0,5.5,0.55,1.5,0.7,3.0,0.35,0.0,12.0,5.0,1.0,0.8,0.0,1.4,0.45,0.35,0.2,0.35,0.15,0.05,7.0,5.4,audit_penalty_heatmap
audit_penalty,Audit/penalty,none,5.4,-5.0,-3.1249999999999996,-0.34624999999999984,5.4,10.950000000000001,-1.0600000000000007,-5.0,5.5,0.55,1.5,0.7,3.5,0.35,0.0,12.0,5.0,1.0,0.8,0.0,1.4,0.45,0.35,0.2,0.35,0.15,0.05,7.0,5.4,audit_penalty_heatmap
audit_penalty,Audit/penalty,none,5.4,-5.0,-3.1249999999999996,-0.6962499999999999,5.4,10.950000000000001,-0.9900000000000008,-5.0,5.5,0.55,1.5,0.7,4.0,0.35,0.0,12.0,5.0,1.0,0.8,0.0,1.4,0.45,0.35,0.2,0.35,0.15,0.05,7.0,5.4,audit_penalty_heatmap
audit_penalty,Audit/penalty,none,5.4,-5.0,-3.1249999999999996,-1.0462500000000001,5.4,10.950000000000001,-0.9200000000000008,-5.0,5.5,0.55,1.5,0.7,4.5,0.35,0.0,12.0,5.0,1.0,0.8,0.0,1.4,0.45,0.35,0.2,0.35,0.15,0.05,7.0,5.4,audit_penalty_heatmap
audit_penalty,Audit/penalty,none,5.4,-5.0,-3.1249999999999996,-1.3962500000000002,5.4,10.950000000000001,-0.8500000000000008,-5.0,5.5,0.55,1.5,0.7,5.0,0.35,0.0,12.0,5.0,1.0,0.8,0.0,1.4,0.45,0.35,0.2,0.35,0.15,0.05,7.0,5.4,audit_penalty_heatmap
audit_penalty,Audit/penalty,none,5.4,-5.0,-3.1249999999999996,-1.7462499999999999,5.4,10.950000000000001,-0.7800000000000008,-5.0,5.5,0.55,1.5,0.7,5.5,0.35,0.0,12.0,5.0,1.0,0.8,0.0,1.4,0.45,0.35,0.2,0.35,0.15,0.05,7.0,5.4,audit_penalty_heatmap
audit_penalty,Audit/penalty,none,5.4,-5.0,-3.1249999999999996,-2.0962499999999995,5.4,10.950000000000001,-0.7100000000000009,-5.0,5.5,0.55,1.5,0.7,6.0,0.35,0.0,12.0,5.0,1.0,0.8,0.0,1.4,0.45,0.35,0.2,0.35,0.15,0.05,7.0,5.4,audit_penalty_heatmap
audit_penalty,Audit/penalty,none,5.4,-5.0,-3.1249999999999996,-2.44625,5.4,10.950000000000001,-0.6400000000000008,-5.0,5.5,0.55,1.5,0.7,6.5,0.35,0.0,12.0,5.0,1.0,0.8,0.0,1.4,0.45,0.35,0.2,0.35,0.15,0.05,7.0,5.4,audit_penalty_heatmap
audit_penalty,Audit/penalty,none,5.4,-5.0,-3.1249999999999996,-2.7962499999999997,5.4,10.950000000000001,-0.5700000000000008,-5.0,5.5,0.55,1.5,0.7,7.0,0.35,0.0,12.0,5.0,1.0,0.8,0.0,1.4,0.45,0.35,0.2,0.35,0.15,0.05,7.0,5.4,audit_penalty_heatmap
audit_penalty,Audit/penalty,none,5.4,-5.0,-3.1249999999999996,-3.14625,5.4,10.950000000000001,-0.5000000000000009,-5.0,5.5,0.55,1.5,0.7,7.5,0.35,0.0,12.0,5.0,1.0,0.8,0.0,1.4,0.45,0.35,0.2,0.35,0.15,0.05,7.0,5.4,audit_penalty_heatmap
audit_penalty,Audit/penalty,none,5.4,-5.0,-3.1249999999999996,-3.49625,5.4,10.950000000000001,-0.4300000000000008,-5.0,5.5,0.55,1.5,0.7,8.0,0.35,0.0,12.0,5.0,1.0,0.8,0.0,1.4,0.45,0.35,0.2,0.35,0.15,0.05,7.0,5.4,audit_penalty_heatmap
audit_penalty,Audit/penalty,none,5.4,-5.0,-3.1249999999999996,-3.8462499999999995,5.4,10.950000000000001,-0.36000000000000076,-5.0,5.5,0.55,1.5,0.7,8.5,0.35,0.0,12.0,5.0,1.0,0.8,0.0,1.4,0.45,0.35,0.2,0.35,0.15,0.05,7.0,5.4,audit_penalty_heatmap
audit_penalty,Audit/penalty,none,5.4,-5.0,-3.1249999999999996,-4.19625,5.4,10.950000000000001,-0.2900000000000009,-5.0,5.5,0.55,1.5,0.7,9.0,0.35,0.0,12.0,5.0,1.0,0.8,0.0,1.4,0.45,0.35,0.2,0.35,0.15,0.05,7.0,5.4,audit_penalty_heatmap
audit_penalty,Audit/penalty,none,5.4,-5.0,-3.1249999999999996,-4.54625,5.4,10.950000000000001,-0.22000000000000086,-5.0,5.5,0.55,1.5,0.7,9.5,0.35,0.0,12.0,5.0,1.0,0.8,0.0,1.4,0.45,0.35,0.2,0.35,0.15,0.05,7.0,5.4,audit_penalty_heatmap
audit_penalty,Audit/penalty,none,5.4,-5.0,-3.1249999999999996,-4.89625,5.4,10.950000000000001,-0.1500000000000008,-5.0,5.5,0.55,1.5,0.7,10.0,0.35,0.0,12.0,5.0,1.0,0.8,0.0,1.4,0.45,0.35,0.2,0.35,0.15,0.05,7.0,5.4,audit_penalty_heatmap
audit_penalty,Audit/penalty,none,5.4,-5.0,-3.1249999999999996,2.10375,5.4,10.9,-1.6000000000000008,-5.0,5.5,0.55,1.5,0.75,0.0,0.35,0.0,12.0,5.0,1.0,0.8,0.0,1.4,0.45,0.35,0.2,0.35,0.15,0.05,7.0,5.4,audit_penalty_heatmap
audit_penalty,Audit/penalty,none,5.4,-5.0,-3.1249999999999996,1.7287499999999998,5.4,10.9,-1.5250000000000008,-5.0,5.5,0.55,1.5,0.75,0.5,0.35,0.0,12.0,5.0,1.0,0.8,0.0,1.4,0.45,0.35,0.2,0.35,0.15,0.05,7.0,5.4,audit_penalty_heatmap
audit_penalty,Audit/penalty,none,5.4,-5.0,-3.1249999999999996,1.3537499999999998,5.4,10.9,-1.4500000000000006,-5.0,5.5,0.55,1.5,0.75,1.0,0.35,0.0,12.0,5.0,1.0,0.8,0.0,1.4,0.45,0.35,0.2,0.35,0.15,0.05,7.0,5.4,audit_penalty_heatmap
audit_penalty,Audit/penalty,none,5.4,-5.0,-3.1249999999999996,0.9787499999999999,5.4,10.9,-1.3750000000000007,-5.0,5.5,0.55,1.5,0.75,1.5,0.35,0.0,12.0,5.0,1.0,0.8,0.0,1.4,0.45,0.35,0.2,0.35,0.15,0.05,7.0,5.4,audit_penalty_heatmap
audit_penalty,Audit/penalty,none,5.4,-5.0,-3.1249999999999996,0.6037499999999999,5.4,10.9,-1.3000000000000007,-5.0,5.5,0.55,1.5,0.75,2.0,0.35,0.0,12.0,5.0,1.0,0.8,0.0,1.4,0.45,0.35,0.2,0.35,0.15,0.05,7.0,5.4,audit_penalty_heatmap
audit_penalty,Audit/penalty,none,5.4,-5.0,-3.1249999999999996,0.2287499999999999,5.4,10.9,-1.2250000000000008,-5.0,5.5,0.55,1.5,0.75,2.5,0.35,0.0,12.0,5.0,1.0,0.8,0.0,1.4,0.45,0.35,0.2,0.35,0.15,0.05,7.0,5.4,audit_penalty_heatmap
audit_penalty,Audit/penalty,none,5.4,-5.0,-3.1249999999999996,-0.1462500000000001,5.4,10.9,-1.1500000000000008,-5.0,5.5,0.55,1.5,0.75,3.0,0.35,0.0,12.0,5.0,1.0,0.8,0.0,1.4,0.45,0.35,0.2,0.35,0.15,0.05,7.0,5.4,audit_penalty_heatmap
audit_penalty,Audit/penalty,none,5.4,-5.0,-3.1249999999999996,-0.5212500000000001,5.4,10.9,-1.0750000000000006,-5.0,5.5,0.55,1.5,0.75,3.5,0.35,0.0,12.0,5.0,1.0,0.8,0.0,1.4,0.45,0.35,0.2,0.35,0.15,0.05,7.0,5.4,audit_penalty_heatmap
audit_penalty,Audit/penalty,none,5.4,-5.0,-3.1249999999999996,-0.8962500000000001,5.4,10.9,-1.0000000000000007,-5.0,5.5,0.55,1.5,0.75,4.0,0.35,0.0,12.0,5.0,1.0,0.8,0.0,1.4,0.45,0.35,0.2,0.35,0.15,0.05,7.0,5.4,audit_penalty_heatmap
audit_penalty,Audit/penalty,none,5.4,-5.0,-3.1249999999999996,-1.2712500000000002,5.4,10.9,-0.9250000000000007,-5.0,5.5,0.55,1.5,0.75,4.5,0.35,0.0,12.0,5.0,1.0,0.8,0.0,1.4,0.45,0.35,0.2,0.35,0.15,0.05,7.0,5.4,audit_penalty_heatmap
audit_penalty,Audit/penalty,none,5.4,-5.0,-3.1249999999999996,-1.6462500000000002,5.4,10.9,-0.8500000000000006,-5.0,5.5,0.55,1.5,0.75,5.0,0.35,0.0,12.0,5.0,1.0,0.8,0.0,1.4,0.45,0.35,0.2,0.35,0.15,0.05,7.0,5.4,audit_penalty_heatmap
audit_penalty,Audit/penalty,none,5.4,-5.0,-3.1249999999999996,-2.02125,5.4,10.9,-0.7750000000000006,-5.0,5.5,0.55,1.5,0.75,5.5,0.35,0.0,12.0,5.0,1.0,0.8,0.0,1.4,0.45,0.35,0.2,0.35,0.15,0.05,7.0,5.4,audit_penalty_heatmap
audit_penalty,Audit/penalty,none,5.4,-5.0,-3.1249999999999996,-2.39625,5.4,10.9,-0.7000000000000006,-5.0,5.5,0.55,1.5,0.75,6.0,0.35,0.0,12.0,5.0,1.0,0.8,0.0,1.4,0.45,0.35,0.2,0.35,0.15,0.05,7.0,5.4,audit_penalty_heatmap
audit_penalty,Audit/penalty,none,5.4,-5.0,-3.1249999999999996,-2.77125,5.4,10.9,-0.6250000000000007,-5.0,5.5,0.55,1.5,0.75,6.5,0.35,0.0,12.0,5.0,1.0,0.8,0.0,1.4,0.45,0.35,0.2,0.35,0.15,0.05,7.0,5.4,audit_penalty_heatmap
audit_penalty,Audit/penalty,none,5.4,-5.0,-3.1249999999999996,-3.14625,5.4,10.9,-0.5500000000000005,-5.0,5.5,0.55,1.5,0.75,7.0,0.35,0.0,12.0,5.0,1.0,0.8,0.0,1.4,0.45,0.35,0.2,0.35,0.15,0.05,7.0,5.4,audit_penalty_heatmap
audit_penalty,Audit/penalty,none,5.4,-5.0,-3.1249999999999996,-3.52125,5.4,10.9,-0.47500000000000053,-5.0,5.5,0.55,1.5,0.75,7.5,0.35,0.0,12.0,5.0,1.0,0.8,0.0,1.4,0.45,0.35,0.2,0.35,0.15,0.05,7.0,5.4,audit_penalty_heatmap
audit_penalty,Audit/penalty,none,5.4,-5.0,-3.1249999999999996,-3.89625,5.4,10.9,-0.4000000000000006,-5.0,5.5,0.55,1.5,0.75,8.0,0.35,0.0,12.0,5.0,1.0,0.8,0.0,1.4,0.45,0.35,0.2,0.35,0.15,0.05,7.0,5.4,audit_penalty_heatmap
audit_penalty,Audit/penalty,none,5.4,-5.0,-3.1249999999999996,-4.27125,5.4,10.9,-0.3250000000000006,-5.0,5.5,0.55,1.5,0.75,8.5,0.35,0.0,12.0,5.0,1.0,0.8,0.0,1.4,0.45,0.35,0.2,0.35,0.15,0.05,7.0,5.4,audit_penalty_heatmap
audit_penalty,Audit/penalty,none,5.4,-5.0,-3.1249999999999996,-4.64625,5.4,10.9,-0.25000000000000067,-5.0,5.5,0.55,1.5,0.75,9.0,0.35,0.0,12.0,5.0,1.0,0.8,0.0,1.4,0.45,0.35,0.2,0.35,0.15,0.05,7.0,5.4,audit_penalty_heatmap
audit_penalty,Audit/penalty,none,5.4,-5.0,-3.1249999999999996,-5.02125,5.4,10.9,-0.1750000000000005,-5.0,5.5,0.55,1.5,0.75,9.5,0.35,0.0,12.0,5.0,1.0,0.8,0.0,1.4,0.45,0.35,0.2,0.35,0.15,0.05,7.0,5.4,audit_penalty_heatmap
audit_penalty,Audit/penalty,none,5.4,-5.0,-3.1249999999999996,-5.39625,5.4,10.9,-0.10000000000000053,-5.0,5.5,0.55,1.5,0.75,10.0,0.35,0.0,12.0,5.0,1.0,0.8,0.0,1.4,0.45,0.35,0.2,0.35,0.15,0.05,7.0,5.4,audit_penalty_heatmap
audit_penalty,Audit/penalty,none,5.4,-5.0,-3.1249999999999996,2.10375,5.4,10.85,-1.6500000000000008,-5.0,5.5,0.55,1.5,0.8,0.0,0.35,0.0,12.0,5.0,1.0,0.8,0.0,1.4,0.45,0.35,0.2,0.35,0.15,0.05,7.0,5.4,audit_penalty_heatmap
audit_penalty,Audit/penalty,none,5.4,-5.0,-3.1249999999999996,1.7037499999999999,5.4,10.85,-1.5700000000000007,-5.0,5.5,0.55,1.5,0.8,0.5,0.35,0.0,12.0,5.0,1.0,0.8,0.0,1.4,0.45,0.35,0.2,0.35,0.15,0.05,7.0,5.4,audit_penalty_heatmap
audit_penalty,Audit/penalty,none,5.4,-5.0,-3.1249999999999996,1.30375,5.4,10.85,-1.4900000000000007,-5.0,5.5,0.55,1.5,0.8,1.0,0.35,0.0,12.0,5.0,1.0,0.8,0.0,1.4,0.45,0.35,0.2,0.35,0.15,0.05,7.0,5.4,audit_penalty_heatmap
audit_penalty,Audit/penalty,none,5.4,-5.0,-3.1249999999999996,0.9037499999999997,5.4,10.85,-1.4100000000000008,-5.0,5.5,0.55,1.5,0.8,1.5,0.35,0.0,12.0,5.0,1.0,0.8,0.0,1.4,0.45,0.35,0.2,0.35,0.15,0.05,7.0,5.4,audit_penalty_heatmap
audit_penalty,Audit/penalty,none,5.4,-5.0,-3.1249999999999996,0.5037499999999998,5.4,10.85,-1.3300000000000007,-5.0,5.5,0.55,1.5,0.8,2.0,0.35,0.0,12.0,5.0,1.0,0.8,0.0,1.4,0.45,0.35,0.2,0.35,0.15,0.05,7.0,5.4,audit_penalty_heatmap
audit_penalty,Audit/penalty,none,5.4,-5.0,-3.1249999999999996,0.1037499999999999,5.4,10.85,-1.2500000000000007,-5.0,5.5,0.55,1.5,0.8,2.5,0.35,0.0,12.0,5.0,1.0,0.8,0.0,1.4,0.45,0.35,0.2,0.35,0.15,0.05,7.0,5.4,audit_penalty_heatmap
audit_penalty,Audit/penalty,none,5.4,-5.0,-3.1249999999999996,-0.29625000000000046,5.4,10.85,-1.1700000000000008,-5.0,5.5,0.55,1.5,0.8,3.0,0.35,0.0,12.0,5.0,1.0,0.8,0.0,1.4,0.45,0.35,0.2,0.35,0.15,0.05,7.0,5.4,audit_penalty_heatmap
audit_penalty,Audit/penalty,none,5.4,-5.0,-3.1249999999999996,-0.6962500000000004,5.4,10.85,-1.0900000000000007,-5.0,5.5,0.55,1.5,0.8,3.5,0.35,0.0,12.0,5.0,1.0,0.8,0.0,1.4,0.45,0.35,0.2,0.35,0.15,0.05,7.0,5.4,audit_penalty_heatmap
audit_penalty,Audit/penalty,none,5.4,-5.0,-3.1249999999999996,-1.0962500000000004,5.4,10.85,-1.0100000000000007,-5.0,5.5,0.55,1.5,0.8,4.0,0.35,0.0,12.0,5.0,1.0,0.8,0.0,1.4,0.45,0.35,0.2,0.35,0.15,0.05,7.0,5.4,audit_penalty_heatmap
audit_penalty,Audit/penalty,none,5.4,-5.0,-3.1249999999999996,-1.4962500000000003,5.4,10.85,-0.9300000000000006,-5.0,5.5,0.55,1.5,0.8,4.5,0.35,0.0,12.0,5.0,1.0,0.8,0.0,1.4,0.45,0.35,0.2,0.35,0.15,0.05,7.0,5.4,audit_penalty_heatmap
audit_penalty,Audit/penalty,none,5.4,-5.0,-3.1249999999999996,-1.8962500000000002,5.4,10.85,-0.8500000000000006,-5.0,5.5,0.55,1.5,0.8,5.0,0.35,0.0,12.0,5.0,1.0,0.8,0.0,1.4,0.45,0.35,0.2,0.35,0.15,0.05,7.0,5.4,audit_penalty_heatmap
audit_penalty,Audit/penalty,none,5.4,-5.0,-3.1249999999999996,-2.2962500000000006,5.4,10.85,-0.7700000000000007,-5.0,5.5,0.55,1.5,0.8,5.5,0.35,0.0,12.0,5.0,1.0,0.8,0.0,1.4,0.45,0.35,0.2,0.35,0.15,0.05,7.0,5.4,audit_penalty_heatmap
audit_penalty,Audit/penalty,none,5.4,-5.0,-3.1249999999999996,-2.696250000000001,5.4,10.85,-0.6900000000000006,-5.0,5.5,0.55,1.5,0.8,6.0,0.35,0.0,12.0,5.0,1.0,0.8,0.0,1.4,0.45,0.35,0.2,0.35,0.15,0.05,7.0,5.4,audit_penalty_heatmap
audit_penalty,Audit/penalty,none,5.4,-5.0,-3.1249999999999996,-3.0962500000000004,5.4,10.85,-0.6100000000000005,-5.0,5.5,0.55,1.5,0.8,6.5,0.35,0.0,12.0,5.0,1.0,0.8,0.0,1.4,0.45,0.35,0.2,0.35,0.15,0.05,7.0,5.4,audit_penalty_heatmap
audit_penalty,Audit/penalty,none,5.4,-5.0,-3.1249999999999996,-3.4962500000000007,5.4,10.85,-0.5300000000000007,-5.0,5.5,0.55,1.5,0.8,7.0,0.35,0.0,12.0,5.0,1.0,0.8,0.0,1.4,0.45,0.35,0.2,0.35,0.15,0.05,7.0,5.4,audit_penalty_heatmap
audit_penalty,Audit/penalty,none,5.4,-5.0,-3.1249999999999996,-3.89625,5.4,10.85,-0.4500000000000006,-5.0,5.5,0.55,1.5,0.8,7.5,0.35,0.0,12.0,5.0,1.0,0.8,0.0,1.4,0.45,0.35,0.2,0.35,0.15,0.05,7.0,5.4,audit_penalty_heatmap
audit_penalty,Audit/penalty,none,5.4,-5.0,-3.1249999999999996,-4.296250000000001,5.4,10.85,-0.37000000000000055,-5.0,5.5,0.55,1.5,0.8,8.0,0.35,0.0,12.0,5.0,1.0,0.8,0.0,1.4,0.45,0.35,0.2,0.35,0.15,0.05,7.0,5.4,audit_penalty_heatmap
audit_penalty,Audit/penalty,none,5.4,-5.0,-3.1249999999999996,-4.696250000000001,5.4,10.85,-0.2900000000000005,-5.0,5.5,0.55,1.5,0.8,8.5,0.35,0.0,12.0,5.0,1.0,0.8,0.0,1.4,0.45,0.35,0.2,0.35,0.15,0.05,7.0,5.4,audit_penalty_heatmap
audit_penalty,Audit/penalty,none,5.4,-5.0,-3.1249999999999996,-5.09625,5.4,10.85,-0.2100000000000004,-5.0,5.5,0.55,1.5,0.8,9.0,0.35,0.0,12.0,5.0,1.0,0.8,0.0,1.4,0.45,0.35,0.2,0.35,0.15,0.05,7.0,5.4,audit_penalty_heatmap
audit_penalty,Audit/penalty,none,5.4,-5.0,-3.1249999999999996,-5.496250000000001,5.4,10.85,-0.13000000000000056,-5.0,5.5,0.55,1.5,0.8,9.5,0.35,0.0,12.0,5.0,1.0,0.8,0.0,1.4,0.45,0.35,0.2,0.35,0.15,0.05,7.0,5.4,audit_penalty_heatmap
audit_penalty,Audit/penalty,none,5.4,-5.0,-3.1249999999999996,-5.89625,5.4,10.85,-0.05000000000000049,-5.0,5.5,0.55,1.5,0.8,10.0,0.35,0.0,12.0,5.0,1.0,0.8,0.0,1.4,0.45,0.35,0.2,0.35,0.15,0.05,7.0,5.4,audit_penalty_heatmap
audit_penalty,Audit/penalty,none,5.4,-5.0,-3.1249999999999996,2.10375,5.4,10.8,-1.7000000000000008,-5.0,5.5,0.55,1.5,0.85,0.0,0.35,0.0,12.0,5.0,1.0,0.8,0.0,1.4,0.45,0.35,0.2,0.35,0.15,0.05,7.0,5.4,audit_penalty_heatmap
audit_penalty,Audit/penalty,none,5.4,-5.0,-3.1249999999999996,1.67875,5.4,10.8,-1.6150000000000009,-5.0,5.5,0.55,1.5,0.85,0.5,0.35,0.0,12.0,5.0,1.0,0.8,0.0,1.4,0.45,0.35,0.2,0.35,0.15,0.05,7.0,5.4,audit_penalty_heatmap
audit_penalty,Audit/penalty,none,5.4,-5.0,-3.1249999999999996,1.2537499999999997,5.4,10.8,-1.530000000000001,-5.0,5.5,0.55,1.5,0.85,1.0,0.35,0.0,12.0,5.0,1.0,0.8,0.0,1.4,0.45,0.35,0.2,0.35,0.15,0.05,7.0,5.4,audit_penalty_heatmap
audit_penalty,Audit/penalty,none,5.4,-5.0,-3.1249999999999996,0.82875,5.4,10.8,-1.4450000000000007,-5.0,5.5,0.55,1.5,0.85,1.5,0.35,0.0,12.0,5.0,1.0,0.8,0.0,1.4,0.45,0.35,0.2,0.35,0.15,0.05,7.0,5.4,audit_penalty_heatmap
audit_penalty,Audit/penalty,none,5.4,-5.0,-3.1249999999999996,0.40374999999999994,5.4,10.8,-1.3600000000000008,-5.0,5.5,0.55,1.5,0.85,2.0,0.35,0.0,12.0,5.0,1.0,0.8,0.0,1.4,0.45,0.35,0.2,0.35,0.15,0.05,7.0,5.4,audit_penalty_heatmap
audit_penalty,Audit/penalty,none,5.4,-5.0,-3.1249999999999996,-0.021250000000000102,5.4,10.8,-1.2750000000000008,-5.0,5.5,0.55,1.5,0.85,2.5,0.35,0.0,12.0,5.0,1.0,0.8,0.0,1.4,0.45,0.35,0.2,0.35,0.15,0.05,7.0,5.4,audit_penalty_heatmap
audit_penalty,Audit/penalty,none,5.4,-5.0,-3.1249999999999996,-0.4462499999999999,5.4,10.8,-1.1900000000000008,-5.0,5.5,0.55,1.5,0.85,3.0,0.35,0.0,12.0,5.0,1.0,0.8,0.0,1.4,0.45,0.35,0.2,0.35,0.15,0.05,7.0,5.4,audit_penalty_heatmap
audit_penalty,Audit/penalty,none,5.4,-5.0,-3.1249999999999996,-0.8712500000000002,5.4,10.8,-1.1050000000000009,-5.0,5.5,0.55,1.5,0.85,3.5,0.35,0.0,12.0,5.0,1.0,0.8,0.0,1.4,0.45,0.35,0.2,0.35,0.15,0.05,7.0,5.4,audit_penalty_heatmap
audit_penalty,Audit/penalty,none,5.4,-5.0,-3.1249999999999996,-1.2962500000000001,5.4,10.8,-1.020000000000001,-5.0,5.5,0.55,1.5,0.85,4.0,0.35,0.0,12.0,5.0,1.0,0.8,0.0,1.4,0.45,0.35,0.2,0.35,0.15,0.05,7.0,5.4,audit_penalty_heatmap
audit_penalty,Audit/penalty,none,5.4,-5.0,-3.1249999999999996,-1.72125,5.4,10.8,-0.9350000000000008,-5.0,5.5,0.55,1.5,0.85,4.5,0.35,0.0,12.0,5.0,1.0,0.8,0.0,1.4,0.45,0.35,0.2,0.35,0.15,0.05,7.0,5.4,audit_penalty_heatmap
audit_penalty,Audit/penalty,none,5.4,-5.0,-3.1249999999999996,-2.14625,5.4,10.8,-0.8500000000000008,-5.0,5.5,0.55,1.5,0.85,5.0,0.35,0.0,12.0,5.0,1.0,0.8,0.0,1.4,0.45,0.35,0.2,0.35,0.15,0.05,7.0,5.4,audit_penalty_heatmap
audit_penalty,Audit/penalty,none,5.4,-5.0,-3.1249999999999996,-2.57125,5.4,10.8,-0.7650000000000008,-5.0,5.5,0.55,1.5,0.85,5.5,0.35,0.0,12.0,5.0,1.0,0.8,0.0,1.4,0.45,0.35,0.2,0.35,0.15,0.05,7.0,5.4,audit_penalty_heatmap
audit_penalty,Audit/penalty,none,5.4,-5.0,-3.1249999999999996,-2.99625,5.4,10.8,-0.6800000000000008,-5.0,5.5,0.55,1.5,0.85,6.0,0.35,0.0,12.0,5.0,1.0,0.8,0.0,1.4,0.45,0.35,0.2,0.35,0.15,0.05,7.0,5.4,audit_penalty_heatmap
audit_penalty,Audit/penalty,none,5.4,-5.0,-3.1249999999999996,-3.4212499999999997,5.4,10.8,-0.5950000000000009,-5.0,5.5,0.55,1.5,0.85,6.5,0.35,0.0,12.0,5.0,1.0,0.8,0.0,1.4,0.45,0.35,0.2,0.35,0.15,0.05,7.0,5.4,audit_penalty_heatmap
audit_penalty,Audit/penalty,none,5.4,-5.0,-3.1249999999999996,-3.8462500000000004,5.4,10.8,-0.5100000000000007,-5.0,5.5,0.55,1.5,0.85,7.0,0.35,0.0,12.0,5.0,1.0,0.8,0.0,1.4,0.45,0.35,0.2,0.35,0.15,0.05,7.0,5.4,audit_penalty_heatmap
audit_penalty,Audit/penalty,none,5.4,-5.0,-3.1249999999999996,-4.27125,5.4,10.8,-0.4250000000000007,-5.0,5.5,0.55,1.5,0.85,7.5,0.35,0.0,12.0,5.0,1.0,0.8,0.0,1.4,0.45,0.35,0.2,0.35,0.15,0.05,7.0,5.4,audit_penalty_heatmap
audit_penalty,Audit/penalty,none,5.4,-5.0,-3.1249999999999996,-4.69625,5.4,10.8,-0.34000000000000075,-5.0,5.5,0.55,1.5,0.85,8.0,0.35,0.0,12.0,5.0,1.0,0.8,0.0,1.4,0.45,0.35,0.2,0.35,0.15,0.05,7.0,5.4,audit_penalty_heatmap
audit_penalty,Audit/penalty,none,5.4,-5.0,-3.1249999999999996,-5.12125,5.4,10.8,-0.2550000000000008,-5.0,5.5,0.55,1.5,0.85,8.5,0.35,0.0,12.0,5.0,1.0,0.8,0.0,1.4,0.45,0.35,0.2,0.35,0.15,0.05,7.0,5.4,audit_penalty_heatmap
audit_penalty,Audit/penalty,none,5.4,-5.0,-3.1249999999999996,-5.54625,5.4,10.8,-0.17000000000000082,-5.0,5.5,0.55,1.5,0.85,9.0,0.35,0.0,12.0,5.0,1.0,0.8,0.0,1.4,0.45,0.35,0.2,0.35,0.15,0.05,7.0,5.4,audit_penalty_heatmap
audit_penalty,Audit/penalty,none,5.4,-5.0,-3.1249999999999996,-5.9712499999999995,5.4,10.8,-0.08500000000000063,-5.0,5.5,0.55,1.5,0.85,9.5,0.35,0.0,12.0,5.0,1.0,0.8,0.0,1.4,0.45,0.35,0.2,0.35,0.15,0.05,7.0,5.4,audit_penalty_heatmap
audit_penalty,Audit/penalty,none,5.4,-5.0,-3.1249999999999996,-6.39625,5.4,10.8,-6.661338147750939e-16,-5.0,5.5,0.55,1.5,0.85,10.0,0.35,0.0,12.0,5.0,1.0,0.8,0.0,1.4,0.45,0.35,0.2,0.35,0.15,0.05,7.0,5.4,audit_penalty_heatmap
audit_penalty,Audit/penalty,none,5.4,-5.0,-3.1249999999999996,2.10375,5.4,10.75,-1.7500000000000007,-5.0,5.5,0.55,1.5,0.9,0.0,0.35,0.0,12.0,5.0,1.0,0.8,0.0,1.4,0.45,0.35,0.2,0.35,0.15,0.05,7.0,5.4,audit_penalty_heatmap
audit_penalty,Audit/penalty,none,5.4,-5.0,-3.1249999999999996,1.6537499999999996,5.4,10.75,-1.6600000000000006,-5.0,5.5,0.55,1.5,0.9,0.5,0.35,0.0,12.0,5.0,1.0,0.8,0.0,1.4,0.45,0.35,0.2,0.35,0.15,0.05,7.0,5.4,audit_penalty_heatmap
audit_penalty,Audit/penalty,none,5.4,-5.0,-3.1249999999999996,1.2037499999999999,5.4,10.75,-1.5700000000000007,-5.0,5.5,0.55,1.5,0.9,1.0,0.35,0.0,12.0,5.0,1.0,0.8,0.0,1.4,0.45,0.35,0.2,0.35,0.15,0.05,7.0,5.4,audit_penalty_heatmap
audit_penalty,Audit/penalty,none,5.4,-5.0,-3.1249999999999996,0.7537499999999998,5.4,10.75,-1.4800000000000006,-5.0,5.5,0.55,1.5,0.9,1.5,0.35,0.0,12.0,5.0,1.0,0.8,0.0,1.4,0.45,0.35,0.2,0.35,0.15,0.05,7.0,5.4,audit_penalty_heatmap
audit_penalty,Audit/penalty,none,5.4,-5.0,-3.1249999999999996,0.30374999999999985,5.4,10.75,-1.3900000000000006,-5.0,5.5,0.55,1.5,0.9,2.0,0.35,0.0,12.0,5.0,1.0,0.8,0.0,1.4,0.45,0.35,0.2,0.35,0.15,0.05,7.0,5.4,audit_penalty_heatmap
audit_penalty,Audit/penalty,none,5.4,-5.0,-3.1249999999999996,-0.1462500000000001,5.4,10.75,-1.3000000000000007,-5.0,5.5,0.55,1.5,0.9,2.5,0.35,0.0,12.0,5.0,1.0,0.8,0.0,1.4,0.45,0.35,0.2,0.35,0.15,0.05,7.0,5.4,audit_penalty_heatmap
audit_penalty,Audit/penalty,none,5.4,-5.0,-3.1249999999999996,-0.5962500000000003,5.4,10.75,-1.2100000000000006,-5.0,5.5,0.55,1.5,0.9,3.0,0.35,0.0,12.0,5.0,1.0,0.8,0.0,1.4,0.45,0.35,0.2,0.35,0.15,0.05,7.0,5.4,audit_penalty_heatmap
audit_penalty,Audit/penalty,none,5.4,-5.0,-3.1249999999999996,-1.0462500000000001,5.4,10.75,-1.1200000000000006,-5.0,5.5,0.55,1.5,0.9,3.5,0.35,0.0,12.0,5.0,1.0,0.8,0.0,1.4,0.45,0.35,0.2,0.35,0.15,0.05,7.0,5.4,audit_penalty_heatmap
audit_penalty,Audit/penalty,none,5.4,-5.0,-3.1249999999999996,-1.4962500000000003,5.4,10.75,-1.0300000000000007,-5.0,5.5,0.55,1.5,0.9,4.0,0.35,0.0,12.0,5.0,1.0,0.8,0.0,1.4,0.45,0.35,0.2,0.35,0.15,0.05,7.0,5.4,audit_penalty_heatmap
audit_penalty,Audit/penalty,none,5.4,-5.0,-3.1249999999999996,-1.94625,5.4,10.75,-0.9400000000000006,-5.0,5.5,0.55,1.5,0.9,4.5,0.35,0.0,12.0,5.0,1.0,0.8,0.0,1.4,0.45,0.35,0.2,0.35,0.15,0.05,7.0,5.4,audit_penalty_heatmap
audit_penalty,Audit/penalty,none,5.4,-5.0,-3.1249999999999996,-2.39625,5.4,10.75,-0.8500000000000005,-5.0,5.5,0.55,1.5,0.9,5.0,0.35,0.0,12.0,5.0,1.0,0.8,0.0,1.4,0.45,0.35,0.2,0.35,0.15,0.05,7.0,5.4,audit_penalty_heatmap
audit_penalty,Audit/penalty,none,5.4,-5.0,-3.1249999999999996,-2.8462500000000004,5.4,10.75,-0.7600000000000006,-5.0,5.5,0.55,1.5,0.9,5.5,0.35,0.0,12.0,5.0,1.0,0.8,0.0,1.4,0.45,0.35,0.2,0.35,0.15,0.05,7.0,5.4,audit_penalty_heatmap
audit_penalty,Audit/penalty,none,5.4,-5.0,-3.1249999999999996,-3.2962500000000006,5.4,10.75,-0.6700000000000006,-5.0,5.5,0.55,1.5,0.9,6.0,0.35,0.0,12.0,5.0,1.0,0.8,0.0,1.4,0.45,0.35,0.2,0.35,0.15,0.05,7.0,5.4,audit_penalty_heatmap
audit_penalty,Audit/penalty,none,5.4,-5.0,-3.1249999999999996,-3.7462500000000007,5.4,10.75,-0.5800000000000005,-5.0,5.5,0.55,1.5,0.9,6.5,0.35,0.0,12.0,5.0,1.0,0.8,0.0,1.4,0.45,0.35,0.2,0.35,0.15,0.05,7.0,5.4,audit_penalty_heatmap
audit_penalty,Audit/penalty,none,5.4,-5.0,-3.1249999999999996,-4.19625,5.4,10.75,-0.49000000000000044,-5.0,5.5,0.55,1.5,0.9,7.0,0.35,0.0,12.0,5.0,1.0,0.8,0.0,1.4,0.45,0.35,0.2,0.35,0.15,0.05,7.0,5.4,audit_penalty_heatmap
audit_penalty,Audit/penalty,none,5.4,-5.0,-3.1249999999999996,-4.64625,5.4,10.75,-0.4000000000000006,-5.0,5.5,0.55,1.5,0.9,7.5,0.35,0.0,12.0,5.0,1.0,0.8,0.0,1.4,0.45,0.35,0.2,0.35,0.15,0.05,7.0,5.4,audit_penalty_heatmap
audit_penalty,Audit/penalty,none,5.4,-5.0,-3.1249999999999996,-5.09625,5.4,10.75,-0.3100000000000005,-5.0,5.5,0.55,1.5,0.9,8.0,0.35,0.0,12.0,5.0,1.0,0.8,0.0,1.4,0.45,0.35,0.2,0.35,0.15,0.05,7.0,5.4,audit_penalty_heatmap
audit_penalty,Audit/penalty,none,5.4,-5.0,-3.1249999999999996,-5.546250000000001,5.4,10.75,-0.22000000000000042,-5.0,5.5,0.55,1.5,0.9,8.5,0.35,0.0,12.0,5.0,1.0,0.8,0.0,1.4,0.45,0.35,0.2,0.35,0.15,0.05,7.0,5.4,audit_penalty_heatmap
audit_penalty,Audit/penalty,none,5.4,-5.0,-3.1249999999999996,-5.99625,5.4,10.75,-0.13000000000000056,-5.0,5.5,0.55,1.5,0.9,9.0,0.35,0.0,12.0,5.0,1.0,0.8,0.0,1.4,0.45,0.35,0.2,0.35,0.15,0.05,7.0,5.4,audit_penalty_heatmap
audit_penalty,Audit/penalty,none,5.4,-5.0,-3.1249999999999996,-6.446250000000001,5.4,10.75,-0.04000000000000048,-5.0,5.5,0.55,1.5,0.9,9.5,0.35,0.0,12.0,5.0,1.0,0.8,0.0,1.4,0.45,0.35,0.2,0.35,0.15,0.05,7.0,5.4,audit_penalty_heatmap
audit_penalty,Audit/penalty,none,5.4,-5.0,-3.1249999999999996,-6.89625,5.4,10.75,0.0499999999999996,-5.0,5.5,0.55,1.5,0.9,10.0,0.35,0.0,12.0,5.0,1.0,0.8,0.0,1.4,0.45,0.35,0.2,0.35,0.15,0.05,7.0,5.4,audit_penalty_heatmap
hybrid_support,Hybrid,none,5.4,-5.0,-34.63333333333333,-14.215,5.4,9.879999999999999,-1.0000000000000007,-5.0,6.5,0.15,2.0,0.32,5.0,1.8,0.0,12.0,5.0,1.0,0.8,0.8,1.4,0.45,0.35,0.2,0.35,0.55,0.2,7.0,5.4,capability_support_heatmap
hybrid_support,Hybrid,none,5.4,-5.0,-9.355555555555556,-2.8400000000000016,5.4,9.76,-1.1200000000000008,-5.0,6.5,0.15,2.0,0.32,5.0,1.8,0.15,12.0,5.0,1.0,0.8,0.8,1.4,0.45,0.35,0.2,0.35,0.55,0.2,7.0,5.4,capability_support_heatmap
hybrid_support,Hybrid,none,5.4,-5.0,-2.703508771929824,0.1534210526315789,5.4,9.639999999999999,-1.2400000000000007,-5.0,6.5,0.15,2.0,0.32,5.0,1.8,0.3,12.0,5.0,1.0,0.8,0.8,1.4,0.45,0.35,0.2,0.35,0.55,0.2,7.0,5.4,capability_support_heatmap
hybrid_support,Hybrid,none,5.4,-5.0,0.3666666666666676,1.5349999999999997,5.4,9.52,-1.3600000000000008,-5.0,6.5,0.15,2.0,0.32,5.0,1.8,0.45,12.0,5.0,1.0,0.8,0.8,1.4,0.45,0.35,0.2,0.35,0.55,0.2,7.0,5.4,capability_support_heatmap
hybrid_support,Hybrid,none,5.4,-5.0,2.1343434343434358,2.330454545454546,5.4,9.399999999999999,-1.4800000000000006,-5.0,6.5,0.15,2.0,0.32,5.0,1.8,0.6,12.0,5.0,1.0,0.8,0.8,1.4,0.45,0.35,0.2,0.35,0.55,0.2,7.0,5.4,capability_support_heatmap
hybrid_support,Hybrid,none,5.4,-5.0,3.2833333333333337,2.8474999999999993,5.4,9.28,-1.6000000000000008,-5.0,6.5,0.15,2.0,0.32,5.0,1.8,0.75,12.0,5.0,1.0,0.8,0.8,1.4,0.45,0.35,0.2,0.35,0.55,0.2,7.0,5.4,capability_support_heatmap
hybrid_support,Hybrid,none,5.4,-5.0,4.0900709219858165,3.2105319148936173,5.4,9.159999999999998,-1.7200000000000009,-5.0,6.5,0.15,2.0,0.32,5.0,1.8,0.9,12.0,5.0,1.0,0.8,0.8,1.4,0.45,0.35,0.2,0.35,0.55,0.2,7.0,5.4,capability_support_heatmap
hybrid_support,Hybrid,none,5.4,-5.0,4.687654320987656,3.479444444444445,5.4,9.04,-1.840000000000001,-5.0,6.5,0.15,2.0,0.32,5.0,1.8,1.05,12.0,5.0,1.0,0.8,0.8,1.4,0.45,0.35,0.2,0.35,0.55,0.2,7.0,5.4,capability_support_heatmap
hybrid_support,Hybrid,none,5.4,-5.0,5.148087431693989,3.686639344262296,5.4,8.919999999999998,-1.9600000000000006,-5.0,6.5,0.15,2.0,0.32,5.0,1.8,1.2,12.0,5.0,1.0,0.8,0.8,1.4,0.45,0.35,0.2,0.35,0.55,0.2,7.0,5.4,capability_support_heatmap
hybrid_support,Hybrid,high,5.51372549019608,8.799999999999999,5.51372549019608,3.851176470588235,5.4,8.799999999999999,-2.080000000000001,-5.0,6.5,0.15,2.0,0.32,5.0,1.8,1.35,12.0,5.0,1.0,0.8,0.8,1.4,0.45,0.35,0.2,0.35,0.55,0.2,7.0,5.4,capability_support_heatmap
hybrid_support,Hybrid,high,5.811111111111112,8.68,5.811111111111112,3.9850000000000008,5.4,8.68,-2.200000000000001,-5.0,6.5,0.15,2.0,0.32,5.0,1.8,1.5,12.0,5.0,1.0,0.8,0.8,1.4,0.45,0.35,0.2,0.35,0.55,0.2,7.0,5.4,capability_support_heatmap
hybrid_support,Hybrid,high,6.057723577235773,8.559999999999999,6.057723577235773,4.095975609756097,5.4,8.559999999999999,-2.3200000000000007,-5.0,6.5,0.15,2.0,0.32,5.0,1.8,1.65,12.0,5.0,1.0,0.8,0.8,1.4,0.45,0.35,0.2,0.35,0.55,0.2,7.0,5.4,capability_support_heatmap
hybrid_support,Hybrid,high,6.26554307116105,8.44,6.26554307116105,4.189494382022472,5.4,8.44,-2.440000000000001,-5.0,6.5,0.15,2.0,0.32,5.0,1.8,1.8,12.0,5.0,1.0,0.8,0.8,1.4,0.45,0.35,0.2,0.35,0.55,0.2,7.0,5.4,capability_support_heatmap
hybrid_support,Hybrid,high,6.443055555555556,8.319999999999999,6.443055555555556,4.269375,5.4,8.319999999999999,-2.560000000000001,-5.0,6.5,0.15,2.0,0.32,5.0,1.8,1.95,12.0,5.0,1.0,0.8,0.8,1.4,0.45,0.35,0.2,0.35,0.55,0.2,7.0,5.4,capability_support_heatmap
hybrid_support,Hybrid,high,6.596440129449839,8.2,6.596440129449839,4.338398058252428,5.4,8.2,-2.680000000000001,-5.0,6.5,0.15,2.0,0.32,5.0,1.8,2.1,12.0,5.0,1.0,0.8,0.8,1.4,0.45,0.35,0.2,0.35,0.55,0.2,7.0,5.4,capability_support_heatmap
hybrid_support,Hybrid,high,6.730303030303032,8.079999999999998,6.730303030303032,4.3986363636363635,5.4,8.079999999999998,-2.800000000000001,-5.0,6.5,0.15,2.0,0.32,5.0,1.8,2.25,12.0,5.0,1.0,0.8,0.8,1.4,0.45,0.35,0.2,0.35,0.55,0.2,7.0,5.4,capability_support_heatmap
hybrid_support,Hybrid,high,6.84814814814815,7.959999999999999,6.84814814814815,4.451666666666668,5.4,7.959999999999999,-2.920000000000001,-5.0,6.5,0.15,2.0,0.32,5.0,1.8,2.4,12.0,5.0,1.0,0.8,0.8,1.4,0.45,0.35,0.2,0.35,0.55,0.2,7.0,5.4,capability_support_heatmap
hybrid_support,Hybrid,high,6.952688172043011,7.839999999999999,6.952688172043011,4.498709677419356,5.4,7.839999999999999,-3.040000000000001,-5.0,6.5,0.15,2.0,0.32,5.0,1.8,2.55,12.0,5.0,1.0,0.8,0.8,1.4,0.45,0.35,0.2,0.35,0.55,0.2,7.0,5.4,capability_support_heatmap
hybrid_support,Hybrid,high,7.046055979643768,7.719999999999999,7.046055979643768,4.540725190839694,5.4,7.719999999999999,-3.160000000000001,-5.0,6.5,0.15,2.0,0.32,5.0,1.8,2.7,12.0,5.0,1.0,0.8,0.8,1.4,0.45,0.35,0.2,0.35,0.55,0.2,7.0,5.4,capability_support_heatmap
hybrid_support,Hybrid,high,7.129951690821256,7.599999999999999,7.129951690821256,4.578478260869566,5.4,7.599999999999999,-3.280000000000001,-5.0,6.5,0.15,2.0,0.32,5.0,1.8,2.85,12.0,5.0,1.0,0.8,0.8,1.4,0.45,0.35,0.2,0.35,0.55,0.2,7.0,5.4,capability_support_heatmap
hybrid_support,Hybrid,high,7.205747126436782,7.479999999999999,7.205747126436782,4.612586206896552,5.4,7.479999999999999,-3.4000000000000012,-5.0,6.5,0.15,2.0,0.32,5.0,1.8,3.0,12.0,5.0,1.0,0.8,0.8,1.4,0.45,0.35,0.2,0.35,0.55,0.2,7.0,5.4,capability_support_heatmap
hybrid_support,Hybrid,none,5.4,-5.0,-23.799999999999997,-9.34,5.4,9.879999999999999,-1.0000000000000007,-5.0,6.5,0.2,2.0,0.32,5.0,1.8,0.0,12.0,5.0,1.0,0.8,0.8,1.4,0.45,0.35,0.2,0.35,0.55,0.2,7.0,5.4,capability_support_heatmap
hybrid_support,Hybrid,none,5.4,-5.0,-7.153658536585363,-1.8491463414634142,5.4,9.76,-1.1200000000000008,-5.0,6.5,0.2,2.0,0.32,5.0,1.8,0.15,12.0,5.0,1.0,0.8,0.8,1.4,0.45,0.35,0.2,0.35,0.55,0.2,7.0,5.4,capability_support_heatmap
hybrid_support,Hybrid,none,5.4,-5.0,-1.7838709677419344,0.5672580645161291,5.4,9.639999999999999,-1.2400000000000007,-5.0,6.5,0.2,2.0,0.32,5.0,1.8,0.3,12.0,5.0,1.0,0.8,0.8,1.4,0.45,0.35,0.2,0.35,0.55,0.2,7.0,5.4,capability_support_heatmap
hybrid_support,Hybrid,none,5.4,-5.0,0.8686746987951826,1.7609036144578316,5.4,9.52,-1.3600000000000008,-5.0,6.5,0.2,2.0,0.32,5.0,1.8,0.45,12.0,5.0,1.0,0.8,0.8,1.4,0.45,0.35,0.2,0.35,0.55,0.2,7.0,5.4,capability_support_heatmap
hybrid_support,Hybrid,none,5.4,-5.0,2.4500000000000015,2.4725,5.4,9.399999999999999,-1.4800000000000006,-5.0,6.5,0.2,2.0,0.32,5.0,1.8,0.6,12.0,5.0,1.0,0.8,0.8,1.4,0.45,0.35,0.2,0.35,0.55,0.2,7.0,5.4,capability_support_heatmap
hybrid_support,Hybrid,none,5.4,-5.0,3.5000000000000004,2.9449999999999994,5.4,9.28,-1.6000000000000008,-5.0,6.5,0.2,2.0,0.32,5.0,1.8,0.75,12.0,5.0,1.0,0.8,0.8,1.4,0.45,0.35,0.2,0.35,0.55,0.2,7.0,5.4,capability_support_heatmap
hybrid_support,Hybrid,none,5.4,-5.0,4.2479452054794535,3.2815753424657528,5.4,9.159999999999998,-1.7200000000000009,-5.0,6.5,0.2,2.0,0.32,5.0,1.8,0.9,12.0,5.0,1.0,0.8,0.8,1.4,0.45,0.35,0.2,0.35,0.55,0.2,7.0,5.4,capability_support_heatmap
hybrid_support,Hybrid,none,5.4,-5.0,4.807784431137726,3.533502994011976,5.4,9.04,-1.840000000000001,-5.0,6.5,0.2,2.0,0.32,5.0,1.8,1.05,12.0,5.0,1.0,0.8,0.8,1.4,0.45,0.35,0.2,0.35,0.55,0.2,7.0,5.4,capability_support_heatmap
hybrid_support,Hybrid,none,5.4,-5.0,5.242553191489362,3.7291489361702133,5.4,8.919999999999998,-1.9600000000000006,-5.0,6.5,0.2,2.0,0.32,5.0,1.8,1.2,12.0,5.0,1.0,0.8,0.8,1.4,0.45,0.35,0.2,0.35,0.55,0.2,7.0,5.4,capability_support_heatmap
hybrid_support,Hybrid,high,5.589952153110049,8.799999999999999,5.589952153110049,3.8854784688995223,5.4,8.799999999999999,-2.080000000000001,-5.0,6.5,0.2,2.0,0.32,5.0,1.8,1.35,12.0,5.0,1.0,0.8,0.8,1.4,0.45,0.35,0.2,0.35,0.55,0.2,7.0,5.4,capability_support_heatmap
hybrid_support,Hybrid,high,5.873913043478263,8.68,5.873913043478263,4.013260869565219,5.4,8.68,-2.200000000000001,-5.0,6.5,0.2,2.0,0.32,5.0,1.8,1.5,12.0,5.0,1.0,0.8,0.8,1.4,0.45,0.35,0.2,0.35,0.55,0.2,7.0,5.4,capability_support_heatmap
hybrid_support,Hybrid,high,6.110358565737053,8.559999999999999,6.110358565737053,4.119661354581673,5.4,8.559999999999999,-2.3200000000000007,-5.0,6.5,0.2,2.0,0.32,5.0,1.8,1.65,12.0,5.0,1.0,0.8,0.8,1.4,0.45,0.35,0.2,0.35,0.55,0.2,7.0,5.4,capability_support_heatmap
hybrid_support,Hybrid,high,6.310294117647061,8.44,6.310294117647061,4.209632352941178,5.4,8.44,-2.440000000000001,-5.0,6.5,0.2,2.0,0.32,5.0,1.8,1.8,12.0,5.0,1.0,0.8,0.8,1.4,0.45,0.35,0.2,0.35,0.55,0.2,7.0,5.4,capability_support_heatmap
hybrid_support,Hybrid,high,6.4815699658703085,8.319999999999999,6.4815699658703085,4.286706484641639,5.4,8.319999999999999,-2.560000000000001,-5.0,6.5,0.2,2.0,0.32,5.0,1.8,1.95,12.0,5.0,1.0,0.8,0.8,1.4,0.45,0.35,0.2,0.35,0.55,0.2,7.0,5.4,capability_support_heatmap
hybrid_support,Hybrid,high,6.629936305732485,8.2,6.629936305732485,4.353471337579618,5.4,8.2,-2.680000000000001,-5.0,6.5,0.2,2.0,0.32,5.0,1.8,2.1,12.0,5.0,1.0,0.8,0.8,1.4,0.45,0.35,0.2,0.35,0.55,0.2,7.0,5.4,capability_support_heatmap
hybrid_support,Hybrid,high,6.759701492537316,8.079999999999998,6.759701492537316,4.411865671641792,5.4,8.079999999999998,-2.800000000000001,-5.0,6.5,0.2,2.0,0.32,5.0,1.8,2.25,12.0,5.0,1.0,0.8,0.8,1.4,0.45,0.35,0.2,0.35,0.55,0.2,7.0,5.4,capability_support_heatmap
hybrid_support,Hybrid,high,6.874157303370788,7.959999999999999,6.874157303370788,4.463370786516855,5.4,7.959999999999999,-2.920000000000001,-5.0,6.5,0.2,2.0,0.32,5.0,1.8,2.4,12.0,5.0,1.0,0.8,0.8,1.4,0.45,0.35,0.2,0.35,0.55,0.2,7.0,5.4,capability_support_heatmap
hybrid_support,Hybrid,high,6.975862068965519,7.839999999999999,6.975862068965519,4.509137931034484,5.4,7.839999999999999,-3.040000000000001,-5.0,6.5,0.2,2.0,0.32,5.0,1.8,2.55,12.0,5.0,1.0,0.8,0.8,1.4,0.45,0.35,0.2,0.35,0.55,0.2,7.0,5.4,capability_support_heatmap
hybrid_support,Hybrid,high,7.066834170854273,7.719999999999999,7.066834170854273,4.550075376884422,5.4,7.719999999999999,-3.160000000000001,-5.0,6.5,0.2,2.0,0.32,5.0,1.8,2.7,12.0,5.0,1.0,0.8,0.8,1.4,0.45,0.35,0.2,0.35,0.55,0.2,7.0,5.4,capability_support_heatmap
hybrid_support,Hybrid,high,7.148687350835322,7.599999999999999,7.148687350835322,4.586909307875896,5.4,7.599999999999999,-3.280000000000001,-5.0,6.5,0.2,2.0,0.32,5.0,1.8,2.85,12.0,5.0,1.0,0.8,0.8,1.4,0.45,0.35,0.2,0.35,0.55,0.2,7.0,5.4,capability_support_heatmap
hybrid_support,Hybrid,high,7.222727272727274,7.479999999999999,7.222727272727274,4.6202272727272735,5.4,7.479999999999999,-3.4000000000000012,-5.0,6.5,0.2,2.0,0.32,5.0,1.8,3.0,12.0,5.0,1.0,0.8,0.8,1.4,0.45,0.35,0.2,0.35,0.55,0.2,7.0,5.4,capability_support_heatmap
hybrid_support,Hybrid,none,5.4,-5.0,-17.299999999999997,-6.415000000000001,5.4,9.879999999999999,-1.0000000000000007,-5.0,6.5,0.25,2.0,0.32,5.0,1.8,0.0,12.0,5.0,1.0,0.8,0.8,1.4,0.45,0.35,0.2,0.35,0.55,0.2,7.0,5.4,capability_support_heatmap
hybrid_support,Hybrid,none,5.4,-5.0,-5.430434782608696,-1.0736956521739138,5.4,9.76,-1.1200000000000008,-5.0,6.5,0.25,2.0,0.32,5.0,1.8,0.15,12.0,5.0,1.0,0.8,0.8,1.4,0.45,0.35,0.2,0.35,0.55,0.2,7.0,5.4,capability_support_heatmap
hybrid_support,Hybrid,none,5.4,-5.0,-1.0014925373134331,0.9193283582089542,5.4,9.639999999999999,-1.2400000000000007,-5.0,6.5,0.25,2.0,0.32,5.0,1.8,0.3,12.0,5.0,1.0,0.8,0.8,1.4,0.45,0.35,0.2,0.35,0.55,0.2,7.0,5.4,capability_support_heatmap
hybrid_support,Hybrid,none,5.4,-5.0,1.3136363636363648,1.9611363636363635,5.4,9.52,-1.3600000000000008,-5.0,6.5,0.25,2.0,0.32,5.0,1.8,0.45,12.0,5.0,1.0,0.8,0.8,1.4,0.45,0.35,0.2,0.35,0.55,0.2,7.0,5.4,capability_support_heatmap
hybrid_support,Hybrid,none,5.4,-5.0,2.7366972477064224,2.6015137614678894,5.4,9.399999999999999,-1.4800000000000006,-5.0,6.5,0.25,2.0,0.32,5.0,1.8,0.6,12.0,5.0,1.0,0.8,0.8,1.4,0.45,0.35,0.2,0.35,0.55,0.2,7.0,5.4,capability_support_heatmap
hybrid_support,Hybrid,none,5.4,-5.0,3.7000000000000006,3.0349999999999993,5.4,9.28,-1.6000000000000008,-5.0,6.5,0.25,2.0,0.32,5.0,1.8,0.75,12.0,5.0,1.0,0.8,0.8,1.4,0.45,0.35,0.2,0.35,0.55,0.2,7.0,5.4,capability_support_heatmap
hybrid_support,Hybrid,none,5.4,-5.0,4.395364238410597,3.3479139072847683,5.4,9.159999999999998,-1.7200000000000009,-5.0,6.5,0.25,2.0,0.32,5.0,1.8,0.9,12.0,5.0,1.0,0.8,0.8,1.4,0.45,0.35,0.2,0.35,0.55,0.2,7.0,5.4,capability_support_heatmap
hybrid_support,Hybrid,none,5.4,-5.0,4.92093023255814,3.5844186046511632,5.4,9.04,-1.840000000000001,-5.0,6.5,0.25,2.0,0.32,5.0,1.8,1.05,12.0,5.0,1.0,0.8,0.8,1.4,0.45,0.35,0.2,0.35,0.55,0.2,7.0,5.4,capability_support_heatmap
hybrid_support,Hybrid,none,5.4,-5.0,5.332124352331608,3.7694559585492224,5.4,8.919999999999998,-1.9600000000000006,-5.0,6.5,0.25,2.0,0.32,5.0,1.8,1.2,12.0,5.0,1.0,0.8,0.8,1.4,0.45,0.35,0.2,0.35,0.55,0.2,7.0,5.4,capability_support_heatmap
hybrid_support,Hybrid,high,5.662616822429907,8.799999999999999,5.662616822429907,3.9181775700934582,5.4,8.799999999999999,-2.080000000000001,-5.0,6.5,0.25,2.0,0.32,5.0,1.8,1.35,12.0,5.0,1.0,0.8,0.8,1.4,0.45,0.35,0.2,0.35,0.55,0.2,7.0,5.4,capability_support_heatmap
hybrid_support,Hybrid,high,5.934042553191491,8.68,5.934042553191491,4.04031914893617,5.4,8.68,-2.200000000000001,-5.0,6.5,0.25,2.0,0.32,5.0,1.8,1.5,12.0,5.0,1.0,0.8,0.8,1.4,0.45,0.35,0.2,0.35,0.55,0.2,7.0,5.4,capability_support_heatmap
hybrid_support,Hybrid,high,6.160937500000001,8.559999999999999,6.160937500000001,4.142421875,5.4,8.559999999999999,-2.3200000000000007,-5.0,6.5,0.25,2.0,0.32,5.0,1.8,1.65,12.0,5.0,1.0,0.8,0.8,1.4,0.45,0.35,0.2,0.35,0.55,0.2,7.0,5.4,capability_support_heatmap
hybrid_support,Hybrid,high,6.353429602888088,8.44,6.353429602888088,4.22904332129964,5.4,8.44,-2.440000000000001,-5.0,6.5,0.25,2.0,0.32,5.0,1.8,1.8,12.0,5.0,1.0,0.8,0.8,1.4,0.45,0.35,0.2,0.35,0.55,0.2,7.0,5.4,capability_support_heatmap
hybrid_support,Hybrid,high,6.518791946308726,8.319999999999999,6.518791946308726,4.303456375838927,5.4,8.319999999999999,-2.560000000000001,-5.0,6.5,0.25,2.0,0.32,5.0,1.8,1.95,12.0,5.0,1.0,0.8,0.8,1.4,0.45,0.35,0.2,0.35,0.55,0.2,7.0,5.4,capability_support_heatmap
hybrid_support,Hybrid,high,6.662382445141066,8.2,6.662382445141066,4.36807210031348,5.4,8.2,-2.680000000000001,-5.0,6.5,0.25,2.0,0.32,5.0,1.8,2.1,12.0,5.0,1.0,0.8,0.8,1.4,0.45,0.35,0.2,0.35,0.55,0.2,7.0,5.4,capability_support_heatmap
hybrid_support,Hybrid,high,6.788235294117648,8.079999999999998,6.788235294117648,4.424705882352942,5.4,8.079999999999998,-2.800000000000001,-5.0,6.5,0.25,2.0,0.32,5.0,1.8,2.25,12.0,5.0,1.0,0.8,0.8,1.4,0.45,0.35,0.2,0.35,0.55,0.2,7.0,5.4,capability_support_heatmap
hybrid_support,Hybrid,high,6.899445983379502,7.959999999999999,6.899445983379502,4.474750692520777,5.4,7.959999999999999,-2.920000000000001,-5.0,6.5,0.25,2.0,0.32,5.0,1.8,2.4,12.0,5.0,1.0,0.8,0.8,1.4,0.45,0.35,0.2,0.35,0.55,0.2,7.0,5.4,capability_support_heatmap
hybrid_support,Hybrid,high,6.998429319371729,7.839999999999999,6.998429319371729,4.519293193717278,5.4,7.839999999999999,-3.040000000000001,-5.0,6.5,0.25,2.0,0.32,5.0,1.8,2.55,12.0,5.0,1.0,0.8,0.8,1.4,0.45,0.35,0.2,0.35,0.55,0.2,7.0,5.4,capability_support_heatmap
hybrid_support,Hybrid,high,7.087096774193549,7.719999999999999,7.087096774193549,4.559193548387098,5.4,7.719999999999999,-3.160000000000001,-5.0,6.5,0.25,2.0,0.32,5.0,1.8,2.7,12.0,5.0,1.0,0.8,0.8,1.4,0.45,0.35,0.2,0.35,0.55,0.2,7.0,5.4,capability_support_heatmap
hybrid_support,Hybrid,high,7.166981132075472,7.599999999999999,7.166981132075472,4.595141509433963,5.4,7.599999999999999,-3.280000000000001,-5.0,6.5,0.25,2.0,0.32,5.0,1.8,2.85,12.0,5.0,1.0,0.8,0.8,1.4,0.45,0.35,0.2,0.35,0.55,0.2,7.0,5.4,capability_support_heatmap
hybrid_support,Hybrid,high,7.23932584269663,7.479999999999999,7.23932584269663,4.627696629213483,5.4,7.479999999999999,-3.4000000000000012,-5.0,6.5,0.25,2.0,0.32,5.0,1.8,3.0,12.0,5.0,1.0,0.8,0.8,1.4,0.45,0.35,0.2,0.35,0.55,0.2,7.0,5.4,capability_support_heatmap
hybrid_support,Hybrid,none,5.4,-5.0,-12.966666666666667,-4.465,5.4,9.879999999999999,-1.0000000000000007,-5.0,6.5,0.3,2.0,0.32,5.0,1.8,0.0,12.0,5.0,1.0,0.8,0.8,1.4,0.45,0.35,0.2,0.35,0.55,0.2,7.0,5.4,capability_support_heatmap
hybrid_support,Hybrid,none,5.4,-5.0,-4.045098039215684,-0.45029411764705873,5.4,9.76,-1.1200000000000008,-5.0,6.5,0.3,2.0,0.32,5.0,1.8,0.15,12.0,5.0,1.0,0.8,0.8,1.4,0.45,0.35,0.2,0.35,0.55,0.2,7.0,5.4,capability_support_heatmap
hybrid_support,Hybrid,none,5.4,-5.0,-0.32777777777777706,1.2224999999999993,5.4,9.639999999999999,-1.2400000000000007,-5.0,6.5,0.3,2.0,0.32,5.0,1.8,0.3,12.0,5.0,1.0,0.8,0.8,1.4,0.45,0.35,0.2,0.35,0.55,0.2,7.0,5.4,capability_support_heatmap
hybrid_support,Hybrid,none,5.4,-5.0,1.7107526881720436,2.139838709677419,5.4,9.52,-1.3600000000000008,-5.0,6.5,0.3,2.0,0.32,5.0,1.8,0.45,12.0,5.0,1.0,0.8,0.8,1.4,0.45,0.35,0.2,0.35,0.55,0.2,7.0,5.4,capability_support_heatmap
hybrid_support,Hybrid,none,5.4,-5.0,2.998245614035089,2.7192105263157895,5.4,9.399999999999999,-1.4800000000000006,-5.0,6.5,0.3,2.0,0.32,5.0,1.8,0.6,12.0,5.0,1.0,0.8,0.8,1.4,0.45,0.35,0.2,0.35,0.55,0.2,7.0,5.4,capability_support_heatmap
hybrid_support,Hybrid,none,5.4,-5.0,3.8851851851851866,3.118333333333333,5.4,9.28,-1.6000000000000008,-5.0,6.5,0.3,2.0,0.32,5.0,1.8,0.75,12.0,5.0,1.0,0.8,0.8,1.4,0.45,0.35,0.2,0.35,0.55,0.2,7.0,5.4,capability_support_heatmap
hybrid_support,Hybrid,none,5.4,-5.0,4.533333333333335,3.41,5.4,9.159999999999998,-1.7200000000000009,-5.0,6.5,0.3,2.0,0.32,5.0,1.8,0.9,12.0,5.0,1.0,0.8,0.8,1.4,0.45,0.35,0.2,0.35,0.55,0.2,7.0,5.4,capability_support_heatmap
hybrid_support,Hybrid,none,5.4,-5.0,5.02768361581921,3.6324576271186446,5.4,9.04,-1.840000000000001,-5.0,6.5,0.3,2.0,0.32,5.0,1.8,1.05,12.0,5.0,1.0,0.8,0.8,1.4,0.45,0.35,0.2,0.35,0.55,0.2,7.0,5.4,capability_support_heatmap
hybrid_support,Hybrid,high,5.417171717171719,8.919999999999998,5.417171717171719,3.807727272727273,5.4,8.919999999999998,-1.9600000000000006,-5.0,6.5,0.3,2.0,0.32,5.0,1.8,1.2,12.0,5.0,1.0,0.8,0.8,1.4,0.45,0.35,0.2,0.35,0.55,0.2,7.0,5.4,capability_support_heatmap
hybrid_support,Hybrid,high,5.731963470319636,8.799999999999999,5.731963470319636,3.949383561643836,5.4,8.799999999999999,-2.080000000000001,-5.0,6.5,0.3,2.0,0.32,5.0,1.8,1.35,12.0,5.0,1.0,0.8,0.8,1.4,0.45,0.35,0.2,0.35,0.55,0.2,7.0,5.4,capability_support_heatmap
hybrid_support,Hybrid,high,5.991666666666667,8.68,5.991666666666667,4.06625,5.4,8.68,-2.200000000000001,-5.0,6.5,0.3,2.0,0.32,5.0,1.8,1.5,12.0,5.0,1.0,0.8,0.8,1.4,0.45,0.35,0.2,0.35,0.55,0.2,7.0,5.4,capability_support_heatmap
hybrid_support,Hybrid,high,6.209578544061303,8.559999999999999,6.209578544061303,4.164310344827587,5.4,8.559999999999999,-2.3200000000000007,-5.0,6.5,0.3,2.0,0.32,5.0,1.8,1.65,12.0,5.0,1.0,0.8,0.8,1.4,0.45,0.35,0.2,0.35,0.55,0.2,7.0,5.4,capability_support_heatmap
hybrid_support,Hybrid,high,6.39503546099291,8.44,6.39503546099291,4.247765957446809,5.4,8.44,-2.440000000000001,-5.0,6.5,0.3,2.0,0.32,5.0,1.8,1.8,12.0,5.0,1.0,0.8,0.8,1.4,0.45,0.35,0.2,0.35,0.55,0.2,7.0,5.4,capability_support_heatmap
hybrid_support,Hybrid,high,6.554785478547856,8.319999999999999,6.554785478547856,4.319653465346535,5.4,8.319999999999999,-2.560000000000001,-5.0,6.5,0.3,2.0,0.32,5.0,1.8,1.95,12.0,5.0,1.0,0.8,0.8,1.4,0.45,0.35,0.2,0.35,0.55,0.2,7.0,5.4,capability_support_heatmap
hybrid_support,Hybrid,high,6.693827160493829,8.2,6.693827160493829,4.382222222222223,5.4,8.2,-2.680000000000001,-5.0,6.5,0.3,2.0,0.32,5.0,1.8,2.1,12.0,5.0,1.0,0.8,0.8,1.4,0.45,0.35,0.2,0.35,0.55,0.2,7.0,5.4,capability_support_heatmap
hybrid_support,Hybrid,high,6.815942028985509,8.079999999999998,6.815942028985509,4.437173913043479,5.4,8.079999999999998,-2.800000000000001,-5.0,6.5,0.3,2.0,0.32,5.0,1.8,2.25,12.0,5.0,1.0,0.8,0.8,1.4,0.45,0.35,0.2,0.35,0.55,0.2,7.0,5.4,capability_support_heatmap
hybrid_support,Hybrid,high,6.924043715846995,7.959999999999999,6.924043715846995,4.485819672131148,5.4,7.959999999999999,-2.920000000000001,-5.0,6.5,0.3,2.0,0.32,5.0,1.8,2.4,12.0,5.0,1.0,0.8,0.8,1.4,0.45,0.35,0.2,0.35,0.55,0.2,7.0,5.4,capability_support_heatmap
hybrid_support,Hybrid,high,7.0204134366925075,7.839999999999999,7.0204134366925075,4.529186046511628,5.4,7.839999999999999,-3.040000000000001,-5.0,6.5,0.3,2.0,0.32,5.0,1.8,2.55,12.0,5.0,1.0,0.8,0.8,1.4,0.45,0.35,0.2,0.35,0.55,0.2,7.0,5.4,capability_support_heatmap
hybrid_support,Hybrid,high,7.10686274509804,7.719999999999999,7.10686274509804,4.568088235294118,5.4,7.719999999999999,-3.160000000000001,-5.0,6.5,0.3,2.0,0.32,5.0,1.8,2.7,12.0,5.0,1.0,0.8,0.8,1.4,0.45,0.35,0.2,0.35,0.55,0.2,7.0,5.4,capability_support_heatmap
hybrid_support,Hybrid,high,7.1848484848484855,7.599999999999999,7.1848484848484855,4.6031818181818185,5.4,7.599999999999999,-3.280000000000001,-5.0,6.5,0.3,2.0,0.32,5.0,1.8,2.85,12.0,5.0,1.0,0.8,0.8,1.4,0.45,0.35,0.2,0.35,0.55,0.2,7.0,5.4,capability_support_heatmap
hybrid_support,Hybrid,high,7.255555555555556,7.479999999999999,7.255555555555556,4.635,5.4,7.479999999999999,-3.4000000000000012,-5.0,6.5,0.3,2.0,0.32,5.0,1.8,3.0,12.0,5.0,1.0,0.8,0.8,1.4,0.45,0.35,0.2,0.35,0.55,0.2,7.0,5.4,capability_support_heatmap
hybrid_support,Hybrid,none,5.4,-5.0,-9.871428571428572,-3.0721428571428575,5.4,9.879999999999999,-1.0000000000000007,-5.0,6.5,0.35,2.0,0.32,5.0,1.8,0.0,12.0,5.0,1.0,0.8,0.8,1.4,0.45,0.35,0.2,0.35,0.55,0.2,7.0,5.4,capability_support_heatmap
hybrid_support,Hybrid,none,5.4,-5.0,-2.907142857142856,0.061785714285713667,5.4,9.76,-1.1200000000000008,-5.0,6.5,0.35,2.0,0.32,5.0,1.8,0.15,12.0,5.0,1.0,0.8,0.8,1.4,0.45,0.35,0.2,0.35,0.55,0.2,7.0,5.4,capability_support_heatmap
hybrid_support,Hybrid,none,5.4,-5.0,0.2584415584415596,1.486298701298701,5.4,9.639999999999999,-1.2400000000000007,-5.0,6.5,0.35,2.0,0.32,5.0,1.8,0.3,12.0,5.0,1.0,0.8,0.8,1.4,0.45,0.35,0.2,0.35,0.55,0.2,7.0,5.4,capability_support_heatmap
hybrid_support,Hybrid,none,5.4,-5.0,2.0673469387755117,2.30030612244898,5.4,9.52,-1.3600000000000008,-5.0,6.5,0.35,2.0,0.32,5.0,1.8,0.45,12.0,5.0,1.0,0.8,0.8,1.4,0.45,0.35,0.2,0.35,0.55,0.2,7.0,5.4,capability_support_heatmap
hybrid_support,Hybrid,none,5.4,-5.0,3.2378151260504215,2.827016806722689,5.4,9.399999999999999,-1.4800000000000006,-5.0,6.5,0.35,2.0,0.32,5.0,1.8,0.6,12.0,5.0,1.0,0.8,0.8,1.4,0.45,0.35,0.2,0.35,0.55,0.2,7.0,5.4,capability_support_heatmap
hybrid_support,Hybrid,none,5.4,-5.0,4.057142857142859,3.1957142857142857,5.4,9.28,-1.6000000000000008,-5.0,6.5,0.35,2.0,0.32,5.0,1.8,0.75,12.0,5.0,1.0,0.8,0.8,1.4,0.45,0.35,0.2,0.35,0.55,0.2,7.0,5.4,capability_support_heatmap
hybrid_support,Hybrid,none,5.4,-5.0,4.66273291925466,3.468229813664596,5.4,9.159999999999998,-1.7200000000000009,-5.0,6.5,0.35,2.0,0.32,5.0,1.8,0.9,12.0,5.0,1.0,0.8,0.8,1.4,0.45,0.35,0.2,0.35,0.55,0.2,7.0,5.4,capability_support_heatmap
hybrid_support,Hybrid,none,5.4,-5.0,5.12857142857143,3.6778571428571434,5.4,9.04,-1.840000000000001,-5.0,6.5,0.35,2.0,0.32,5.0,1.8,1.05,12.0,5.0,1.0,0.8,0.8,1.4,0.45,0.35,0.2,0.35,0.55,0.2,7.0,5.4,capability_support_heatmap
hybrid_support,Hybrid,high,5.498029556650247,8.919999999999998,5.498029556650247,3.844113300492612,5.4,8.919999999999998,-1.9600000000000006,-5.0,6.5,0.35,2.0,0.32,5.0,1.8,1.2,12.0,5.0,1.0,0.8,0.8,1.4,0.45,0.35,0.2,0.35,0.55,0.2,7.0,5.4,capability_support_heatmap
hybrid_support,Hybrid,high,5.7982142857142875,8.799999999999999,5.7982142857142875,3.9791964285714285,5.4,8.799999999999999,-2.080000000000001,-5.0,6.5,0.35,2.0,0.32,5.0,1.8,1.35,12.0,5.0,1.0,0.8,0.8,1.4,0.45,0.35,0.2,0.35,0.55,0.2,7.0,5.4,capability_support_heatmap
hybrid_support,Hybrid,high,6.046938775510204,8.68,6.046938775510204,4.091122448979592,5.4,8.68,-2.200000000000001,-5.0,6.5,0.35,2.0,0.32,5.0,1.8,1.5,12.0,5.0,1.0,0.8,0.8,1.4,0.45,0.35,0.2,0.35,0.55,0.2,7.0,5.4,capability_support_heatmap
hybrid_support,Hybrid,high,6.25639097744361,8.559999999999999,6.25639097744361,4.185375939849624,5.4,8.559999999999999,-2.3200000000000007,-5.0,6.5,0.35,2.0,0.32,5.0,1.8,1.65,12.0,5.0,1.0,0.8,0.8,1.4,0.45,0.35,0.2,0.35,0.55,0.2,7.0,5.4,capability_support_heatmap
hybrid_support,Hybrid,high,6.435191637630663,8.44,6.435191637630663,4.265836236933799,5.4,8.44,-2.440000000000001,-5.0,6.5,0.35,2.0,0.32,5.0,1.8,1.8,12.0,5.0,1.0,0.8,0.8,1.4,0.45,0.35,0.2,0.35,0.55,0.2,7.0,5.4,capability_support_heatmap
hybrid_support,Hybrid,high,6.589610389610391,8.319999999999999,6.589610389610391,4.335324675324676,5.4,8.319999999999999,-2.560000000000001,-5.0,6.5,0.35,2.0,0.32,5.0,1.8,1.95,12.0,5.0,1.0,0.8,0.8,1.4,0.45,0.35,0.2,0.35,0.55,0.2,7.0,5.4,capability_support_heatmap
hybrid_support,Hybrid,high,6.724316109422494,8.2,6.724316109422494,4.395942249240122,5.4,8.2,-2.680000000000001,-5.0,6.5,0.35,2.0,0.32,5.0,1.8,2.1,12.0,5.0,1.0,0.8,0.8,1.4,0.45,0.35,0.2,0.35,0.55,0.2,7.0,5.4,capability_support_heatmap
hybrid_support,Hybrid,high,6.842857142857143,8.079999999999998,6.842857142857143,4.449285714285715,5.4,8.079999999999998,-2.800000000000001,-5.0,6.5,0.35,2.0,0.32,5.0,1.8,2.25,12.0,5.0,1.0,0.8,0.8,1.4,0.45,0.35,0.2,0.35,0.55,0.2,7.0,5.4,capability_support_heatmap
hybrid_support,Hybrid,high,6.947978436657683,7.959999999999999,6.947978436657683,4.496590296495958,5.4,7.959999999999999,-2.920000000000001,-5.0,6.5,0.35,2.0,0.32,5.0,1.8,2.4,12.0,5.0,1.0,0.8,0.8,1.4,0.45,0.35,0.2,0.35,0.55,0.2,7.0,5.4,capability_support_heatmap
hybrid_support,Hybrid,high,7.041836734693879,7.839999999999999,7.041836734693879,4.538826530612246,5.4,7.839999999999999,-3.040000000000001,-5.0,6.5,0.35,2.0,0.32,5.0,1.8,2.55,12.0,5.0,1.0,0.8,0.8,1.4,0.45,0.35,0.2,0.35,0.55,0.2,7.0,5.4,capability_support_heatmap
hybrid_support,Hybrid,high,7.126150121065377,7.719999999999999,7.126150121065377,4.576767554479419,5.4,7.719999999999999,-3.160000000000001,-5.0,6.5,0.35,2.0,0.32,5.0,1.8,2.7,12.0,5.0,1.0,0.8,0.8,1.4,0.45,0.35,0.2,0.35,0.55,0.2,7.0,5.4,capability_support_heatmap
hybrid_support,Hybrid,high,7.202304147465439,7.599999999999999,7.202304147465439,4.611036866359447,5.4,7.599999999999999,-3.280000000000001,-5.0,6.5,0.35,2.0,0.32,5.0,1.8,2.85,12.0,5.0,1.0,0.8,0.8,1.4,0.45,0.35,0.2,0.35,0.55,0.2,7.0,5.4,capability_support_heatmap
hybrid_support,Hybrid,high,7.271428571428572,7.479999999999999,7.271428571428572,4.642142857142858,5.4,7.479999999999999,-3.4000000000000012,-5.0,6.5,0.35,2.0,0.32,5.0,1.8,3.0,12.0,5.0,1.0,0.8,0.8,1.4,0.45,0.35,0.2,0.35,0.55,0.2,7.0,5.4,capability_support_heatmap
hybrid_support,Hybrid,none,5.4,-5.0,-7.549999999999999,-2.0275,5.4,9.879999999999999,-1.0000000000000007,-5.0,6.5,0.4,2.0,0.32,5.0,1.8,0.0,12.0,5.0,1.0,0.8,0.8,1.4,0.45,0.35,0.2,0.35,0.55,0.2,7.0,5.4,capability_support_heatmap
hybrid_support,Hybrid,none,5.4,-5.0,-1.955737704918032,0.4899180327868846,5.4,9.76,-1.1200000000000008,-5.0,6.5,0.4,2.0,0.32,5.0,1.8,0.15,12.0,5.0,1.0,0.8,0.8,1.4,0.45,0.35,0.2,0.35,0.55,0.2,7.0,5.4,capability_support_heatmap
hybrid_support,Hybrid,none,5.4,-5.0,0.7731707317073195,1.717926829268293,5.4,9.639999999999999,-1.2400000000000007,-5.0,6.5,0.4,2.0,0.32,5.0,1.8,0.3,12.0,5.0,1.0,0.8,0.8,1.4,0.45,0.35,0.2,0.35,0.55,0.2,7.0,5.4,capability_support_heatmap
hybrid_support,Hybrid,none,5.4,-5.0,2.389320388349516,2.4451941747572823,5.4,9.52,-1.3600000000000008,-5.0,6.5,0.4,2.0,0.32,5.0,1.8,0.45,12.0,5.0,1.0,0.8,0.8,1.4,0.45,0.35,0.2,0.35,0.55,0.2,7.0,5.4,capability_support_heatmap
hybrid_support,Hybrid,none,5.4,-5.0,3.4580645161290335,2.926129032258065,5.4,9.399999999999999,-1.4800000000000006,-5.0,6.5,0.4,2.0,0.32,5.0,1.8,0.6,12.0,5.0,1.0,0.8,0.8,1.4,0.45,0.35,0.2,0.35,0.55,0.2,7.0,5.4,capability_support_heatmap
hybrid_support,Hybrid,none,5.4,-5.0,4.217241379310346,3.267758620689655,5.4,9.28,-1.6000000000000008,-5.0,6.5,0.4,2.0,0.32,5.0,1.8,0.75,12.0,5.0,1.0,0.8,0.8,1.4,0.45,0.35,0.2,0.35,0.55,0.2,7.0,5.4,capability_support_heatmap
hybrid_support,Hybrid,none,5.4,-5.0,4.7843373493975925,3.5229518072289157,5.4,9.159999999999998,-1.7200000000000009,-5.0,6.5,0.4,2.0,0.32,5.0,1.8,0.9,12.0,5.0,1.0,0.8,0.8,1.4,0.45,0.35,0.2,0.35,0.55,0.2,7.0,5.4,capability_support_heatmap
hybrid_support,Hybrid,none,5.4,-5.0,5.224064171122997,3.720828877005349,5.4,9.04,-1.840000000000001,-5.0,6.5,0.4,2.0,0.32,5.0,1.8,1.05,12.0,5.0,1.0,0.8,0.8,1.4,0.45,0.35,0.2,0.35,0.55,0.2,7.0,5.4,capability_support_heatmap
hybrid_support,Hybrid,high,5.575000000000001,8.919999999999998,5.575000000000001,3.8787499999999997,5.4,8.919999999999998,-1.9600000000000006,-5.0,6.5,0.4,2.0,0.32,5.0,1.8,1.2,12.0,5.0,1.0,0.8,0.8,1.4,0.45,0.35,0.2,0.35,0.55,0.2,7.0,5.4,capability_support_heatmap
hybrid_support,Hybrid,high,5.861572052401748,8.799999999999999,5.861572052401748,4.007707423580786,5.4,8.799999999999999,-2.080000000000001,-5.0,6.5,0.4,2.0,0.32,5.0,1.8,1.35,12.0,5.0,1.0,0.8,0.8,1.4,0.45,0.35,0.2,0.35,0.55,0.2,7.0,5.4,capability_support_heatmap
hybrid_support,Hybrid,high,6.100000000000001,8.68,6.100000000000001,4.115,5.4,8.68,-2.200000000000001,-5.0,6.5,0.4,2.0,0.32,5.0,1.8,1.5,12.0,5.0,1.0,0.8,0.8,1.4,0.45,0.35,0.2,0.35,0.55,0.2,7.0,5.4,capability_support_heatmap
hybrid_support,Hybrid,high,6.301476014760148,8.559999999999999,6.301476014760148,4.2056642066420675,5.4,8.559999999999999,-2.3200000000000007,-5.0,6.5,0.4,2.0,0.32,5.0,1.8,1.65,12.0,5.0,1.0,0.8,0.8,1.4,0.45,0.35,0.2,0.35,0.55,0.2,7.0,5.4,capability_support_heatmap
hybrid_support,Hybrid,high,6.473972602739726,8.44,6.473972602739726,4.283287671232877,5.4,8.44,-2.440000000000001,-5.0,6.5,0.4,2.0,0.32,5.0,1.8,1.8,12.0,5.0,1.0,0.8,0.8,1.4,0.45,0.35,0.2,0.35,0.55,0.2,7.0,5.4,capability_support_heatmap
hybrid_support,Hybrid,high,6.623322683706071,8.319999999999999,6.623322683706071,4.350495207667732,5.4,8.319999999999999,-2.560000000000001,-5.0,6.5,0.4,2.0,0.32,5.0,1.8,1.95,12.0,5.0,1.0,0.8,0.8,1.4,0.45,0.35,0.2,0.35,0.55,0.2,7.0,5.4,capability_support_heatmap
hybrid_support,Hybrid,high,6.753892215568863,8.2,6.753892215568863,4.409251497005988,5.4,8.2,-2.680000000000001,-5.0,6.5,0.4,2.0,0.32,5.0,1.8,2.1,12.0,5.0,1.0,0.8,0.8,1.4,0.45,0.35,0.2,0.35,0.55,0.2,7.0,5.4,capability_support_heatmap
hybrid_support,Hybrid,high,6.869014084507043,8.079999999999998,6.869014084507043,4.46105633802817,5.4,8.079999999999998,-2.800000000000001,-5.0,6.5,0.4,2.0,0.32,5.0,1.8,2.25,12.0,5.0,1.0,0.8,0.8,1.4,0.45,0.35,0.2,0.35,0.55,0.2,7.0,5.4,capability_support_heatmap
hybrid_support,Hybrid,high,6.971276595744682,7.959999999999999,6.971276595744682,4.507074468085108,5.4,7.959999999999999,-2.920000000000001,-5.0,6.5,0.4,2.0,0.32,5.0,1.8,2.4,12.0,5.0,1.0,0.8,0.8,1.4,0.45,0.35,0.2,0.35,0.55,0.2,7.0,5.4,capability_support_heatmap
hybrid_support,Hybrid,high,7.062720403022672,7.839999999999999,7.062720403022672,4.548224181360203,5.4,7.839999999999999,-3.040000000000001,-5.0,6.5,0.4,2.0,0.32,5.0,1.8,2.55,12.0,5.0,1.0,0.8,0.8,1.4,0.45,0.35,0.2,0.35,0.55,0.2,7.0,5.4,capability_support_heatmap
hybrid_support,Hybrid,high,7.144976076555025,7.719999999999999,7.144976076555025,4.585239234449761,5.4,7.719999999999999,-3.160000000000001,-5.0,6.5,0.4,2.0,0.32,5.0,1.8,2.7,12.0,5.0,1.0,0.8,0.8,1.4,0.45,0.35,0.2,0.35,0.55,0.2,7.0,5.4,capability_support_heatmap
hybrid_support,Hybrid,high,7.219362186788155,7.599999999999999,7.219362186788155,4.618712984054671,5.4,7.599999999999999,-3.280000000000001,-5.0,6.5,0.4,2.0,0.32,5.0,1.8,2.85,12.0,5.0,1.0,0.8,0.8,1.4,0.45,0.35,0.2,0.35,0.55,0.2,7.0,5.4,capability_support_heatmap
hybrid_support,Hybrid,high,7.286956521739132,7.479999999999999,7.286956521739132,4.6491304347826095,5.4,7.479999999999999,-3.4000000000000012,-5.0,6.5,0.4,2.0,0.32,5.0,1.8,3.0,12.0,5.0,1.0,0.8,0.8,1.4,0.45,0.35,0.2,0.35,0.55,0.2,7.0,5.4,capability_support_heatmap
hybrid_support,Hybrid,none,5.4,-5.0,-5.744444444444444,-1.2149999999999999,5.4,9.879999999999999,-1.0000000000000007,-5.0,6.5,0.45,2.0,0.32,5.0,1.8,0.0,12.0,5.0,1.0,0.8,0.8,1.4,0.45,0.35,0.2,0.35,0.55,0.2,7.0,5.4,capability_support_heatmap
hybrid_support,Hybrid,none,5.4,-5.0,-1.1484848484848462,0.8531818181818185,5.4,9.76,-1.1200000000000008,-5.0,6.5,0.45,2.0,0.32,5.0,1.8,0.15,12.0,5.0,1.0,0.8,0.8,1.4,0.45,0.35,0.2,0.35,0.55,0.2,7.0,5.4,capability_support_heatmap
hybrid_support,Hybrid,none,5.4,-5.0,1.2287356321839096,1.9229310344827586,5.4,9.639999999999999,-1.2400000000000007,-5.0,6.5,0.45,2.0,0.32,5.0,1.8,0.3,12.0,5.0,1.0,0.8,0.8,1.4,0.45,0.35,0.2,0.35,0.55,0.2,7.0,5.4,capability_support_heatmap
hybrid_support,Hybrid,none,5.4,-5.0,2.6814814814814834,2.576666666666667,5.4,9.52,-1.3600000000000008,-5.0,6.5,0.45,2.0,0.32,5.0,1.8,0.45,12.0,5.0,1.0,0.8,0.8,1.4,0.45,0.35,0.2,0.35,0.55,0.2,7.0,5.4,capability_support_heatmap
hybrid_support,Hybrid,none,5.4,-5.0,3.661240310077521,3.0175581395348834,5.4,9.399999999999999,-1.4800000000000006,-5.0,6.5,0.45,2.0,0.32,5.0,1.8,0.6,12.0,5.0,1.0,0.8,0.8,1.4,0.45,0.35,0.2,0.35,0.55,0.2,7.0,5.4,capability_support_heatmap
hybrid_support,Hybrid,none,5.4,-5.0,4.366666666666667,3.335,5.4,9.28,-1.6000000000000008,-5.0,6.5,0.45,2.0,0.32,5.0,1.8,0.75,12.0,5.0,1.0,0.8,0.8,1.4,0.45,0.35,0.2,0.35,0.55,0.2,7.0,5.4,capability_support_heatmap
hybrid_support,Hybrid,none,5.4,-5.0,4.8988304093567265,3.5744736842105267,5.4,9.159999999999998,-1.7200000000000009,-5.0,6.5,0.45,2.0,0.32,5.0,1.8,0.9,12.0,5.0,1.0,0.8,0.8,1.4,0.45,0.35,0.2,0.35,0.55,0.2,7.0,5.4,capability_support_heatmap
hybrid_support,Hybrid,none,5.4,-5.0,5.314583333333335,3.7615624999999997,5.4,9.04,-1.840000000000001,-5.0,6.5,0.45,2.0,0.32,5.0,1.8,1.05,12.0,5.0,1.0,0.8,0.8,1.4,0.45,0.35,0.2,0.35,0.55,0.2,7.0,5.4,capability_support_heatmap
hybrid_support,Hybrid,high,5.648356807511739,8.919999999999998,5.648356807511739,3.9117605633802817,5.4,8.919999999999998,-1.9600000000000006,-5.0,6.5,0.45,2.0,0.32,5.0,1.8,1.2,12.0,5.0,1.0,0.8,0.8,1.4,0.45,0.35,0.2,0.35,0.55,0.2,7.0,5.4,capability_support_heatmap
hybrid_support,Hybrid,high,5.9222222222222225,8.799999999999999,5.9222222222222225,4.035,5.4,8.799999999999999,-2.080000000000001,-5.0,6.5,0.45,2.0,0.32,5.0,1.8,1.35,12.0,5.0,1.0,0.8,0.8,1.4,0.45,0.35,0.2,0.35,0.55,0.2,7.0,5.4,capability_support_heatmap
hybrid_support,Hybrid,high,6.150980392156864,8.68,6.150980392156864,4.137941176470589,5.4,8.68,-2.200000000000001,-5.0,6.5,0.45,2.0,0.32,5.0,1.8,1.5,12.0,5.0,1.0,0.8,0.8,1.4,0.45,0.35,0.2,0.35,0.55,0.2,7.0,5.4,capability_support_heatmap
hybrid_support,Hybrid,high,6.344927536231886,8.559999999999999,6.344927536231886,4.225217391304348,5.4,8.559999999999999,-2.3200000000000007,-5.0,6.5,0.45,2.0,0.32,5.0,1.8,1.65,12.0,5.0,1.0,0.8,0.8,1.4,0.45,0.35,0.2,0.35,0.55,0.2,7.0,5.4,capability_support_heatmap
hybrid_support,Hybrid,high,6.5114478114478125,8.44,6.5114478114478125,4.300151515151516,5.4,8.44,-2.440000000000001,-5.0,6.5,0.45,2.0,0.32,5.0,1.8,1.8,12.0,5.0,1.0,0.8,0.8,1.4,0.45,0.35,0.2,0.35,0.55,0.2,7.0,5.4,capability_support_heatmap
hybrid_support,Hybrid,high,6.6559748427672965,8.319999999999999,6.6559748427672965,4.365188679245284,5.4,8.319999999999999,-2.560000000000001,-5.0,6.5,0.45,2.0,0.32,5.0,1.8,1.95,12.0,5.0,1.0,0.8,0.8,1.4,0.45,0.35,0.2,0.35,0.55,0.2,7.0,5.4,capability_support_heatmap
hybrid_support,Hybrid,high,6.782595870206491,8.2,6.782595870206491,4.4221681415929215,5.4,8.2,-2.680000000000001,-5.0,6.5,0.45,2.0,0.32,5.0,1.8,2.1,12.0,5.0,1.0,0.8,0.8,1.4,0.45,0.35,0.2,0.35,0.55,0.2,7.0,5.4,capability_support_heatmap
hybrid_support,Hybrid,high,6.894444444444446,8.079999999999998,6.894444444444446,4.4725,5.4,8.079999999999998,-2.800000000000001,-5.0,6.5,0.45,2.0,0.32,5.0,1.8,2.25,12.0,5.0,1.0,0.8,0.8,1.4,0.45,0.35,0.2,0.35,0.55,0.2,7.0,5.4,capability_support_heatmap
hybrid_support,Hybrid,high,6.993963254593178,7.959999999999999,6.993963254593178,4.51728346456693,5.4,7.959999999999999,-2.920000000000001,-5.0,6.5,0.45,2.0,0.32,5.0,1.8,2.4,12.0,5.0,1.0,0.8,0.8,1.4,0.45,0.35,0.2,0.35,0.55,0.2,7.0,5.4,capability_support_heatmap
hybrid_support,Hybrid,high,7.083084577114429,7.839999999999999,7.083084577114429,4.557388059701493,5.4,7.839999999999999,-3.040000000000001,-5.0,6.5,0.45,2.0,0.32,5.0,1.8,2.55,12.0,5.0,1.0,0.8,0.8,1.4,0.45,0.35,0.2,0.35,0.55,0.2,7.0,5.4,capability_support_heatmap
hybrid_support,Hybrid,high,7.163356973995272,7.719999999999999,7.163356973995272,4.593510638297873,5.4,7.719999999999999,-3.160000000000001,-5.0,6.5,0.45,2.0,0.32,5.0,1.8,2.7,12.0,5.0,1.0,0.8,0.8,1.4,0.45,0.35,0.2,0.35,0.55,0.2,7.0,5.4,capability_support_heatmap
hybrid_support,Hybrid,high,7.236036036036037,7.599999999999999,7.236036036036037,4.626216216216216,5.4,7.599999999999999,-3.280000000000001,-5.0,6.5,0.45,2.0,0.32,5.0,1.8,2.85,12.0,5.0,1.0,0.8,0.8,1.4,0.45,0.35,0.2,0.35,0.55,0.2,7.0,5.4,capability_support_heatmap
hybrid_support,Hybrid,high,7.302150537634409,7.479999999999999,7.302150537634409,4.655967741935484,5.4,7.479999999999999,-3.4000000000000012,-5.0,6.5,0.45,2.0,0.32,5.0,1.8,3.0,12.0,5.0,1.0,0.8,0.8,1.4,0.45,0.35,0.2,0.35,0.55,0.2,7.0,5.4,capability_support_heatmap
hybrid_support,Hybrid,none,5.4,-5.0,-4.299999999999999,-0.5650000000000004,5.4,9.879999999999999,-1.0000000000000007,-5.0,6.5,0.5,2.0,0.32,5.0,1.8,0.0,12.0,5.0,1.0,0.8,0.8,1.4,0.45,0.35,0.2,0.35,0.55,0.2,7.0,5.4,capability_support_heatmap
hybrid_support,Hybrid,none,5.4,-5.0,-0.45492957746478835,1.1652816901408443,5.4,9.76,-1.1200000000000008,-5.0,6.5,0.5,2.0,0.32,5.0,1.8,0.15,12.0,5.0,1.0,0.8,0.8,1.4,0.45,0.35,0.2,0.35,0.55,0.2,7.0,5.4,capability_support_heatmap
hybrid_support,Hybrid,none,5.4,-5.0,1.634782608695653,2.105652173913043,5.4,9.639999999999999,-1.2400000000000007,-5.0,6.5,0.5,2.0,0.32,5.0,1.8,0.3,12.0,5.0,1.0,0.8,0.8,1.4,0.45,0.35,0.2,0.35,0.55,0.2,7.0,5.4,capability_support_heatmap
hybrid_support,Hybrid,none,5.4,-5.0,2.94778761061947,2.6965044247787615,5.4,9.52,-1.3600000000000008,-5.0,6.5,0.5,2.0,0.32,5.0,1.8,0.45,12.0,5.0,1.0,0.8,0.8,1.4,0.45,0.35,0.2,0.35,0.55,0.2,7.0,5.4,capability_support_heatmap
hybrid_support,Hybrid,none,5.4,-5.0,3.849253731343284,3.102164179104477,5.4,9.399999999999999,-1.4800000000000006,-5.0,6.5,0.5,2.0,0.32,5.0,1.8,0.6,12.0,5.0,1.0,0.8,0.8,1.4,0.45,0.35,0.2,0.35,0.55,0.2,7.0,5.4,capability_support_heatmap
hybrid_support,Hybrid,none,5.4,-5.0,4.506451612903227,3.397903225806451,5.4,9.28,-1.6000000000000008,-5.0,6.5,0.5,2.0,0.32,5.0,1.8,0.75,12.0,5.0,1.0,0.8,0.8,1.4,0.45,0.35,0.2,0.35,0.55,0.2,7.0,5.4,capability_support_heatmap
hybrid_support,Hybrid,none,5.4,-5.0,5.006818181818183,3.623068181818182,5.4,9.159999999999998,-1.7200000000000009,-5.0,6.5,0.5,2.0,0.32,5.0,1.8,0.9,12.0,5.0,1.0,0.8,0.8,1.4,0.45,0.35,0.2,0.35,0.55,0.2,7.0,5.4,capability_support_heatmap
hybrid_support,Hybrid,high,5.400507614213199,9.04,5.400507614213199,3.800228426395939,5.4,9.04,-1.840000000000001,-5.0,6.5,0.5,2.0,0.32,5.0,1.8,1.05,12.0,5.0,1.0,0.8,0.8,1.4,0.45,0.35,0.2,0.35,0.55,0.2,7.0,5.4,capability_support_heatmap
hybrid_support,Hybrid,high,5.7183486238532115,8.919999999999998,5.7183486238532115,3.9432568807339456,5.4,8.919999999999998,-1.9600000000000006,-5.0,6.5,0.5,2.0,0.32,5.0,1.8,1.2,12.0,5.0,1.0,0.8,0.8,1.4,0.45,0.35,0.2,0.35,0.55,0.2,7.0,5.4,capability_support_heatmap
hybrid_support,Hybrid,high,5.980334728033474,8.799999999999999,5.980334728033474,4.0611506276150635,5.4,8.799999999999999,-2.080000000000001,-5.0,6.5,0.5,2.0,0.32,5.0,1.8,1.35,12.0,5.0,1.0,0.8,0.8,1.4,0.45,0.35,0.2,0.35,0.55,0.2,7.0,5.4,capability_support_heatmap
hybrid_support,Hybrid,high,6.200000000000001,8.68,6.200000000000001,4.16,5.4,8.68,-2.200000000000001,-5.0,6.5,0.5,2.0,0.32,5.0,1.8,1.5,12.0,5.0,1.0,0.8,0.8,1.4,0.45,0.35,0.2,0.35,0.55,0.2,7.0,5.4,capability_support_heatmap
hybrid_support,Hybrid,high,6.386832740213524,8.559999999999999,6.386832740213524,4.244074733096086,5.4,8.559999999999999,-2.3200000000000007,-5.0,6.5,0.5,2.0,0.32,5.0,1.8,1.65,12.0,5.0,1.0,0.8,0.8,1.4,0.45,0.35,0.2,0.35,0.55,0.2,7.0,5.4,capability_support_heatmap
hybrid_support,Hybrid,high,6.5476821192053,8.44,6.5476821192053,4.316456953642385,5.4,8.44,-2.440000000000001,-5.0,6.5,0.5,2.0,0.32,5.0,1.8,1.8,12.0,5.0,1.0,0.8,0.8,1.4,0.45,0.35,0.2,0.35,0.55,0.2,7.0,5.4,capability_support_heatmap
hybrid_support,Hybrid,high,6.687616099071208,8.319999999999999,6.687616099071208,4.379427244582043,5.4,8.319999999999999,-2.560000000000001,-5.0,6.5,0.5,2.0,0.32,5.0,1.8,1.95,12.0,5.0,1.0,0.8,0.8,1.4,0.45,0.35,0.2,0.35,0.55,0.2,7.0,5.4,capability_support_heatmap
hybrid_support,Hybrid,high,6.810465116279071,8.2,6.810465116279071,4.434709302325581,5.4,8.2,-2.680000000000001,-5.0,6.5,0.5,2.0,0.32,5.0,1.8,2.1,12.0,5.0,1.0,0.8,0.8,1.4,0.45,0.35,0.2,0.35,0.55,0.2,7.0,5.4,capability_support_heatmap
hybrid_support,Hybrid,high,6.919178082191783,8.079999999999998,6.919178082191783,4.483630136986301,5.4,8.079999999999998,-2.800000000000001,-5.0,6.5,0.5,2.0,0.32,5.0,1.8,2.25,12.0,5.0,1.0,0.8,0.8,1.4,0.45,0.35,0.2,0.35,0.55,0.2,7.0,5.4,capability_support_heatmap
hybrid_support,Hybrid,high,7.016062176165805,7.959999999999999,7.016062176165805,4.5272279792746115,5.4,7.959999999999999,-2.920000000000001,-5.0,6.5,0.5,2.0,0.32,5.0,1.8,2.4,12.0,5.0,1.0,0.8,0.8,1.4,0.45,0.35,0.2,0.35,0.55,0.2,7.0,5.4,capability_support_heatmap
hybrid_support,Hybrid,high,7.102948402948403,7.839999999999999,7.102948402948403,4.566326781326781,5.4,7.839999999999999,-3.040000000000001,-5.0,6.5,0.5,2.0,0.32,5.0,1.8,2.55,12.0,5.0,1.0,0.8,0.8,1.4,0.45,0.35,0.2,0.35,0.55,0.2,7.0,5.4,capability_support_heatmap
hybrid_support,Hybrid,high,7.181308411214955,7.719999999999999,7.181308411214955,4.601588785046729,5.4,7.719999999999999,-3.160000000000001,-5.0,6.5,0.5,2.0,0.32,5.0,1.8,2.7,12.0,5.0,1.0,0.8,0.8,1.4,0.45,0.35,0.2,0.35,0.55,0.2,7.0,5.4,capability_support_heatmap
hybrid_support,Hybrid,high,7.252338530066817,7.599999999999999,7.252338530066817,4.633552338530068,5.4,7.599999999999999,-3.280000000000001,-5.0,6.5,0.5,2.0,0.32,5.0,1.8,2.85,12.0,5.0,1.0,0.8,0.8,1.4,0.45,0.35,0.2,0.35,0.55,0.2,7.0,5.4,capability_support_heatmap
hybrid_support,Hybrid,high,7.317021276595746,7.479999999999999,7.317021276595746,4.662659574468085,5.4,7.479999999999999,-3.4000000000000012,-5.0,6.5,0.5,2.0,0.32,5.0,1.8,3.0,12.0,5.0,1.0,0.8,0.8,1.4,0.45,0.35,0.2,0.35,0.55,0.2,7.0,5.4,capability_support_heatmap
hybrid_support,Hybrid,none,5.4,-5.0,-3.118181818181815,-0.03318181818181731,5.4,9.879999999999999,-1.0000000000000007,-5.0,6.5,0.55,2.0,0.32,5.0,1.8,0.0,12.0,5.0,1.0,0.8,0.8,1.4,0.45,0.35,0.2,0.35,0.55,0.2,7.0,5.4,capability_support_heatmap
hybrid_support,Hybrid,none,5.4,-5.0,0.14736842105263337,1.4363157894736842,5.4,9.76,-1.1200000000000008,-5.0,6.5,0.55,2.0,0.32,5.0,1.8,0.15,12.0,5.0,1.0,0.8,0.8,1.4,0.45,0.35,0.2,0.35,0.55,0.2,7.0,5.4,capability_support_heatmap
hybrid_support,Hybrid,none,5.4,-5.0,1.9989690721649498,2.269536082474227,5.4,9.639999999999999,-1.2400000000000007,-5.0,6.5,0.55,2.0,0.32,5.0,1.8,0.3,12.0,5.0,1.0,0.8,0.8,1.4,0.45,0.35,0.2,0.35,0.55,0.2,7.0,5.4,capability_support_heatmap
hybrid_support,Hybrid,none,5.4,-5.0,3.1915254237288155,2.8061864406779664,5.4,9.52,-1.3600000000000008,-5.0,6.5,0.55,2.0,0.32,5.0,1.8,0.45,12.0,5.0,1.0,0.8,0.8,1.4,0.45,0.35,0.2,0.35,0.55,0.2,7.0,5.4,capability_support_heatmap
hybrid_support,Hybrid,none,5.4,-5.0,4.023741007194246,3.1806834532374104,5.4,9.399999999999999,-1.4800000000000006,-5.0,6.5,0.55,2.0,0.32,5.0,1.8,0.6,12.0,5.0,1.0,0.8,0.8,1.4,0.45,0.35,0.2,0.35,0.55,0.2,7.0,5.4,capability_support_heatmap
hybrid_support,Hybrid,none,5.4,-5.0,4.637500000000001,3.456875,5.4,9.28,-1.6000000000000008,-5.0,6.5,0.55,2.0,0.32,5.0,1.8,0.75,12.0,5.0,1.0,0.8,0.8,1.4,0.45,0.35,0.2,0.35,0.55,0.2,7.0,5.4,capability_support_heatmap
hybrid_support,Hybrid,none,5.4,-5.0,5.108839779005526,3.6689779005524867,5.4,9.159999999999998,-1.7200000000000009,-5.0,6.5,0.55,2.0,0.32,5.0,1.8,0.9,12.0,5.0,1.0,0.8,0.8,1.4,0.45,0.35,0.2,0.35,0.55,0.2,7.0,5.4,capability_support_heatmap
hybrid_support,Hybrid,high,5.482178217821783,9.04,5.482178217821783,3.8369801980198015,5.4,9.04,-1.840000000000001,-5.0,6.5,0.55,2.0,0.32,5.0,1.8,1.05,12.0,5.0,1.0,0.8,0.8,1.4,0.45,0.35,0.2,0.35,0.55,0.2,7.0,5.4,capability_support_heatmap
hybrid_support,Hybrid,high,5.785201793721974,8.919999999999998,5.785201793721974,3.9733408071748886,5.4,8.919999999999998,-1.9600000000000006,-5.0,6.5,0.55,2.0,0.32,5.0,1.8,1.2,12.0,5.0,1.0,0.8,0.8,1.4,0.45,0.35,0.2,0.35,0.55,0.2,7.0,5.4,capability_support_heatmap
hybrid_support,Hybrid,high,6.036065573770493,8.799999999999999,6.036065573770493,4.0862295081967215,5.4,8.799999999999999,-2.080000000000001,-5.0,6.5,0.55,2.0,0.32,5.0,1.8,1.35,12.0,5.0,1.0,0.8,0.8,1.4,0.45,0.35,0.2,0.35,0.55,0.2,7.0,5.4,capability_support_heatmap
hybrid_support,Hybrid,high,6.247169811320756,8.68,6.247169811320756,4.18122641509434,5.4,8.68,-2.200000000000001,-5.0,6.5,0.55,2.0,0.32,5.0,1.8,1.5,12.0,5.0,1.0,0.8,0.8,1.4,0.45,0.35,0.2,0.35,0.55,0.2,7.0,5.4,capability_support_heatmap
hybrid_support,Hybrid,high,6.427272727272728,8.559999999999999,6.427272727272728,4.262272727272727,5.4,8.559999999999999,-2.3200000000000007,-5.0,6.5,0.55,2.0,0.32,5.0,1.8,1.65,12.0,5.0,1.0,0.8,0.8,1.4,0.45,0.35,0.2,0.35,0.55,0.2,7.0,5.4,capability_support_heatmap
hybrid_support,Hybrid,high,6.5827361563517925,8.44,6.5827361563517925,4.332231270358307,5.4,8.44,-2.440000000000001,-5.0,6.5,0.55,2.0,0.32,5.0,1.8,1.8,12.0,5.0,1.0,0.8,0.8,1.4,0.45,0.35,0.2,0.35,0.55,0.2,7.0,5.4,capability_support_heatmap
hybrid_support,Hybrid,high,6.7182926829268315,8.319999999999999,6.7182926829268315,4.393231707317074,5.4,8.319999999999999,-2.560000000000001,-5.0,6.5,0.55,2.0,0.32,5.0,1.8,1.95,12.0,5.0,1.0,0.8,0.8,1.4,0.45,0.35,0.2,0.35,0.55,0.2,7.0,5.4,capability_support_heatmap
hybrid_support,Hybrid,high,6.837535816618912,8.2,6.837535816618912,4.446891117478511,5.4,8.2,-2.680000000000001,-5.0,6.5,0.55,2.0,0.32,5.0,1.8,2.1,12.0,5.0,1.0,0.8,0.8,1.4,0.45,0.35,0.2,0.35,0.55,0.2,7.0,5.4,capability_support_heatmap
hybrid_support,Hybrid,high,6.943243243243245,8.079999999999998,6.943243243243245,4.49445945945946,5.4,8.079999999999998,-2.800000000000001,-5.0,6.5,0.55,2.0,0.32,5.0,1.8,2.25,12.0,5.0,1.0,0.8,0.8,1.4,0.45,0.35,0.2,0.35,0.55,0.2,7.0,5.4,capability_support_heatmap
hybrid_support,Hybrid,high,7.03759590792839,7.959999999999999,7.03759590792839,4.536918158567776,5.4,7.959999999999999,-2.920000000000001,-5.0,6.5,0.55,2.0,0.32,5.0,1.8,2.4,12.0,5.0,1.0,0.8,0.8,1.4,0.45,0.35,0.2,0.35,0.55,0.2,7.0,5.4,capability_support_heatmap
hybrid_support,Hybrid,high,7.12233009708738,7.839999999999999,7.12233009708738,4.57504854368932,5.4,7.839999999999999,-3.040000000000001,-5.0,6.5,0.55,2.0,0.32,5.0,1.8,2.55,12.0,5.0,1.0,0.8,0.8,1.4,0.45,0.35,0.2,0.35,0.55,0.2,7.0,5.4,capability_support_heatmap
hybrid_support,Hybrid,high,7.198845265588917,7.719999999999999,7.198845265588917,4.609480369515012,5.4,7.719999999999999,-3.160000000000001,-5.0,6.5,0.55,2.0,0.32,5.0,1.8,2.7,12.0,5.0,1.0,0.8,0.8,1.4,0.45,0.35,0.2,0.35,0.55,0.2,7.0,5.4,capability_support_heatmap
hybrid_support,Hybrid,high,7.268281938325993,7.599999999999999,7.268281938325993,4.640726872246697,5.4,7.599999999999999,-3.280000000000001,-5.0,6.5,0.55,2.0,0.32,5.0,1.8,2.85,12.0,5.0,1.0,0.8,0.8,1.4,0.45,0.35,0.2,0.35,0.55,0.2,7.0,5.4,capability_support_heatmap
hybrid_support,Hybrid,high,7.331578947368422,7.479999999999999,7.331578947368422,4.669210526315791,5.4,7.479999999999999,-3.4000000000000012,-5.0,6.5,0.55,2.0,0.32,5.0,1.8,3.0,12.0,5.0,1.0,0.8,0.8,1.4,0.45,0.35,0.2,0.35,0.55,0.2,7.0,5.4,capability_support_heatmap
hybrid_support,Hybrid,none,5.4,-5.0,-2.1333333333333324,0.41000000000000014,5.4,9.879999999999999,-1.0000000000000007,-5.0,6.5,0.6,2.0,0.32,5.0,1.8,0.0,12.0,5.0,1.0,0.8,0.8,1.4,0.45,0.35,0.2,0.35,0.55,0.2,7.0,5.4,capability_support_heatmap
hybrid_support,Hybrid,none,5.4,-5.0,0.67530864197531,1.673888888888889,5.4,9.76,-1.1200000000000008,-5.0,6.5,0.6,2.0,0.32,5.0,1.8,0.15,12.0,5.0,1.0,0.8,0.8,1.4,0.45,0.35,0.2,0.35,0.55,0.2,7.0,5.4,capability_support_heatmap
hybrid_support,Hybrid,none,5.4,-5.0,2.327450980392159,2.4173529411764703,5.4,9.639999999999999,-1.2400000000000007,-5.0,6.5,0.6,2.0,0.32,5.0,1.8,0.3,12.0,5.0,1.0,0.8,0.8,1.4,0.45,0.35,0.2,0.35,0.55,0.2,7.0,5.4,capability_support_heatmap
hybrid_support,Hybrid,none,5.4,-5.0,3.4154471544715466,2.9069512195121954,5.4,9.52,-1.3600000000000008,-5.0,6.5,0.6,2.0,0.32,5.0,1.8,0.45,12.0,5.0,1.0,0.8,0.8,1.4,0.45,0.35,0.2,0.35,0.55,0.2,7.0,5.4,capability_support_heatmap
hybrid_support,Hybrid,none,5.4,-5.0,4.186111111111112,3.2537499999999993,5.4,9.399999999999999,-1.4800000000000006,-5.0,6.5,0.6,2.0,0.32,5.0,1.8,0.6,12.0,5.0,1.0,0.8,0.8,1.4,0.45,0.35,0.2,0.35,0.55,0.2,7.0,5.4,capability_support_heatmap
hybrid_support,Hybrid,none,5.4,-5.0,4.760606060606062,3.5122727272727277,5.4,9.28,-1.6000000000000008,-5.0,6.5,0.6,2.0,0.32,5.0,1.8,0.75,12.0,5.0,1.0,0.8,0.8,1.4,0.45,0.35,0.2,0.35,0.55,0.2,7.0,5.4,capability_support_heatmap
hybrid_support,Hybrid,none,5.4,-5.0,5.205376344086023,3.7124193548387097,5.4,9.159999999999998,-1.7200000000000009,-5.0,6.5,0.6,2.0,0.32,5.0,1.8,0.9,12.0,5.0,1.0,0.8,0.8,1.4,0.45,0.35,0.2,0.35,0.55,0.2,7.0,5.4,capability_support_heatmap
hybrid_support,Hybrid,high,5.559903381642513,9.04,5.559903381642513,3.8719565217391305,5.4,9.04,-1.840000000000001,-5.0,6.5,0.6,2.0,0.32,5.0,1.8,1.05,12.0,5.0,1.0,0.8,0.8,1.4,0.45,0.35,0.2,0.35,0.55,0.2,7.0,5.4,capability_support_heatmap
hybrid_support,Hybrid,high,5.849122807017546,8.919999999999998,5.849122807017546,4.002105263157896,5.4,8.919999999999998,-1.9600000000000006,-5.0,6.5,0.6,2.0,0.32,5.0,1.8,1.2,12.0,5.0,1.0,0.8,0.8,1.4,0.45,0.35,0.2,0.35,0.55,0.2,7.0,5.4,capability_support_heatmap
hybrid_support,Hybrid,high,6.0895582329317275,8.799999999999999,6.0895582329317275,4.110301204819278,5.4,8.799999999999999,-2.080000000000001,-5.0,6.5,0.6,2.0,0.32,5.0,1.8,1.35,12.0,5.0,1.0,0.8,0.8,1.4,0.45,0.35,0.2,0.35,0.55,0.2,7.0,5.4,capability_support_heatmap
hybrid_support,Hybrid,high,6.2925925925925945,8.68,6.2925925925925945,4.201666666666668,5.4,8.68,-2.200000000000001,-5.0,6.5,0.6,2.0,0.32,5.0,1.8,1.5,12.0,5.0,1.0,0.8,0.8,1.4,0.45,0.35,0.2,0.35,0.55,0.2,7.0,5.4,capability_support_heatmap
hybrid_support,Hybrid,high,6.466323024054985,8.559999999999999,6.466323024054985,4.279845360824742,5.4,8.559999999999999,-2.3200000000000007,-5.0,6.5,0.6,2.0,0.32,5.0,1.8,1.65,12.0,5.0,1.0,0.8,0.8,1.4,0.45,0.35,0.2,0.35,0.55,0.2,7.0,5.4,capability_support_heatmap
hybrid_support,Hybrid,high,6.616666666666667,8.44,6.616666666666667,4.3475,5.4,8.44,-2.440000000000001,-5.0,6.5,0.6,2.0,0.32,5.0,1.8,1.8,12.0,5.0,1.0,0.8,0.8,1.4,0.45,0.35,0.2,0.35,0.55,0.2,7.0,5.4,capability_support_heatmap
hybrid_support,Hybrid,high,6.74804804804805,8.319999999999999,6.74804804804805,4.406621621621623,5.4,8.319999999999999,-2.560000000000001,-5.0,6.5,0.6,2.0,0.32,5.0,1.8,1.95,12.0,5.0,1.0,0.8,0.8,1.4,0.45,0.35,0.2,0.35,0.55,0.2,7.0,5.4,capability_support_heatmap
hybrid_support,Hybrid,high,6.863841807909607,8.2,6.863841807909607,4.458728813559322,5.4,8.2,-2.680000000000001,-5.0,6.5,0.6,2.0,0.32,5.0,1.8,2.1,12.0,5.0,1.0,0.8,0.8,1.4,0.45,0.35,0.2,0.35,0.55,0.2,7.0,5.4,capability_support_heatmap
hybrid_support,Hybrid,high,6.966666666666669,8.079999999999998,6.966666666666669,4.505000000000001,5.4,8.079999999999998,-2.800000000000001,-5.0,6.5,0.6,2.0,0.32,5.0,1.8,2.25,12.0,5.0,1.0,0.8,0.8,1.4,0.45,0.35,0.2,0.35,0.55,0.2,7.0,5.4,capability_support_heatmap
hybrid_support,Hybrid,high,7.058585858585859,7.959999999999999,7.058585858585859,4.546363636363637,5.4,7.959999999999999,-2.920000000000001,-5.0,6.5,0.6,2.0,0.32,5.0,1.8,2.4,12.0,5.0,1.0,0.8,0.8,1.4,0.45,0.35,0.2,0.35,0.55,0.2,7.0,5.4,capability_support_heatmap
hybrid_support,Hybrid,high,7.141247002398082,7.839999999999999,7.141247002398082,4.583561151079136,5.4,7.839999999999999,-3.040000000000001,-5.0,6.5,0.6,2.0,0.32,5.0,1.8,2.55,12.0,5.0,1.0,0.8,0.8,1.4,0.45,0.35,0.2,0.35,0.55,0.2,7.0,5.4,capability_support_heatmap
hybrid_support,Hybrid,high,7.2159817351598186,7.719999999999999,7.2159817351598186,4.617191780821919,5.4,7.719999999999999,-3.160000000000001,-5.0,6.5,0.6,2.0,0.32,5.0,1.8,2.7,12.0,5.0,1.0,0.8,0.8,1.4,0.45,0.35,0.2,0.35,0.55,0.2,7.0,5.4,capability_support_heatmap
hybrid_support,Hybrid,high,7.283877995642703,7.599999999999999,7.283877995642703,4.647745098039216,5.4,7.599999999999999,-3.280000000000001,-5.0,6.5,0.6,2.0,0.32,5.0,1.8,2.85,12.0,5.0,1.0,0.8,0.8,1.4,0.45,0.35,0.2,0.35,0.55,0.2,7.0,5.4,capability_support_heatmap
hybrid_support,Hybrid,high,7.345833333333333,7.479999999999999,7.345833333333333,4.675625,5.4,7.479999999999999,-3.4000000000000012,-5.0,6.5,0.6,2.0,0.32,5.0,1.8,3.0,12.0,5.0,1.0,0.8,0.8,1.4,0.45,0.35,0.2,0.35,0.55,0.2,7.0,5.4,capability_support_heatmap
hybrid_support,Hybrid,none,5.4,-5.0,-1.2999999999999985,0.7850000000000001,5.4,9.879999999999999,-1.0000000000000007,-5.0,6.5,0.65,2.0,0.32,5.0,1.8,0.0,12.0,5.0,1.0,0.8,0.8,1.4,0.45,0.35,0.2,0.35,0.55,0.2,7.0,5.4,capability_support_heatmap
hybrid_support,Hybrid,none,5.4,-5.0,1.1418604651162805,1.8838372093023255,5.4,9.76,-1.1200000000000008,-5.0,6.5,0.65,2.0,0.32,5.0,1.8,0.15,12.0,5.0,1.0,0.8,0.8,1.4,0.45,0.35,0.2,0.35,0.55,0.2,7.0,5.4,capability_support_heatmap
hybrid_support,Hybrid,none,5.4,-5.0,2.6252336448598146,2.5513551401869163,5.4,9.639999999999999,-1.2400000000000007,-5.0,6.5,0.65,2.0,0.32,5.0,1.8,0.3,12.0,5.0,1.0,0.8,0.8,1.4,0.45,0.35,0.2,0.35,0.55,0.2,7.0,5.4,capability_support_heatmap
hybrid_support,Hybrid,none,5.4,-5.0,3.6218750000000015,2.99984375,5.4,9.52,-1.3600000000000008,-5.0,6.5,0.65,2.0,0.32,5.0,1.8,0.45,12.0,5.0,1.0,0.8,0.8,1.4,0.45,0.35,0.2,0.35,0.55,0.2,7.0,5.4,capability_support_heatmap
hybrid_support,Hybrid,none,5.4,-5.0,4.337583892617451,3.3219127516778526,5.4,9.399999999999999,-1.4800000000000006,-5.0,6.5,0.65,2.0,0.32,5.0,1.8,0.6,12.0,5.0,1.0,0.8,0.8,1.4,0.45,0.35,0.2,0.35,0.55,0.2,7.0,5.4,capability_support_heatmap
hybrid_support,Hybrid,none,5.4,-5.0,4.876470588235295,3.5644117647058824,5.4,9.28,-1.6000000000000008,-5.0,6.5,0.65,2.0,0.32,5.0,1.8,0.75,12.0,5.0,1.0,0.8,0.8,1.4,0.45,0.35,0.2,0.35,0.55,0.2,7.0,5.4,capability_support_heatmap
hybrid_support,Hybrid,none,5.4,-5.0,5.296858638743457,3.7535863874345554,5.4,9.159999999999998,-1.7200000000000009,-5.0,6.5,0.65,2.0,0.32,5.0,1.8,0.9,12.0,5.0,1.0,0.8,0.8,1.4,0.45,0.35,0.2,0.35,0.55,0.2,7.0,5.4,capability_support_heatmap
hybrid_support,Hybrid,high,5.633962264150945,9.04,5.633962264150945,3.9052830188679244,5.4,9.04,-1.840000000000001,-5.0,6.5,0.65,2.0,0.32,5.0,1.8,1.05,12.0,5.0,1.0,0.8,0.8,1.4,0.45,0.35,0.2,0.35,0.55,0.2,7.0,5.4,capability_support_heatmap
hybrid_support,Hybrid,high,5.9103004291845505,8.919999999999998,5.9103004291845505,4.029635193133048,5.4,8.919999999999998,-1.9600000000000006,-5.0,6.5,0.65,2.0,0.32,5.0,1.8,1.2,12.0,5.0,1.0,0.8,0.8,1.4,0.45,0.35,0.2,0.35,0.55,0.2,7.0,5.4,capability_support_heatmap
hybrid_support,Hybrid,high,6.140944881889766,8.799999999999999,6.140944881889766,4.133425196850395,5.4,8.799999999999999,-2.080000000000001,-5.0,6.5,0.65,2.0,0.32,5.0,1.8,1.35,12.0,5.0,1.0,0.8,0.8,1.4,0.45,0.35,0.2,0.35,0.55,0.2,7.0,5.4,capability_support_heatmap
hybrid_support,Hybrid,high,6.336363636363638,8.68,6.336363636363638,4.2213636363636375,5.4,8.68,-2.200000000000001,-5.0,6.5,0.65,2.0,0.32,5.0,1.8,1.5,12.0,5.0,1.0,0.8,0.8,1.4,0.45,0.35,0.2,0.35,0.55,0.2,7.0,5.4,capability_support_heatmap
hybrid_support,Hybrid,high,6.5040540540540555,8.559999999999999,6.5040540540540555,4.296824324324325,5.4,8.559999999999999,-2.3200000000000007,-5.0,6.5,0.65,2.0,0.32,5.0,1.8,1.65,12.0,5.0,1.0,0.8,0.8,1.4,0.45,0.35,0.2,0.35,0.55,0.2,7.0,5.4,capability_support_heatmap
hybrid_support,Hybrid,high,6.649526813880128,8.44,6.649526813880128,4.362287066246058,5.4,8.44,-2.440000000000001,-5.0,6.5,0.65,2.0,0.32,5.0,1.8,1.8,12.0,5.0,1.0,0.8,0.8,1.4,0.45,0.35,0.2,0.35,0.55,0.2,7.0,5.4,capability_support_heatmap
hybrid_support,Hybrid,high,6.776923076923078,8.319999999999999,6.776923076923078,4.419615384615385,5.4,8.319999999999999,-2.560000000000001,-5.0,6.5,0.65,2.0,0.32,5.0,1.8,1.95,12.0,5.0,1.0,0.8,0.8,1.4,0.45,0.35,0.2,0.35,0.55,0.2,7.0,5.4,capability_support_heatmap
hybrid_support,Hybrid,high,6.889415041782732,8.2,6.889415041782732,4.470236768802229,5.4,8.2,-2.680000000000001,-5.0,6.5,0.65,2.0,0.32,5.0,1.8,2.1,12.0,5.0,1.0,0.8,0.8,1.4,0.45,0.35,0.2,0.35,0.55,0.2,7.0,5.4,capability_support_heatmap
hybrid_support,Hybrid,high,6.9894736842105285,8.079999999999998,6.9894736842105285,4.515263157894738,5.4,8.079999999999998,-2.800000000000001,-5.0,6.5,0.65,2.0,0.32,5.0,1.8,2.25,12.0,5.0,1.0,0.8,0.8,1.4,0.45,0.35,0.2,0.35,0.55,0.2,7.0,5.4,capability_support_heatmap
hybrid_support,Hybrid,high,7.079052369077308,7.959999999999999,7.079052369077308,4.555573566084789,5.4,7.959999999999999,-2.920000000000001,-5.0,6.5,0.65,2.0,0.32,5.0,1.8,2.4,12.0,5.0,1.0,0.8,0.8,1.4,0.45,0.35,0.2,0.35,0.55,0.2,7.0,5.4,capability_support_heatmap
hybrid_support,Hybrid,high,7.159715639810427,7.839999999999999,7.159715639810427,4.591872037914692,5.4,7.839999999999999,-3.040000000000001,-5.0,6.5,0.65,2.0,0.32,5.0,1.8,2.55,12.0,5.0,1.0,0.8,0.8,1.4,0.45,0.35,0.2,0.35,0.55,0.2,7.0,5.4,capability_support_heatmap
hybrid_support,Hybrid,high,7.23273137697517,7.719999999999999,7.23273137697517,4.624729119638827,5.4,7.719999999999999,-3.160000000000001,-5.0,6.5,0.65,2.0,0.32,5.0,1.8,2.7,12.0,5.0,1.0,0.8,0.8,1.4,0.45,0.35,0.2,0.35,0.55,0.2,7.0,5.4,capability_support_heatmap
hybrid_support,Hybrid,high,7.299137931034483,7.599999999999999,7.299137931034483,4.654612068965518,5.4,7.599999999999999,-3.280000000000001,-5.0,6.5,0.65,2.0,0.32,5.0,1.8,2.85,12.0,5.0,1.0,0.8,0.8,1.4,0.45,0.35,0.2,0.35,0.55,0.2,7.0,5.4,capability_support_heatmap
hybrid_support,Hybrid,high,7.35979381443299,7.479999999999999,7.35979381443299,4.681907216494846,5.4,7.479999999999999,-3.4000000000000012,-5.0,6.5,0.65,2.0,0.32,5.0,1.8,3.0,12.0,5.0,1.0,0.8,0.8,1.4,0.45,0.35,0.2,0.35,0.55,0.2,7.0,5.4,capability_support_heatmap
hybrid_support,Hybrid,none,5.4,-5.0,-0.585714285714285,1.1064285714285713,5.4,9.879999999999999,-1.0000000000000007,-5.0,6.5,0.7,2.0,0.32,5.0,1.8,0.0,12.0,5.0,1.0,0.8,0.8,1.4,0.45,0.35,0.2,0.35,0.55,0.2,7.0,5.4,capability_support_heatmap
hybrid_support,Hybrid,none,5.4,-5.0,1.5571428571428583,2.0707142857142857,5.4,9.76,-1.1200000000000008,-5.0,6.5,0.7,2.0,0.32,5.0,1.8,0.15,12.0,5.0,1.0,0.8,0.8,1.4,0.45,0.35,0.2,0.35,0.55,0.2,7.0,5.4,capability_support_heatmap
hybrid_support,Hybrid,none,5.4,-5.0,2.8964285714285727,2.673392857142857,5.4,9.639999999999999,-1.2400000000000007,-5.0,6.5,0.7,2.0,0.32,5.0,1.8,0.3,12.0,5.0,1.0,0.8,0.8,1.4,0.45,0.35,0.2,0.35,0.55,0.2,7.0,5.4,capability_support_heatmap
hybrid_support,Hybrid,none,5.4,-5.0,3.8127819548872197,3.085751879699248,5.4,9.52,-1.3600000000000008,-5.0,6.5,0.7,2.0,0.32,5.0,1.8,0.45,12.0,5.0,1.0,0.8,0.8,1.4,0.45,0.35,0.2,0.35,0.55,0.2,7.0,5.4,capability_support_heatmap
hybrid_support,Hybrid,none,5.4,-5.0,4.47922077922078,3.3856493506493504,5.4,9.399999999999999,-1.4800000000000006,-5.0,6.5,0.7,2.0,0.32,5.0,1.8,0.6,12.0,5.0,1.0,0.8,0.8,1.4,0.45,0.35,0.2,0.35,0.55,0.2,7.0,5.4,capability_support_heatmap
hybrid_support,Hybrid,none,5.4,-5.0,4.985714285714286,3.6135714285714284,5.4,9.28,-1.6000000000000008,-5.0,6.5,0.7,2.0,0.32,5.0,1.8,0.75,12.0,5.0,1.0,0.8,0.8,1.4,0.45,0.35,0.2,0.35,0.55,0.2,7.0,5.4,capability_support_heatmap
hybrid_support,Hybrid,none,5.4,-5.0,5.383673469387757,3.7926530612244895,5.4,9.159999999999998,-1.7200000000000009,-5.0,6.5,0.7,2.0,0.32,5.0,1.8,0.9,12.0,5.0,1.0,0.8,0.8,1.4,0.45,0.35,0.2,0.35,0.55,0.2,7.0,5.4,capability_support_heatmap
hybrid_support,Hybrid,high,5.7046082949308765,9.04,5.7046082949308765,3.9370737327188947,5.4,9.04,-1.840000000000001,-5.0,6.5,0.7,2.0,0.32,5.0,1.8,1.05,12.0,5.0,1.0,0.8,0.8,1.4,0.45,0.35,0.2,0.35,0.55,0.2,7.0,5.4,capability_support_heatmap
hybrid_support,Hybrid,high,5.968907563025212,8.919999999999998,5.968907563025212,4.056008403361345,5.4,8.919999999999998,-1.9600000000000006,-5.0,6.5,0.7,2.0,0.32,5.0,1.8,1.2,12.0,5.0,1.0,0.8,0.8,1.4,0.45,0.35,0.2,0.35,0.55,0.2,7.0,5.4,capability_support_heatmap
hybrid_support,Hybrid,high,6.1903474903474915,8.799999999999999,6.1903474903474915,4.155656370656372,5.4,8.799999999999999,-2.080000000000001,-5.0,6.5,0.7,2.0,0.32,5.0,1.8,1.35,12.0,5.0,1.0,0.8,0.8,1.4,0.45,0.35,0.2,0.35,0.55,0.2,7.0,5.4,capability_support_heatmap
hybrid_support,Hybrid,high,6.37857142857143,8.68,6.37857142857143,4.240357142857144,5.4,8.68,-2.200000000000001,-5.0,6.5,0.7,2.0,0.32,5.0,1.8,1.5,12.0,5.0,1.0,0.8,0.8,1.4,0.45,0.35,0.2,0.35,0.55,0.2,7.0,5.4,capability_support_heatmap
hybrid_support,Hybrid,high,6.540531561461796,8.559999999999999,6.540531561461796,4.313239202657808,5.4,8.559999999999999,-2.3200000000000007,-5.0,6.5,0.7,2.0,0.32,5.0,1.8,1.65,12.0,5.0,1.0,0.8,0.8,1.4,0.45,0.35,0.2,0.35,0.55,0.2,7.0,5.4,capability_support_heatmap
hybrid_support,Hybrid,high,6.681366459627331,8.44,6.681366459627331,4.376614906832298,5.4,8.44,-2.440000000000001,-5.0,6.5,0.7,2.0,0.32,5.0,1.8,1.8,12.0,5.0,1.0,0.8,0.8,1.4,0.45,0.35,0.2,0.35,0.55,0.2,7.0,5.4,capability_support_heatmap
hybrid_support,Hybrid,high,6.804956268221575,8.319999999999999,6.804956268221575,4.432230320699709,5.4,8.319999999999999,-2.560000000000001,-5.0,6.5,0.7,2.0,0.32,5.0,1.8,1.95,12.0,5.0,1.0,0.8,0.8,1.4,0.45,0.35,0.2,0.35,0.55,0.2,7.0,5.4,capability_support_heatmap
hybrid_support,Hybrid,high,6.914285714285716,8.2,6.914285714285716,4.481428571428571,5.4,8.2,-2.680000000000001,-5.0,6.5,0.7,2.0,0.32,5.0,1.8,2.1,12.0,5.0,1.0,0.8,0.8,1.4,0.45,0.35,0.2,0.35,0.55,0.2,7.0,5.4,capability_support_heatmap
hybrid_support,Hybrid,high,7.011688311688314,8.079999999999998,7.011688311688314,4.525259740259742,5.4,8.079999999999998,-2.800000000000001,-5.0,6.5,0.7,2.0,0.32,5.0,1.8,2.25,12.0,5.0,1.0,0.8,0.8,1.4,0.45,0.35,0.2,0.35,0.55,0.2,7.0,5.4,capability_support_heatmap
hybrid_support,Hybrid,high,7.099014778325124,7.959999999999999,7.099014778325124,4.564556650246306,5.4,7.959999999999999,-2.920000000000001,-5.0,6.5,0.7,2.0,0.32,5.0,1.8,2.4,12.0,5.0,1.0,0.8,0.8,1.4,0.45,0.35,0.2,0.35,0.55,0.2,7.0,5.4,capability_support_heatmap
hybrid_support,Hybrid,high,7.177751756440282,7.839999999999999,7.177751756440282,4.599988290398127,5.4,7.839999999999999,-3.040000000000001,-5.0,6.5,0.7,2.0,0.32,5.0,1.8,2.55,12.0,5.0,1.0,0.8,0.8,1.4,0.45,0.35,0.2,0.35,0.55,0.2,7.0,5.4,capability_support_heatmap
hybrid_support,Hybrid,high,7.249107142857143,7.719999999999999,7.249107142857143,4.632098214285715,5.4,7.719999999999999,-3.160000000000001,-5.0,6.5,0.7,2.0,0.32,5.0,1.8,2.7,12.0,5.0,1.0,0.8,0.8,1.4,0.45,0.35,0.2,0.35,0.55,0.2,7.0,5.4,capability_support_heatmap
hybrid_support,Hybrid,high,7.31407249466951,7.599999999999999,7.31407249466951,4.661332622601281,5.4,7.599999999999999,-3.280000000000001,-5.0,6.5,0.7,2.0,0.32,5.0,1.8,2.85,12.0,5.0,1.0,0.8,0.8,1.4,0.45,0.35,0.2,0.35,0.55,0.2,7.0,5.4,capability_support_heatmap
hybrid_support,Hybrid,high,7.373469387755103,7.479999999999999,7.373469387755103,4.688061224489797,5.4,7.479999999999999,-3.4000000000000012,-5.0,6.5,0.7,2.0,0.32,5.0,1.8,3.0,12.0,5.0,1.0,0.8,0.8,1.4,0.45,0.35,0.2,0.35,0.55,0.2,7.0,5.4,capability_support_heatmap
hybrid_support,Hybrid,none,5.4,-5.0,0.033333333333335435,1.3850000000000002,5.4,9.879999999999999,-1.0000000000000007,-5.0,6.5,0.75,2.0,0.32,5.0,1.8,0.0,12.0,5.0,1.0,0.8,0.8,1.4,0.45,0.35,0.2,0.35,0.55,0.2,7.0,5.4,capability_support_heatmap
hybrid_support,Hybrid,none,5.4,-5.0,1.9291666666666676,2.2381249999999993,5.4,9.76,-1.1200000000000008,-5.0,6.5,0.75,2.0,0.32,5.0,1.8,0.15,12.0,5.0,1.0,0.8,0.8,1.4,0.45,0.35,0.2,0.35,0.55,0.2,7.0,5.4,capability_support_heatmap
hybrid_support,Hybrid,none,5.4,-5.0,3.1444444444444453,2.7849999999999993,5.4,9.639999999999999,-1.2400000000000007,-5.0,6.5,0.75,2.0,0.32,5.0,1.8,0.3,12.0,5.0,1.0,0.8,0.8,1.4,0.45,0.35,0.2,0.35,0.55,0.2,7.0,5.4,capability_support_heatmap
hybrid_support,Hybrid,none,5.4,-5.0,3.989855072463769,3.1654347826086955,5.4,9.52,-1.3600000000000008,-5.0,6.5,0.75,2.0,0.32,5.0,1.8,0.45,12.0,5.0,1.0,0.8,0.8,1.4,0.45,0.35,0.2,0.35,0.55,0.2,7.0,5.4,capability_support_heatmap
hybrid_support,Hybrid,none,5.4,-5.0,4.611949685534592,3.445377358490566,5.4,9.399999999999999,-1.4800000000000006,-5.0,6.5,0.75,2.0,0.32,5.0,1.8,0.6,12.0,5.0,1.0,0.8,0.8,1.4,0.45,0.35,0.2,0.35,0.55,0.2,7.0,5.4,capability_support_heatmap
hybrid_support,Hybrid,none,5.4,-5.0,5.08888888888889,3.66,5.4,9.28,-1.6000000000000008,-5.0,6.5,0.75,2.0,0.32,5.0,1.8,0.75,12.0,5.0,1.0,0.8,0.8,1.4,0.45,0.35,0.2,0.35,0.55,0.2,7.0,5.4,capability_support_heatmap
hybrid_support,Hybrid,high,5.466169154228856,9.159999999999998,5.466169154228856,3.8297761194029856,5.4,9.159999999999998,-1.7200000000000009,-5.0,6.5,0.75,2.0,0.32,5.0,1.8,0.9,12.0,5.0,1.0,0.8,0.8,1.4,0.45,0.35,0.2,0.35,0.55,0.2,7.0,5.4,capability_support_heatmap
hybrid_support,Hybrid,high,5.772072072072072,9.04,5.772072072072072,3.967432432432433,5.4,9.04,-1.840000000000001,-5.0,6.5,0.75,2.0,0.32,5.0,1.8,1.05,12.0,5.0,1.0,0.8,0.8,1.4,0.45,0.35,0.2,0.35,0.55,0.2,7.0,5.4,capability_support_heatmap
hybrid_support,Hybrid,high,6.025102880658437,8.919999999999998,6.025102880658437,4.081296296296296,5.4,8.919999999999998,-1.9600000000000006,-5.0,6.5,0.75,2.0,0.32,5.0,1.8,1.2,12.0,5.0,1.0,0.8,0.8,1.4,0.45,0.35,0.2,0.35,0.55,0.2,7.0,5.4,capability_support_heatmap
hybrid_support,Hybrid,high,6.237878787878788,8.799999999999999,6.237878787878788,4.177045454545455,5.4,8.799999999999999,-2.080000000000001,-5.0,6.5,0.75,2.0,0.32,5.0,1.8,1.35,12.0,5.0,1.0,0.8,0.8,1.4,0.45,0.35,0.2,0.35,0.55,0.2,7.0,5.4,capability_support_heatmap
hybrid_support,Hybrid,high,6.419298245614035,8.68,6.419298245614035,4.258684210526317,5.4,8.68,-2.200000000000001,-5.0,6.5,0.75,2.0,0.32,5.0,1.8,1.5,12.0,5.0,1.0,0.8,0.8,1.4,0.45,0.35,0.2,0.35,0.55,0.2,7.0,5.4,capability_support_heatmap
hybrid_support,Hybrid,high,6.575816993464054,8.559999999999999,6.575816993464054,4.329117647058824,5.4,8.559999999999999,-2.3200000000000007,-5.0,6.5,0.75,2.0,0.32,5.0,1.8,1.65,12.0,5.0,1.0,0.8,0.8,1.4,0.45,0.35,0.2,0.35,0.55,0.2,7.0,5.4,capability_support_heatmap
hybrid_support,Hybrid,high,6.712232415902141,8.44,6.712232415902141,4.390504587155965,5.4,8.44,-2.440000000000001,-5.0,6.5,0.75,2.0,0.32,5.0,1.8,1.8,12.0,5.0,1.0,0.8,0.8,1.4,0.45,0.35,0.2,0.35,0.55,0.2,7.0,5.4,capability_support_heatmap
hybrid_support,Hybrid,high,6.8321839080459785,8.319999999999999,6.8321839080459785,4.4444827586206905,5.4,8.319999999999999,-2.560000000000001,-5.0,6.5,0.75,2.0,0.32,5.0,1.8,1.95,12.0,5.0,1.0,0.8,0.8,1.4,0.45,0.35,0.2,0.35,0.55,0.2,7.0,5.4,capability_support_heatmap
hybrid_support,Hybrid,high,6.93848238482385,8.2,6.93848238482385,4.492317073170732,5.4,8.2,-2.680000000000001,-5.0,6.5,0.75,2.0,0.32,5.0,1.8,2.1,12.0,5.0,1.0,0.8,0.8,1.4,0.45,0.35,0.2,0.35,0.55,0.2,7.0,5.4,capability_support_heatmap
hybrid_support,Hybrid,high,7.033333333333335,8.079999999999998,7.033333333333335,4.535,5.4,8.079999999999998,-2.800000000000001,-5.0,6.5,0.75,2.0,0.32,5.0,1.8,2.25,12.0,5.0,1.0,0.8,0.8,1.4,0.45,0.35,0.2,0.35,0.55,0.2,7.0,5.4,capability_support_heatmap
hybrid_support,Hybrid,high,7.118491484184915,7.959999999999999,7.118491484184915,4.573321167883211,5.4,7.959999999999999,-2.920000000000001,-5.0,6.5,0.75,2.0,0.32,5.0,1.8,2.4,12.0,5.0,1.0,0.8,0.8,1.4,0.45,0.35,0.2,0.35,0.55,0.2,7.0,5.4,capability_support_heatmap
hybrid_support,Hybrid,high,7.195370370370371,7.839999999999999,7.195370370370371,4.607916666666668,5.4,7.839999999999999,-3.040000000000001,-5.0,6.5,0.75,2.0,0.32,5.0,1.8,2.55,12.0,5.0,1.0,0.8,0.8,1.4,0.45,0.35,0.2,0.35,0.55,0.2,7.0,5.4,capability_support_heatmap
hybrid_support,Hybrid,high,7.265121412803532,7.719999999999999,7.265121412803532,4.63930463576159,5.4,7.719999999999999,-3.160000000000001,-5.0,6.5,0.75,2.0,0.32,5.0,1.8,2.7,12.0,5.0,1.0,0.8,0.8,1.4,0.45,0.35,0.2,0.35,0.55,0.2,7.0,5.4,capability_support_heatmap
hybrid_support,Hybrid,high,7.328691983122363,7.599999999999999,7.328691983122363,4.667911392405063,5.4,7.599999999999999,-3.280000000000001,-5.0,6.5,0.75,2.0,0.32,5.0,1.8,2.85,12.0,5.0,1.0,0.8,0.8,1.4,0.45,0.35,0.2,0.35,0.55,0.2,7.0,5.4,capability_support_heatmap
hybrid_support,Hybrid,high,7.386868686868688,7.479999999999999,7.386868686868688,4.69409090909091,5.4,7.479999999999999,-3.4000000000000012,-5.0,6.5,0.75,2.0,0.32,5.0,1.8,3.0,12.0,5.0,1.0,0.8,0.8,1.4,0.45,0.35,0.2,0.35,0.55,0.2,7.0,5.4,capability_support_heatmap
hybrid_support,Hybrid,none,5.4,-5.0,0.5750000000000015,1.6287500000000001,5.4,9.879999999999999,-1.0000000000000007,-5.0,6.5,0.8,2.0,0.32,5.0,1.8,0.0,12.0,5.0,1.0,0.8,0.8,1.4,0.45,0.35,0.2,0.35,0.55,0.2,7.0,5.4,capability_support_heatmap
hybrid_support,Hybrid,none,5.4,-5.0,2.2643564356435655,2.3889603960396038,5.4,9.76,-1.1200000000000008,-5.0,6.5,0.8,2.0,0.32,5.0,1.8,0.15,12.0,5.0,1.0,0.8,0.8,1.4,0.45,0.35,0.2,0.35,0.55,0.2,7.0,5.4,capability_support_heatmap
hybrid_support,Hybrid,none,5.4,-5.0,3.3721311475409848,2.887459016393442,5.4,9.639999999999999,-1.2400000000000007,-5.0,6.5,0.8,2.0,0.32,5.0,1.8,0.3,12.0,5.0,1.0,0.8,0.8,1.4,0.45,0.35,0.2,0.35,0.55,0.2,7.0,5.4,capability_support_heatmap
hybrid_support,Hybrid,none,5.4,-5.0,4.154545454545456,3.2395454545454543,5.4,9.52,-1.3600000000000008,-5.0,6.5,0.8,2.0,0.32,5.0,1.8,0.45,12.0,5.0,1.0,0.8,0.8,1.4,0.45,0.35,0.2,0.35,0.55,0.2,7.0,5.4,capability_support_heatmap
hybrid_support,Hybrid,none,5.4,-5.0,4.73658536585366,3.501463414634147,5.4,9.399999999999999,-1.4800000000000006,-5.0,6.5,0.8,2.0,0.32,5.0,1.8,0.6,12.0,5.0,1.0,0.8,0.8,1.4,0.45,0.35,0.2,0.35,0.55,0.2,7.0,5.4,capability_support_heatmap
hybrid_support,Hybrid,none,5.4,-5.0,5.186486486486487,3.703918918918919,5.4,9.28,-1.6000000000000008,-5.0,6.5,0.8,2.0,0.32,5.0,1.8,0.75,12.0,5.0,1.0,0.8,0.8,1.4,0.45,0.35,0.2,0.35,0.55,0.2,7.0,5.4,capability_support_heatmap
hybrid_support,Hybrid,high,5.544660194174758,9.159999999999998,5.544660194174758,3.865097087378641,5.4,9.159999999999998,-1.7200000000000009,-5.0,6.5,0.8,2.0,0.32,5.0,1.8,0.9,12.0,5.0,1.0,0.8,0.8,1.4,0.45,0.35,0.2,0.35,0.55,0.2,7.0,5.4,capability_support_heatmap
hybrid_support,Hybrid,high,5.836563876651983,9.04,5.836563876651983,3.9964537444933916,5.4,9.04,-1.840000000000001,-5.0,6.5,0.8,2.0,0.32,5.0,1.8,1.05,12.0,5.0,1.0,0.8,0.8,1.4,0.45,0.35,0.2,0.35,0.55,0.2,7.0,5.4,capability_support_heatmap
hybrid_support,Hybrid,high,6.079032258064517,8.919999999999998,6.079032258064517,4.105564516129032,5.4,8.919999999999998,-1.9600000000000006,-5.0,6.5,0.8,2.0,0.32,5.0,1.8,1.2,12.0,5.0,1.0,0.8,0.8,1.4,0.45,0.35,0.2,0.35,0.55,0.2,7.0,5.4,capability_support_heatmap
hybrid_support,Hybrid,high,6.283643122676581,8.799999999999999,6.283643122676581,4.197639405204461,5.4,8.799999999999999,-2.080000000000001,-5.0,6.5,0.8,2.0,0.32,5.0,1.8,1.35,12.0,5.0,1.0,0.8,0.8,1.4,0.45,0.35,0.2,0.35,0.55,0.2,7.0,5.4,capability_support_heatmap
hybrid_support,Hybrid,high,6.458620689655174,8.68,6.458620689655174,4.2763793103448275,5.4,8.68,-2.200000000000001,-5.0,6.5,0.8,2.0,0.32,5.0,1.8,1.5,12.0,5.0,1.0,0.8,0.8,1.4,0.45,0.35,0.2,0.35,0.55,0.2,7.0,5.4,capability_support_heatmap
hybrid_support,Hybrid,high,6.609967845659165,8.559999999999999,6.609967845659165,4.344485530546624,5.4,8.559999999999999,-2.3200000000000007,-5.0,6.5,0.8,2.0,0.32,5.0,1.8,1.65,12.0,5.0,1.0,0.8,0.8,1.4,0.45,0.35,0.2,0.35,0.55,0.2,7.0,5.4,capability_support_heatmap
hybrid_support,Hybrid,high,6.742168674698796,8.44,6.742168674698796,4.403975903614459,5.4,8.44,-2.440000000000001,-5.0,6.5,0.8,2.0,0.32,5.0,1.8,1.8,12.0,5.0,1.0,0.8,0.8,1.4,0.45,0.35,0.2,0.35,0.55,0.2,7.0,5.4,capability_support_heatmap
hybrid_support,Hybrid,high,6.858640226628896,8.319999999999999,6.858640226628896,4.456388101983004,5.4,8.319999999999999,-2.560000000000001,-5.0,6.5,0.8,2.0,0.32,5.0,1.8,1.95,12.0,5.0,1.0,0.8,0.8,1.4,0.45,0.35,0.2,0.35,0.55,0.2,7.0,5.4,capability_support_heatmap
hybrid_support,Hybrid,high,6.962032085561498,8.2,6.962032085561498,4.502914438502675,5.4,8.2,-2.680000000000001,-5.0,6.5,0.8,2.0,0.32,5.0,1.8,2.1,12.0,5.0,1.0,0.8,0.8,1.4,0.45,0.35,0.2,0.35,0.55,0.2,7.0,5.4,capability_support_heatmap
hybrid_support,Hybrid,high,7.054430379746837,8.079999999999998,7.054430379746837,4.544493670886077,5.4,8.079999999999998,-2.800000000000001,-5.0,6.5,0.8,2.0,0.32,5.0,1.8,2.25,12.0,5.0,1.0,0.8,0.8,1.4,0.45,0.35,0.2,0.35,0.55,0.2,7.0,5.4,capability_support_heatmap
hybrid_support,Hybrid,high,7.137500000000001,7.959999999999999,7.137500000000001,4.581875,5.4,7.959999999999999,-2.920000000000001,-5.0,6.5,0.8,2.0,0.32,5.0,1.8,2.4,12.0,5.0,1.0,0.8,0.8,1.4,0.45,0.35,0.2,0.35,0.55,0.2,7.0,5.4,capability_support_heatmap
hybrid_support,Hybrid,high,7.212585812356981,7.839999999999999,7.212585812356981,4.615663615560642,5.4,7.839999999999999,-3.040000000000001,-5.0,6.5,0.8,2.0,0.32,5.0,1.8,2.55,12.0,5.0,1.0,0.8,0.8,1.4,0.45,0.35,0.2,0.35,0.55,0.2,7.0,5.4,capability_support_heatmap
hybrid_support,Hybrid,high,7.280786026200875,7.719999999999999,7.280786026200875,4.646353711790393,5.4,7.719999999999999,-3.160000000000001,-5.0,6.5,0.8,2.0,0.32,5.0,1.8,2.7,12.0,5.0,1.0,0.8,0.8,1.4,0.45,0.35,0.2,0.35,0.55,0.2,7.0,5.4,capability_support_heatmap
hybrid_support,Hybrid,high,7.343006263048018,7.599999999999999,7.343006263048018,4.674352818371608,5.4,7.599999999999999,-3.280000000000001,-5.0,6.5,0.8,2.0,0.32,5.0,1.8,2.85,12.0,5.0,1.0,0.8,0.8,1.4,0.45,0.35,0.2,0.35,0.55,0.2,7.0,5.4,capability_support_heatmap
hybrid_support,Hybrid,high,7.4,7.479999999999999,7.4,4.700000000000001,5.4,7.479999999999999,-3.4000000000000012,-5.0,6.5,0.8,2.0,0.32,5.0,1.8,3.0,12.0,5.0,1.0,0.8,0.8,1.4,0.45,0.35,0.2,0.35,0.55,0.2,7.0,5.4,capability_support_heatmap
hybrid_support,Hybrid,none,5.4,-5.0,1.0529411764705894,1.8438235294117646,5.4,9.879999999999999,-1.0000000000000007,-5.0,6.5,0.85,2.0,0.32,5.0,1.8,0.0,12.0,5.0,1.0,0.8,0.8,1.4,0.45,0.35,0.2,0.35,0.55,0.2,7.0,5.4,capability_support_heatmap
hybrid_support,Hybrid,none,5.4,-5.0,2.5679245283018886,2.5255660377358486,5.4,9.76,-1.1200000000000008,-5.0,6.5,0.85,2.0,0.32,5.0,1.8,0.15,12.0,5.0,1.0,0.8,0.8,1.4,0.45,0.35,0.2,0.35,0.55,0.2,7.0,5.4,capability_support_heatmap
hybrid_support,Hybrid,none,5.4,-5.0,3.5818897637795293,2.981850393700788,5.4,9.639999999999999,-1.2400000000000007,-5.0,6.5,0.85,2.0,0.32,5.0,1.8,0.3,12.0,5.0,1.0,0.8,0.8,1.4,0.45,0.35,0.2,0.35,0.55,0.2,7.0,5.4,capability_support_heatmap
hybrid_support,Hybrid,none,5.4,-5.0,4.30810810810811,3.3086486486486484,5.4,9.52,-1.3600000000000008,-5.0,6.5,0.85,2.0,0.32,5.0,1.8,0.45,12.0,5.0,1.0,0.8,0.8,1.4,0.45,0.35,0.2,0.35,0.55,0.2,7.0,5.4,capability_support_heatmap
hybrid_support,Hybrid,none,5.4,-5.0,4.853846153846154,3.5542307692307693,5.4,9.399999999999999,-1.4800000000000006,-5.0,6.5,0.85,2.0,0.32,5.0,1.8,0.6,12.0,5.0,1.0,0.8,0.8,1.4,0.45,0.35,0.2,0.35,0.55,0.2,7.0,5.4,capability_support_heatmap
hybrid_support,Hybrid,none,5.4,-5.0,5.278947368421054,3.745526315789474,5.4,9.28,-1.6000000000000008,-5.0,6.5,0.85,2.0,0.32,5.0,1.8,0.75,12.0,5.0,1.0,0.8,0.8,1.4,0.45,0.35,0.2,0.35,0.55,0.2,7.0,5.4,capability_support_heatmap
hybrid_support,Hybrid,high,5.619431279620855,9.159999999999998,5.619431279620855,3.898744075829384,5.4,9.159999999999998,-1.7200000000000009,-5.0,6.5,0.85,2.0,0.32,5.0,1.8,0.9,12.0,5.0,1.0,0.8,0.8,1.4,0.45,0.35,0.2,0.35,0.55,0.2,7.0,5.4,capability_support_heatmap
hybrid_support,Hybrid,high,5.898275862068967,9.04,5.898275862068967,4.024224137931036,5.4,9.04,-1.840000000000001,-5.0,6.5,0.85,2.0,0.32,5.0,1.8,1.05,12.0,5.0,1.0,0.8,0.8,1.4,0.45,0.35,0.2,0.35,0.55,0.2,7.0,5.4,capability_support_heatmap
hybrid_support,Hybrid,high,6.1308300395256925,8.919999999999998,6.1308300395256925,4.1288735177865625,5.4,8.919999999999998,-1.9600000000000006,-5.0,6.5,0.85,2.0,0.32,5.0,1.8,1.2,12.0,5.0,1.0,0.8,0.8,1.4,0.45,0.35,0.2,0.35,0.55,0.2,7.0,5.4,capability_support_heatmap
hybrid_support,Hybrid,high,6.327737226277373,8.799999999999999,6.327737226277373,4.217481751824819,5.4,8.799999999999999,-2.080000000000001,-5.0,6.5,0.85,2.0,0.32,5.0,1.8,1.35,12.0,5.0,1.0,0.8,0.8,1.4,0.45,0.35,0.2,0.35,0.55,0.2,7.0,5.4,capability_support_heatmap
hybrid_support,Hybrid,high,6.496610169491527,8.68,6.496610169491527,4.293474576271187,5.4,8.68,-2.200000000000001,-5.0,6.5,0.85,2.0,0.32,5.0,1.8,1.5,12.0,5.0,1.0,0.8,0.8,1.4,0.45,0.35,0.2,0.35,0.55,0.2,7.0,5.4,capability_support_heatmap
hybrid_support,Hybrid,high,6.643037974683546,8.559999999999999,6.643037974683546,4.359367088607595,5.4,8.559999999999999,-2.3200000000000007,-5.0,6.5,0.85,2.0,0.32,5.0,1.8,1.65,12.0,5.0,1.0,0.8,0.8,1.4,0.45,0.35,0.2,0.35,0.55,0.2,7.0,5.4,capability_support_heatmap
hybrid_support,Hybrid,high,6.771216617210683,8.44,6.771216617210683,4.417047477744807,5.4,8.44,-2.440000000000001,-5.0,6.5,0.85,2.0,0.32,5.0,1.8,1.8,12.0,5.0,1.0,0.8,0.8,1.4,0.45,0.35,0.2,0.35,0.55,0.2,7.0,5.4,capability_support_heatmap
hybrid_support,Hybrid,high,6.884357541899442,8.319999999999999,6.884357541899442,4.46796089385475,5.4,8.319999999999999,-2.560000000000001,-5.0,6.5,0.85,2.0,0.32,5.0,1.8,1.95,12.0,5.0,1.0,0.8,0.8,1.4,0.45,0.35,0.2,0.35,0.55,0.2,7.0,5.4,capability_support_heatmap
hybrid_support,Hybrid,high,6.98496042216359,8.2,6.98496042216359,4.513232189973616,5.4,8.2,-2.680000000000001,-5.0,6.5,0.85,2.0,0.32,5.0,1.8,2.1,12.0,5.0,1.0,0.8,0.8,1.4,0.45,0.35,0.2,0.35,0.55,0.2,7.0,5.4,capability_support_heatmap
hybrid_support,Hybrid,high,7.075000000000001,8.079999999999998,7.075000000000001,4.553750000000001,5.4,8.079999999999998,-2.800000000000001,-5.0,6.5,0.85,2.0,0.32,5.0,1.8,2.25,12.0,5.0,1.0,0.8,0.8,1.4,0.45,0.35,0.2,0.35,0.55,0.2,7.0,5.4,capability_support_heatmap
hybrid_support,Hybrid,high,7.1560570071258915,7.959999999999999,7.1560570071258915,4.590225653206652,5.4,7.959999999999999,-2.920000000000001,-5.0,6.5,0.85,2.0,0.32,5.0,1.8,2.4,12.0,5.0,1.0,0.8,0.8,1.4,0.45,0.35,0.2,0.35,0.55,0.2,7.0,5.4,capability_support_heatmap
hybrid_support,Hybrid,high,7.229411764705883,7.839999999999999,7.229411764705883,4.623235294117647,5.4,7.839999999999999,-3.040000000000001,-5.0,6.5,0.85,2.0,0.32,5.0,1.8,2.55,12.0,5.0,1.0,0.8,0.8,1.4,0.45,0.35,0.2,0.35,0.55,0.2,7.0,5.4,capability_support_heatmap
hybrid_support,Hybrid,high,7.29611231101512,7.719999999999999,7.29611231101512,4.6532505399568045,5.4,7.719999999999999,-3.160000000000001,-5.0,6.5,0.85,2.0,0.32,5.0,1.8,2.7,12.0,5.0,1.0,0.8,0.8,1.4,0.45,0.35,0.2,0.35,0.55,0.2,7.0,5.4,capability_support_heatmap
hybrid_support,Hybrid,high,7.357024793388431,7.599999999999999,7.357024793388431,4.680661157024794,5.4,7.599999999999999,-3.280000000000001,-5.0,6.5,0.85,2.0,0.32,5.0,1.8,2.85,12.0,5.0,1.0,0.8,0.8,1.4,0.45,0.35,0.2,0.35,0.55,0.2,7.0,5.4,capability_support_heatmap
hybrid_support,Hybrid,high,7.412871287128715,7.479999999999999,7.412871287128715,4.705792079207921,5.4,7.479999999999999,-3.4000000000000012,-5.0,6.5,0.85,2.0,0.32,5.0,1.8,3.0,12.0,5.0,1.0,0.8,0.8,1.4,0.45,0.35,0.2,0.35,0.55,0.2,7.0,5.4,capability_support_heatmap
hybrid_support,Hybrid,none,5.4,-5.0,1.4777777777777792,2.035,5.4,9.879999999999999,-1.0000000000000007,-5.0,6.5,0.9,2.0,0.32,5.0,1.8,0.0,12.0,5.0,1.0,0.8,0.8,1.4,0.45,0.35,0.2,0.35,0.55,0.2,7.0,5.4,capability_support_heatmap
hybrid_support,Hybrid,none,5.4,-5.0,2.844144144144146,2.649864864864865,5.4,9.76,-1.1200000000000008,-5.0,6.5,0.9,2.0,0.32,5.0,1.8,0.15,12.0,5.0,1.0,0.8,0.8,1.4,0.45,0.35,0.2,0.35,0.55,0.2,7.0,5.4,capability_support_heatmap
hybrid_support,Hybrid,none,5.4,-5.0,3.7757575757575776,3.0690909090909093,5.4,9.639999999999999,-1.2400000000000007,-5.0,6.5,0.9,2.0,0.32,5.0,1.8,0.3,12.0,5.0,1.0,0.8,0.8,1.4,0.45,0.35,0.2,0.35,0.55,0.2,7.0,5.4,capability_support_heatmap
hybrid_support,Hybrid,none,5.4,-5.0,4.4516339869281065,3.373235294117647,5.4,9.52,-1.3600000000000008,-5.0,6.5,0.9,2.0,0.32,5.0,1.8,0.45,12.0,5.0,1.0,0.8,0.8,1.4,0.45,0.35,0.2,0.35,0.55,0.2,7.0,5.4,capability_support_heatmap
hybrid_support,Hybrid,none,5.4,-5.0,4.964367816091956,3.603965517241379,5.4,9.399999999999999,-1.4800000000000006,-5.0,6.5,0.9,2.0,0.32,5.0,1.8,0.6,12.0,5.0,1.0,0.8,0.8,1.4,0.45,0.35,0.2,0.35,0.55,0.2,7.0,5.4,capability_support_heatmap
hybrid_support,Hybrid,none,5.4,-5.0,5.366666666666667,3.7849999999999997,5.4,9.28,-1.6000000000000008,-5.0,6.5,0.9,2.0,0.32,5.0,1.8,0.75,12.0,5.0,1.0,0.8,0.8,1.4,0.45,0.35,0.2,0.35,0.55,0.2,7.0,5.4,capability_support_heatmap
hybrid_support,Hybrid,high,5.6907407407407415,9.159999999999998,5.6907407407407415,3.9308333333333336,5.4,9.159999999999998,-1.7200000000000009,-5.0,6.5,0.9,2.0,0.32,5.0,1.8,0.9,12.0,5.0,1.0,0.8,0.8,1.4,0.45,0.35,0.2,0.35,0.55,0.2,7.0,5.4,capability_support_heatmap
hybrid_support,Hybrid,high,5.957383966244727,9.04,5.957383966244727,4.050822784810128,5.4,9.04,-1.840000000000001,-5.0,6.5,0.9,2.0,0.32,5.0,1.8,1.05,12.0,5.0,1.0,0.8,0.8,1.4,0.45,0.35,0.2,0.35,0.55,0.2,7.0,5.4,capability_support_heatmap
hybrid_support,Hybrid,high,6.180620155038762,8.919999999999998,6.180620155038762,4.151279069767442,5.4,8.919999999999998,-1.9600000000000006,-5.0,6.5,0.9,2.0,0.32,5.0,1.8,1.2,12.0,5.0,1.0,0.8,0.8,1.4,0.45,0.35,0.2,0.35,0.55,0.2,7.0,5.4,capability_support_heatmap
hybrid_support,Hybrid,high,6.37025089605735,8.799999999999999,6.37025089605735,4.236612903225808,5.4,8.799999999999999,-2.080000000000001,-5.0,6.5,0.9,2.0,0.32,5.0,1.8,1.35,12.0,5.0,1.0,0.8,0.8,1.4,0.45,0.35,0.2,0.35,0.55,0.2,7.0,5.4,capability_support_heatmap
hybrid_support,Hybrid,high,6.533333333333335,8.68,6.533333333333335,4.3100000000000005,5.4,8.68,-2.200000000000001,-5.0,6.5,0.9,2.0,0.32,5.0,1.8,1.5,12.0,5.0,1.0,0.8,0.8,1.4,0.45,0.35,0.2,0.35,0.55,0.2,7.0,5.4,capability_support_heatmap
hybrid_support,Hybrid,high,6.675077881619938,8.559999999999999,6.675077881619938,4.3737850467289725,5.4,8.559999999999999,-2.3200000000000007,-5.0,6.5,0.9,2.0,0.32,5.0,1.8,1.65,12.0,5.0,1.0,0.8,0.8,1.4,0.45,0.35,0.2,0.35,0.55,0.2,7.0,5.4,capability_support_heatmap
hybrid_support,Hybrid,high,6.799415204678365,8.44,6.799415204678365,4.429736842105264,5.4,8.44,-2.440000000000001,-5.0,6.5,0.9,2.0,0.32,5.0,1.8,1.8,12.0,5.0,1.0,0.8,0.8,1.4,0.45,0.35,0.2,0.35,0.55,0.2,7.0,5.4,capability_support_heatmap
hybrid_support,Hybrid,high,6.909366391184575,8.319999999999999,6.909366391184575,4.479214876033058,5.4,8.319999999999999,-2.560000000000001,-5.0,6.5,0.9,2.0,0.32,5.0,1.8,1.95,12.0,5.0,1.0,0.8,0.8,1.4,0.45,0.35,0.2,0.35,0.55,0.2,7.0,5.4,capability_support_heatmap
hybrid_support,Hybrid,high,7.007291666666667,8.2,7.007291666666667,4.52328125,5.4,8.2,-2.680000000000001,-5.0,6.5,0.9,2.0,0.32,5.0,1.8,2.1,12.0,5.0,1.0,0.8,0.8,1.4,0.45,0.35,0.2,0.35,0.55,0.2,7.0,5.4,capability_support_heatmap
hybrid_support,Hybrid,high,7.095061728395063,8.079999999999998,7.095061728395063,4.562777777777779,5.4,8.079999999999998,-2.800000000000001,-5.0,6.5,0.9,2.0,0.32,5.0,1.8,2.25,12.0,5.0,1.0,0.8,0.8,1.4,0.45,0.35,0.2,0.35,0.55,0.2,7.0,5.4,capability_support_heatmap
hybrid_support,Hybrid,high,7.174178403755869,7.959999999999999,7.174178403755869,4.598380281690142,5.4,7.959999999999999,-2.920000000000001,-5.0,6.5,0.9,2.0,0.32,5.0,1.8,2.4,12.0,5.0,1.0,0.8,0.8,1.4,0.45,0.35,0.2,0.35,0.55,0.2,7.0,5.4,capability_support_heatmap
hybrid_support,Hybrid,high,7.24586129753915,7.839999999999999,7.24586129753915,4.630637583892618,5.4,7.839999999999999,-3.040000000000001,-5.0,6.5,0.9,2.0,0.32,5.0,1.8,2.55,12.0,5.0,1.0,0.8,0.8,1.4,0.45,0.35,0.2,0.35,0.55,0.2,7.0,5.4,capability_support_heatmap
hybrid_support,Hybrid,high,7.311111111111112,7.719999999999999,7.311111111111112,4.66,5.4,7.719999999999999,-3.160000000000001,-5.0,6.5,0.9,2.0,0.32,5.0,1.8,2.7,12.0,5.0,1.0,0.8,0.8,1.4,0.45,0.35,0.2,0.35,0.55,0.2,7.0,5.4,capability_support_heatmap
hybrid_support,Hybrid,high,7.370756646216771,7.599999999999999,7.370756646216771,4.686840490797547,5.4,7.599999999999999,-3.280000000000001,-5.0,6.5,0.9,2.0,0.32,5.0,1.8,2.85,12.0,5.0,1.0,0.8,0.8,1.4,0.45,0.35,0.2,0.35,0.55,0.2,7.0,5.4,capability_support_heatmap
hybrid_support,Hybrid,high,7.425490196078432,7.479999999999999,7.425490196078432,4.711470588235295,5.4,7.479999999999999,-3.4000000000000012,-5.0,6.5,0.9,2.0,0.32,5.0,1.8,3.0,12.0,5.0,1.0,0.8,0.8,1.4,0.45,0.35,0.2,0.35,0.55,0.2,7.0,5.4,capability_support_heatmap
hybrid_support,Hybrid,none,5.4,-5.0,1.8578947368421068,2.206052631578948,5.4,9.879999999999999,-1.0000000000000007,-5.0,6.5,0.95,2.0,0.32,5.0,1.8,0.0,12.0,5.0,1.0,0.8,0.8,1.4,0.45,0.35,0.2,0.35,0.55,0.2,7.0,5.4,capability_support_heatmap
hybrid_support,Hybrid,none,5.4,-5.0,3.096551724137932,2.7634482758620686,5.4,9.76,-1.1200000000000008,-5.0,6.5,0.95,2.0,0.32,5.0,1.8,0.15,12.0,5.0,1.0,0.8,0.8,1.4,0.45,0.35,0.2,0.35,0.55,0.2,7.0,5.4,capability_support_heatmap
hybrid_support,Hybrid,none,5.4,-5.0,3.955474452554746,3.1499635036496345,5.4,9.639999999999999,-1.2400000000000007,-5.0,6.5,0.95,2.0,0.32,5.0,1.8,0.3,12.0,5.0,1.0,0.8,0.8,1.4,0.45,0.35,0.2,0.35,0.55,0.2,7.0,5.4,capability_support_heatmap
hybrid_support,Hybrid,none,5.4,-5.0,4.586075949367091,3.4337341772151904,5.4,9.52,-1.3600000000000008,-5.0,6.5,0.95,2.0,0.32,5.0,1.8,0.45,12.0,5.0,1.0,0.8,0.8,1.4,0.45,0.35,0.2,0.35,0.55,0.2,7.0,5.4,capability_support_heatmap
hybrid_support,Hybrid,none,5.4,-5.0,5.0687150837988835,3.650921787709497,5.4,9.399999999999999,-1.4800000000000006,-5.0,6.5,0.95,2.0,0.32,5.0,1.8,0.6,12.0,5.0,1.0,0.8,0.8,1.4,0.45,0.35,0.2,0.35,0.55,0.2,7.0,5.4,capability_support_heatmap
hybrid_support,Hybrid,high,5.450000000000001,9.28,5.450000000000001,3.8224999999999993,5.4,9.28,-1.6000000000000008,-5.0,6.5,0.95,2.0,0.32,5.0,1.8,0.75,12.0,5.0,1.0,0.8,0.8,1.4,0.45,0.35,0.2,0.35,0.55,0.2,7.0,5.4,capability_support_heatmap
hybrid_support,Hybrid,high,5.758823529411766,9.159999999999998,5.758823529411766,3.961470588235295,5.4,9.159999999999998,-1.7200000000000009,-5.0,6.5,0.95,2.0,0.32,5.0,1.8,0.9,12.0,5.0,1.0,0.8,0.8,1.4,0.45,0.35,0.2,0.35,0.55,0.2,7.0,5.4,capability_support_heatmap
hybrid_support,Hybrid,high,6.01404958677686,9.04,6.01404958677686,4.0763223140495874,5.4,9.04,-1.840000000000001,-5.0,6.5,0.95,2.0,0.32,5.0,1.8,1.05,12.0,5.0,1.0,0.8,0.8,1.4,0.45,0.35,0.2,0.35,0.55,0.2,7.0,5.4,capability_support_heatmap
hybrid_support,Hybrid,high,6.228517110266161,8.919999999999998,6.228517110266161,4.172832699619773,5.4,8.919999999999998,-1.9600000000000006,-5.0,6.5,0.95,2.0,0.32,5.0,1.8,1.2,12.0,5.0,1.0,0.8,0.8,1.4,0.45,0.35,0.2,0.35,0.55,0.2,7.0,5.4,capability_support_heatmap
hybrid_support,Hybrid,high,6.411267605633803,8.799999999999999,6.411267605633803,4.255070422535212,5.4,8.799999999999999,-2.080000000000001,-5.0,6.5,0.95,2.0,0.32,5.0,1.8,1.35,12.0,5.0,1.0,0.8,0.8,1.4,0.45,0.35,0.2,0.35,0.55,0.2,7.0,5.4,capability_support_heatmap
hybrid_support,Hybrid,high,6.568852459016394,8.68,6.568852459016394,4.325983606557378,5.4,8.68,-2.200000000000001,-5.0,6.5,0.95,2.0,0.32,5.0,1.8,1.5,12.0,5.0,1.0,0.8,0.8,1.4,0.45,0.35,0.2,0.35,0.55,0.2,7.0,5.4,capability_support_heatmap
hybrid_support,Hybrid,high,6.706134969325154,8.559999999999999,6.706134969325154,4.38776073619632,5.4,8.559999999999999,-2.3200000000000007,-5.0,6.5,0.95,2.0,0.32,5.0,1.8,1.65,12.0,5.0,1.0,0.8,0.8,1.4,0.45,0.35,0.2,0.35,0.55,0.2,7.0,5.4,capability_support_heatmap
hybrid_support,Hybrid,high,6.826801152737753,8.44,6.826801152737753,4.442060518731989,5.4,8.44,-2.440000000000001,-5.0,6.5,0.95,2.0,0.32,5.0,1.8,1.8,12.0,5.0,1.0,0.8,0.8,1.4,0.45,0.35,0.2,0.35,0.55,0.2,7.0,5.4,capability_support_heatmap
hybrid_support,Hybrid,high,6.933695652173915,8.319999999999999,6.933695652173915,4.490163043478262,5.4,8.319999999999999,-2.560000000000001,-5.0,6.5,0.95,2.0,0.32,5.0,1.8,1.95,12.0,5.0,1.0,0.8,0.8,1.4,0.45,0.35,0.2,0.35,0.55,0.2,7.0,5.4,capability_support_heatmap
hybrid_support,Hybrid,high,7.029048843187661,8.2,7.029048843187661,4.533071979434448,5.4,8.2,-2.680000000000001,-5.0,6.5,0.95,2.0,0.32,5.0,1.8,2.1,12.0,5.0,1.0,0.8,0.8,1.4,0.45,0.35,0.2,0.35,0.55,0.2,7.0,5.4,capability_support_heatmap
hybrid_support,Hybrid,high,7.114634146341464,8.079999999999998,7.114634146341464,4.571585365853659,5.4,8.079999999999998,-2.800000000000001,-5.0,6.5,0.95,2.0,0.32,5.0,1.8,2.25,12.0,5.0,1.0,0.8,0.8,1.4,0.45,0.35,0.2,0.35,0.55,0.2,7.0,5.4,capability_support_heatmap
hybrid_support,Hybrid,high,7.191879350348028,7.959999999999999,7.191879350348028,4.606345707656613,5.4,7.959999999999999,-2.920000000000001,-5.0,6.5,0.95,2.0,0.32,5.0,1.8,2.4,12.0,5.0,1.0,0.8,0.8,1.4,0.45,0.35,0.2,0.35,0.55,0.2,7.0,5.4,capability_support_heatmap
hybrid_support,Hybrid,high,7.261946902654868,7.839999999999999,7.261946902654868,4.637876106194691,5.4,7.839999999999999,-3.040000000000001,-5.0,6.5,0.95,2.0,0.32,5.0,1.8,2.55,12.0,5.0,1.0,0.8,0.8,1.4,0.45,0.35,0.2,0.35,0.55,0.2,7.0,5.4,capability_support_heatmap
hybrid_support,Hybrid,high,7.3257928118393245,7.719999999999999,7.3257928118393245,4.666606765327696,5.4,7.719999999999999,-3.160000000000001,-5.0,6.5,0.95,2.0,0.32,5.0,1.8,2.7,12.0,5.0,1.0,0.8,0.8,1.4,0.45,0.35,0.2,0.35,0.55,0.2,7.0,5.4,capability_support_heatmap
hybrid_support,Hybrid,high,7.3842105263157904,7.599999999999999,7.3842105263157904,4.692894736842106,5.4,7.599999999999999,-3.280000000000001,-5.0,6.5,0.95,2.0,0.32,5.0,1.8,2.85,12.0,5.0,1.0,0.8,0.8,1.4,0.45,0.35,0.2,0.35,0.55,0.2,7.0,5.4,capability_support_heatmap
hybrid_support,Hybrid,high,7.437864077669904,7.479999999999999,7.437864077669904,4.717038834951456,5.4,7.479999999999999,-3.4000000000000012,-5.0,6.5,0.95,2.0,0.32,5.0,1.8,3.0,12.0,5.0,1.0,0.8,0.8,1.4,0.45,0.35,0.2,0.35,0.55,0.2,7.0,5.4,capability_support_heatmap
hybrid_support,Hybrid,none,5.4,-5.0,2.2000000000000015,2.3600000000000003,5.4,9.879999999999999,-1.0000000000000007,-5.0,6.5,1.0,2.0,0.32,5.0,1.8,0.0,12.0,5.0,1.0,0.8,0.8,1.4,0.45,0.35,0.2,0.35,0.55,0.2,7.0,5.4,capability_support_heatmap
hybrid_support,Hybrid,none,5.4,-5.0,3.32809917355372,2.867644628099174,5.4,9.76,-1.1200000000000008,-5.0,6.5,1.0,2.0,0.32,5.0,1.8,0.15,12.0,5.0,1.0,0.8,0.8,1.4,0.45,0.35,0.2,0.35,0.55,0.2,7.0,5.4,capability_support_heatmap
hybrid_support,Hybrid,none,5.4,-5.0,4.122535211267607,3.225140845070422,5.4,9.639999999999999,-1.2400000000000007,-5.0,6.5,1.0,2.0,0.32,5.0,1.8,0.3,12.0,5.0,1.0,0.8,0.8,1.4,0.45,0.35,0.2,0.35,0.55,0.2,7.0,5.4,capability_support_heatmap
hybrid_support,Hybrid,none,5.4,-5.0,4.712269938650309,3.490521472392638,5.4,9.52,-1.3600000000000008,-5.0,6.5,1.0,2.0,0.32,5.0,1.8,0.45,12.0,5.0,1.0,0.8,0.8,1.4,0.45,0.35,0.2,0.35,0.55,0.2,7.0,5.4,capability_support_heatmap
hybrid_support,Hybrid,none,5.4,-5.0,5.167391304347827,3.695326086956521,5.4,9.399999999999999,-1.4800000000000006,-5.0,6.5,1.0,2.0,0.32,5.0,1.8,0.6,12.0,5.0,1.0,0.8,0.8,1.4,0.45,0.35,0.2,0.35,0.55,0.2,7.0,5.4,capability_support_heatmap
hybrid_support,Hybrid,high,5.529268292682929,9.28,5.529268292682929,3.8581707317073177,5.4,9.28,-1.6000000000000008,-5.0,6.5,1.0,2.0,0.32,5.0,1.8,0.75,12.0,5.0,1.0,0.8,0.8,1.4,0.45,0.35,0.2,0.35,0.55,0.2,7.0,5.4,capability_support_heatmap
hybrid_support,Hybrid,high,5.823893805309735,9.159999999999998,5.823893805309735,3.990752212389381,5.4,9.159999999999998,-1.7200000000000009,-5.0,6.5,1.0,2.0,0.32,5.0,1.8,0.9,12.0,5.0,1.0,0.8,0.8,1.4,0.45,0.35,0.2,0.35,0.55,0.2,7.0,5.4,capability_support_heatmap
hybrid_support,Hybrid,high,6.06842105263158,9.04,6.06842105263158,4.100789473684211,5.4,9.04,-1.840000000000001,-5.0,6.5,1.0,2.0,0.32,5.0,1.8,1.05,12.0,5.0,1.0,0.8,0.8,1.4,0.45,0.35,0.2,0.35,0.55,0.2,7.0,5.4,capability_support_heatmap
hybrid_support,Hybrid,high,6.274626865671642,8.919999999999998,6.274626865671642,4.193582089552239,5.4,8.919999999999998,-1.9600000000000006,-5.0,6.5,1.0,2.0,0.32,5.0,1.8,1.2,12.0,5.0,1.0,0.8,0.8,1.4,0.45,0.35,0.2,0.35,0.55,0.2,7.0,5.4,capability_support_heatmap
hybrid_support,Hybrid,high,6.450865051903115,8.799999999999999,6.450865051903115,4.272889273356402,5.4,8.799999999999999,-2.080000000000001,-5.0,6.5,1.0,2.0,0.32,5.0,1.8,1.35,12.0,5.0,1.0,0.8,0.8,1.4,0.45,0.35,0.2,0.35,0.55,0.2,7.0,5.4,capability_support_heatmap
hybrid_support,Hybrid,high,6.603225806451613,8.68,6.603225806451613,4.341451612903226,5.4,8.68,-2.200000000000001,-5.0,6.5,1.0,2.0,0.32,5.0,1.8,1.5,12.0,5.0,1.0,0.8,0.8,1.4,0.45,0.35,0.2,0.35,0.55,0.2,7.0,5.4,capability_support_heatmap
hybrid_support,Hybrid,high,6.736253776435046,8.559999999999999,6.736253776435046,4.40131419939577,5.4,8.559999999999999,-2.3200000000000007,-5.0,6.5,1.0,2.0,0.32,5.0,1.8,1.65,12.0,5.0,1.0,0.8,0.8,1.4,0.45,0.35,0.2,0.35,0.55,0.2,7.0,5.4,capability_support_heatmap
hybrid_support,Hybrid,high,6.853409090909093,8.44,6.853409090909093,4.454034090909092,5.4,8.44,-2.440000000000001,-5.0,6.5,1.0,2.0,0.32,5.0,1.8,1.8,12.0,5.0,1.0,0.8,0.8,1.4,0.45,0.35,0.2,0.35,0.55,0.2,7.0,5.4,capability_support_heatmap
hybrid_support,Hybrid,high,6.957372654155497,8.319999999999999,6.957372654155497,4.5008176943699745,5.4,8.319999999999999,-2.560000000000001,-5.0,6.5,1.0,2.0,0.32,5.0,1.8,1.95,12.0,5.0,1.0,0.8,0.8,1.4,0.45,0.35,0.2,0.35,0.55,0.2,7.0,5.4,capability_support_heatmap
hybrid_support,Hybrid,high,7.0502538071066,8.2,7.0502538071066,4.54261421319797,5.4,8.2,-2.680000000000001,-5.0,6.5,1.0,2.0,0.32,5.0,1.8,2.1,12.0,5.0,1.0,0.8,0.8,1.4,0.45,0.35,0.2,0.35,0.55,0.2,7.0,5.4,capability_support_heatmap
hybrid_support,Hybrid,high,7.133734939759037,8.079999999999998,7.133734939759037,4.580180722891567,5.4,8.079999999999998,-2.800000000000001,-5.0,6.5,1.0,2.0,0.32,5.0,1.8,2.25,12.0,5.0,1.0,0.8,0.8,1.4,0.45,0.35,0.2,0.35,0.55,0.2,7.0,5.4,capability_support_heatmap
hybrid_support,Hybrid,high,7.209174311926606,7.959999999999999,7.209174311926606,4.614128440366972,5.4,7.959999999999999,-2.920000000000001,-5.0,6.5,1.0,2.0,0.32,5.0,1.8,2.4,12.0,5.0,1.0,0.8,0.8,1.4,0.45,0.35,0.2,0.35,0.55,0.2,7.0,5.4,capability_support_heatmap
hybrid_support,Hybrid,high,7.277680525164115,7.839999999999999,7.277680525164115,4.644956236323852,5.4,7.839999999999999,-3.040000000000001,-5.0,6.5,1.0,2.0,0.32,5.0,1.8,2.55,12.0,5.0,1.0,0.8,0.8,1.4,0.45,0.35,0.2,0.35,0.55,0.2,7.0,5.4,capability_support_heatmap
hybrid_support,Hybrid,high,7.340167364016738,7.719999999999999,7.340167364016738,4.673075313807532,5.4,7.719999999999999,-3.160000000000001,-5.0,6.5,1.0,2.0,0.32,5.0,1.8,2.7,12.0,5.0,1.0,0.8,0.8,1.4,0.45,0.35,0.2,0.35,0.55,0.2,7.0,5.4,capability_support_heatmap
hybrid_support,Hybrid,high,7.39739478957916,7.599999999999999,7.39739478957916,4.698827655310621,5.4,7.599999999999999,-3.280000000000001,-5.0,6.5,1.0,2.0,0.32,5.0,1.8,2.85,12.0,5.0,1.0,0.8,0.8,1.4,0.45,0.35,0.2,0.35,0.55,0.2,7.0,5.4,capability_support_heatmap
hybrid_support,Hybrid,high,7.450000000000001,7.479999999999999,7.450000000000001,4.7225,5.4,7.479999999999999,-3.4000000000000012,-5.0,6.5,1.0,2.0,0.32,5.0,1.8,3.0,12.0,5.0,1.0,0.8,0.8,1.4,0.45,0.35,0.2,0.35,0.55,0.2,7.0,5.4,capability_support_heatmap
hybrid_support,Hybrid,none,5.4,-5.0,2.5095238095238117,2.4992857142857146,5.4,9.879999999999999,-1.0000000000000007,-5.0,6.5,1.05,2.0,0.32,5.0,1.8,0.0,12.0,5.0,1.0,0.8,0.8,1.4,0.45,0.35,0.2,0.35,0.55,0.2,7.0,5.4,capability_support_heatmap
hybrid_support,Hybrid,none,5.4,-5.0,3.5412698412698425,2.963571428571428,5.4,9.76,-1.1200000000000008,-5.0,6.5,1.05,2.0,0.32,5.0,1.8,0.15,12.0,5.0,1.0,0.8,0.8,1.4,0.45,0.35,0.2,0.35,0.55,0.2,7.0,5.4,capability_support_heatmap
hybrid_support,Hybrid,none,5.4,-5.0,4.278231292517008,3.2952040816326535,5.4,9.639999999999999,-1.2400000000000007,-5.0,6.5,1.05,2.0,0.32,5.0,1.8,0.3,12.0,5.0,1.0,0.8,0.8,1.4,0.45,0.35,0.2,0.35,0.55,0.2,7.0,5.4,capability_support_heatmap
hybrid_support,Hybrid,none,5.4,-5.0,4.830952380952382,3.543928571428572,5.4,9.52,-1.3600000000000008,-5.0,6.5,1.05,2.0,0.32,5.0,1.8,0.45,12.0,5.0,1.0,0.8,0.8,1.4,0.45,0.35,0.2,0.35,0.55,0.2,7.0,5.4,capability_support_heatmap
hybrid_support,Hybrid,none,5.4,-5.0,5.260846560846563,3.7373809523809522,5.4,9.399999999999999,-1.4800000000000006,-5.0,6.5,1.05,2.0,0.32,5.0,1.8,0.6,12.0,5.0,1.0,0.8,0.8,1.4,0.45,0.35,0.2,0.35,0.55,0.2,7.0,5.4,capability_support_heatmap
hybrid_support,Hybrid,high,5.604761904761906,9.28,5.604761904761906,3.8921428571428573,5.4,9.28,-1.6000000000000008,-5.0,6.5,1.05,2.0,0.32,5.0,1.8,0.75,12.0,5.0,1.0,0.8,0.8,1.4,0.45,0.35,0.2,0.35,0.55,0.2,7.0,5.4,capability_support_heatmap
hybrid_support,Hybrid,high,5.886147186147188,9.159999999999998,5.886147186147188,4.018766233766234,5.4,9.159999999999998,-1.7200000000000009,-5.0,6.5,1.05,2.0,0.32,5.0,1.8,0.9,12.0,5.0,1.0,0.8,0.8,1.4,0.45,0.35,0.2,0.35,0.55,0.2,7.0,5.4,capability_support_heatmap
hybrid_support,Hybrid,high,6.120634920634922,9.04,6.120634920634922,4.124285714285715,5.4,9.04,-1.840000000000001,-5.0,6.5,1.05,2.0,0.32,5.0,1.8,1.05,12.0,5.0,1.0,0.8,0.8,1.4,0.45,0.35,0.2,0.35,0.55,0.2,7.0,5.4,capability_support_heatmap
hybrid_support,Hybrid,high,6.31904761904762,8.919999999999998,6.31904761904762,4.213571428571429,5.4,8.919999999999998,-1.9600000000000006,-5.0,6.5,1.05,2.0,0.32,5.0,1.8,1.2,12.0,5.0,1.0,0.8,0.8,1.4,0.45,0.35,0.2,0.35,0.55,0.2,7.0,5.4,capability_support_heatmap
hybrid_support,Hybrid,high,6.4891156462585045,8.799999999999999,6.4891156462585045,4.290102040816327,5.4,8.799999999999999,-2.080000000000001,-5.0,6.5,1.05,2.0,0.32,5.0,1.8,1.35,12.0,5.0,1.0,0.8,0.8,1.4,0.45,0.35,0.2,0.35,0.55,0.2,7.0,5.4,capability_support_heatmap
hybrid_support,Hybrid,high,6.636507936507938,8.68,6.636507936507938,4.356428571428571,5.4,8.68,-2.200000000000001,-5.0,6.5,1.05,2.0,0.32,5.0,1.8,1.5,12.0,5.0,1.0,0.8,0.8,1.4,0.45,0.35,0.2,0.35,0.55,0.2,7.0,5.4,capability_support_heatmap
hybrid_support,Hybrid,high,6.765476190476191,8.559999999999999,6.765476190476191,4.414464285714287,5.4,8.559999999999999,-2.3200000000000007,-5.0,6.5,1.05,2.0,0.32,5.0,1.8,1.65,12.0,5.0,1.0,0.8,0.8,1.4,0.45,0.35,0.2,0.35,0.55,0.2,7.0,5.4,capability_support_heatmap
hybrid_support,Hybrid,high,6.879271708683476,8.44,6.879271708683476,4.465672268907564,5.4,8.44,-2.440000000000001,-5.0,6.5,1.05,2.0,0.32,5.0,1.8,1.8,12.0,5.0,1.0,0.8,0.8,1.4,0.45,0.35,0.2,0.35,0.55,0.2,7.0,5.4,capability_support_heatmap
hybrid_support,Hybrid,high,6.980423280423281,8.319999999999999,6.980423280423281,4.511190476190476,5.4,8.319999999999999,-2.560000000000001,-5.0,6.5,1.05,2.0,0.32,5.0,1.8,1.95,12.0,5.0,1.0,0.8,0.8,1.4,0.45,0.35,0.2,0.35,0.55,0.2,7.0,5.4,capability_support_heatmap
hybrid_support,Hybrid,high,7.070927318295741,8.2,7.070927318295741,4.551917293233084,5.4,8.2,-2.680000000000001,-5.0,6.5,1.05,2.0,0.32,5.0,1.8,2.1,12.0,5.0,1.0,0.8,0.8,1.4,0.45,0.35,0.2,0.35,0.55,0.2,7.0,5.4,capability_support_heatmap
hybrid_support,Hybrid,high,7.152380952380954,8.079999999999998,7.152380952380954,4.588571428571429,5.4,8.079999999999998,-2.800000000000001,-5.0,6.5,1.05,2.0,0.32,5.0,1.8,2.25,12.0,5.0,1.0,0.8,0.8,1.4,0.45,0.35,0.2,0.35,0.55,0.2,7.0,5.4,capability_support_heatmap
hybrid_support,Hybrid,high,7.226077097505669,7.959999999999999,7.226077097505669,4.621734693877551,5.4,7.959999999999999,-2.920000000000001,-5.0,6.5,1.05,2.0,0.32,5.0,1.8,2.4,12.0,5.0,1.0,0.8,0.8,1.4,0.45,0.35,0.2,0.35,0.55,0.2,7.0,5.4,capability_support_heatmap
hybrid_support,Hybrid,high,7.2930735930735935,7.839999999999999,7.2930735930735935,4.651883116883118,5.4,7.839999999999999,-3.040000000000001,-5.0,6.5,1.05,2.0,0.32,5.0,1.8,2.55,12.0,5.0,1.0,0.8,0.8,1.4,0.45,0.35,0.2,0.35,0.55,0.2,7.0,5.4,capability_support_heatmap
hybrid_support,Hybrid,high,7.35424430641822,7.719999999999999,7.35424430641822,4.679409937888199,5.4,7.719999999999999,-3.160000000000001,-5.0,6.5,1.05,2.0,0.32,5.0,1.8,2.7,12.0,5.0,1.0,0.8,0.8,1.4,0.45,0.35,0.2,0.35,0.55,0.2,7.0,5.4,capability_support_heatmap
hybrid_support,Hybrid,high,7.4103174603174615,7.599999999999999,7.4103174603174615,4.704642857142858,5.4,7.599999999999999,-3.280000000000001,-5.0,6.5,1.05,2.0,0.32,5.0,1.8,2.85,12.0,5.0,1.0,0.8,0.8,1.4,0.45,0.35,0.2,0.35,0.55,0.2,7.0,5.4,capability_support_heatmap
hybrid_support,Hybrid,high,7.461904761904762,7.479999999999999,7.461904761904762,4.727857142857143,5.4,7.479999999999999,-3.4000000000000012,-5.0,6.5,1.05,2.0,0.32,5.0,1.8,3.0,12.0,5.0,1.0,0.8,0.8,1.4,0.45,0.35,0.2,0.35,0.55,0.2,7.0,5.4,capability_support_heatmap
hybrid_support,Hybrid,none,5.4,-5.0,2.7909090909090932,2.625909090909091,5.4,9.879999999999999,-1.0000000000000007,-5.0,6.5,1.1,2.0,0.32,5.0,1.8,0.0,12.0,5.0,1.0,0.8,0.8,1.4,0.45,0.35,0.2,0.35,0.55,0.2,7.0,5.4,capability_support_heatmap
hybrid_support,Hybrid,none,5.4,-5.0,3.738167938931299,3.052175572519084,5.4,9.76,-1.1200000000000008,-5.0,6.5,1.1,2.0,0.32,5.0,1.8,0.15,12.0,5.0,1.0,0.8,0.8,1.4,0.45,0.35,0.2,0.35,0.55,0.2,7.0,5.4,capability_support_heatmap
hybrid_support,Hybrid,none,5.4,-5.0,4.423684210526318,3.3606578947368417,5.4,9.639999999999999,-1.2400000000000007,-5.0,6.5,1.1,2.0,0.32,5.0,1.8,0.3,12.0,5.0,1.0,0.8,0.8,1.4,0.45,0.35,0.2,0.35,0.55,0.2,7.0,5.4,capability_support_heatmap
hybrid_support,Hybrid,none,5.4,-5.0,4.9427745664739895,3.594248554913295,5.4,9.52,-1.3600000000000008,-5.0,6.5,1.1,2.0,0.32,5.0,1.8,0.45,12.0,5.0,1.0,0.8,0.8,1.4,0.45,0.35,0.2,0.35,0.55,0.2,7.0,5.4,capability_support_heatmap
hybrid_support,Hybrid,none,5.4,-5.0,5.349484536082475,3.777268041237114,5.4,9.399999999999999,-1.4800000000000006,-5.0,6.5,1.1,2.0,0.32,5.0,1.8,0.6,12.0,5.0,1.0,0.8,0.8,1.4,0.45,0.35,0.2,0.35,0.55,0.2,7.0,5.4,capability_support_heatmap
hybrid_support,Hybrid,high,5.676744186046513,9.28,5.676744186046513,3.92453488372093,5.4,9.28,-1.6000000000000008,-5.0,6.5,1.1,2.0,0.32,5.0,1.8,0.75,12.0,5.0,1.0,0.8,0.8,1.4,0.45,0.35,0.2,0.35,0.55,0.2,7.0,5.4,capability_support_heatmap
hybrid_support,Hybrid,high,5.945762711864408,9.159999999999998,5.945762711864408,4.045593220338985,5.4,9.159999999999998,-1.7200000000000009,-5.0,6.5,1.1,2.0,0.32,5.0,1.8,0.9,12.0,5.0,1.0,0.8,0.8,1.4,0.45,0.35,0.2,0.35,0.55,0.2,7.0,5.4,capability_support_heatmap
hybrid_support,Hybrid,high,6.170817120622569,9.04,6.170817120622569,4.146867704280156,5.4,9.04,-1.840000000000001,-5.0,6.5,1.1,2.0,0.32,5.0,1.8,1.05,12.0,5.0,1.0,0.8,0.8,1.4,0.45,0.35,0.2,0.35,0.55,0.2,7.0,5.4,capability_support_heatmap
hybrid_support,Hybrid,high,6.361870503597125,8.919999999999998,6.361870503597125,4.232841726618705,5.4,8.919999999999998,-1.9600000000000006,-5.0,6.5,1.1,2.0,0.32,5.0,1.8,1.2,12.0,5.0,1.0,0.8,0.8,1.4,0.45,0.35,0.2,0.35,0.55,0.2,7.0,5.4,capability_support_heatmap
hybrid_support,Hybrid,high,6.526086956521741,8.799999999999999,6.526086956521741,4.306739130434783,5.4,8.799999999999999,-2.080000000000001,-5.0,6.5,1.1,2.0,0.32,5.0,1.8,1.35,12.0,5.0,1.0,0.8,0.8,1.4,0.45,0.35,0.2,0.35,0.55,0.2,7.0,5.4,capability_support_heatmap
hybrid_support,Hybrid,high,6.668750000000001,8.68,6.668750000000001,4.3709375,5.4,8.68,-2.200000000000001,-5.0,6.5,1.1,2.0,0.32,5.0,1.8,1.5,12.0,5.0,1.0,0.8,0.8,1.4,0.45,0.35,0.2,0.35,0.55,0.2,7.0,5.4,capability_support_heatmap
hybrid_support,Hybrid,high,6.79384164222874,8.559999999999999,6.79384164222874,4.427228739002933,5.4,8.559999999999999,-2.3200000000000007,-5.0,6.5,1.1,2.0,0.32,5.0,1.8,1.65,12.0,5.0,1.0,0.8,0.8,1.4,0.45,0.35,0.2,0.35,0.55,0.2,7.0,5.4,capability_support_heatmap
hybrid_support,Hybrid,high,6.904419889502764,8.44,6.904419889502764,4.476988950276244,5.4,8.44,-2.440000000000001,-5.0,6.5,1.1,2.0,0.32,5.0,1.8,1.8,12.0,5.0,1.0,0.8,0.8,1.4,0.45,0.35,0.2,0.35,0.55,0.2,7.0,5.4,capability_support_heatmap
hybrid_support,Hybrid,high,7.002872062663187,8.319999999999999,7.002872062663187,4.521292428198434,5.4,8.319999999999999,-2.560000000000001,-5.0,6.5,1.1,2.0,0.32,5.0,1.8,1.95,12.0,5.0,1.0,0.8,0.8,1.4,0.45,0.35,0.2,0.35,0.55,0.2,7.0,5.4,capability_support_heatmap
hybrid_support,Hybrid,high,7.091089108910893,8.2,7.091089108910893,4.560990099009901,5.4,8.2,-2.680000000000001,-5.0,6.5,1.1,2.0,0.32,5.0,1.8,2.1,12.0,5.0,1.0,0.8,0.8,1.4,0.45,0.35,0.2,0.35,0.55,0.2,7.0,5.4,capability_support_heatmap
hybrid_support,Hybrid,high,7.170588235294119,8.079999999999998,7.170588235294119,4.596764705882354,5.4,8.079999999999998,-2.800000000000001,-5.0,6.5,1.1,2.0,0.32,5.0,1.8,2.25,12.0,5.0,1.0,0.8,0.8,1.4,0.45,0.35,0.2,0.35,0.55,0.2,7.0,5.4,capability_support_heatmap
hybrid_support,Hybrid,high,7.242600896860987,7.959999999999999,7.242600896860987,4.629170403587445,5.4,7.959999999999999,-2.920000000000001,-5.0,6.5,1.1,2.0,0.32,5.0,1.8,2.4,12.0,5.0,1.0,0.8,0.8,1.4,0.45,0.35,0.2,0.35,0.55,0.2,7.0,5.4,capability_support_heatmap
hybrid_support,Hybrid,high,7.30813704496788,7.839999999999999,7.30813704496788,4.6586616702355474,5.4,7.839999999999999,-3.040000000000001,-5.0,6.5,1.1,2.0,0.32,5.0,1.8,2.55,12.0,5.0,1.0,0.8,0.8,1.4,0.45,0.35,0.2,0.35,0.55,0.2,7.0,5.4,capability_support_heatmap
hybrid_support,Hybrid,high,7.368032786885246,7.719999999999999,7.368032786885246,4.685614754098362,5.4,7.719999999999999,-3.160000000000001,-5.0,6.5,1.1,2.0,0.32,5.0,1.8,2.7,12.0,5.0,1.0,0.8,0.8,1.4,0.45,0.35,0.2,0.35,0.55,0.2,7.0,5.4,capability_support_heatmap
hybrid_support,Hybrid,high,7.422986247544205,7.599999999999999,7.422986247544205,4.7103438113948926,5.4,7.599999999999999,-3.280000000000001,-5.0,6.5,1.1,2.0,0.32,5.0,1.8,2.85,12.0,5.0,1.0,0.8,0.8,1.4,0.45,0.35,0.2,0.35,0.55,0.2,7.0,5.4,capability_support_heatmap
hybrid_support,Hybrid,high,7.473584905660378,7.479999999999999,7.473584905660378,4.73311320754717,5.4,7.479999999999999,-3.4000000000000012,-5.0,6.5,1.1,2.0,0.32,5.0,1.8,3.0,12.0,5.0,1.0,0.8,0.8,1.4,0.45,0.35,0.2,0.35,0.55,0.2,7.0,5.4,capability_support_heatmap
hybrid_support,Hybrid,none,5.4,-5.0,3.047826086956523,2.7415217391304347,5.4,9.879999999999999,-1.0000000000000007,-5.0,6.5,1.15,2.0,0.32,5.0,1.8,0.0,12.0,5.0,1.0,0.8,0.8,1.4,0.45,0.35,0.2,0.35,0.55,0.2,7.0,5.4,capability_support_heatmap
hybrid_support,Hybrid,none,5.4,-5.0,3.9205882352941184,3.1342647058823525,5.4,9.76,-1.1200000000000008,-5.0,6.5,1.15,2.0,0.32,5.0,1.8,0.15,12.0,5.0,1.0,0.8,0.8,1.4,0.45,0.35,0.2,0.35,0.55,0.2,7.0,5.4,capability_support_heatmap
hybrid_support,Hybrid,none,5.4,-5.0,4.55987261146497,3.4219426751592357,5.4,9.639999999999999,-1.2400000000000007,-5.0,6.5,1.15,2.0,0.32,5.0,1.8,0.3,12.0,5.0,1.0,0.8,0.8,1.4,0.45,0.35,0.2,0.35,0.55,0.2,7.0,5.4,capability_support_heatmap
hybrid_support,Hybrid,none,5.4,-5.0,5.048314606741574,3.641741573033708,5.4,9.52,-1.3600000000000008,-5.0,6.5,1.15,2.0,0.32,5.0,1.8,0.45,12.0,5.0,1.0,0.8,0.8,1.4,0.45,0.35,0.2,0.35,0.55,0.2,7.0,5.4,capability_support_heatmap
hybrid_support,Hybrid,high,5.433668341708543,9.399999999999999,5.433668341708543,3.8151507537688434,5.4,9.399999999999999,-1.4800000000000006,-5.0,6.5,1.15,2.0,0.32,5.0,1.8,0.6,12.0,5.0,1.0,0.8,0.8,1.4,0.45,0.35,0.2,0.35,0.55,0.2,7.0,5.4,capability_support_heatmap
hybrid_support,Hybrid,high,5.745454545454546,9.28,5.745454545454546,3.9554545454545447,5.4,9.28,-1.6000000000000008,-5.0,6.5,1.15,2.0,0.32,5.0,1.8,0.75,12.0,5.0,1.0,0.8,0.8,1.4,0.45,0.35,0.2,0.35,0.55,0.2,7.0,5.4,capability_support_heatmap
hybrid_support,Hybrid,high,6.0029045643153545,9.159999999999998,6.0029045643153545,4.07130705394191,5.4,9.159999999999998,-1.7200000000000009,-5.0,6.5,1.15,2.0,0.32,5.0,1.8,0.9,12.0,5.0,1.0,0.8,0.8,1.4,0.45,0.35,0.2,0.35,0.55,0.2,7.0,5.4,capability_support_heatmap
hybrid_support,Hybrid,high,6.21908396946565,9.04,6.21908396946565,4.168587786259543,5.4,9.04,-1.840000000000001,-5.0,6.5,1.15,2.0,0.32,5.0,1.8,1.05,12.0,5.0,1.0,0.8,0.8,1.4,0.45,0.35,0.2,0.35,0.55,0.2,7.0,5.4,capability_support_heatmap
hybrid_support,Hybrid,high,6.403180212014135,8.919999999999998,6.403180212014135,4.25143109540636,5.4,8.919999999999998,-1.9600000000000006,-5.0,6.5,1.15,2.0,0.32,5.0,1.8,1.2,12.0,5.0,1.0,0.8,0.8,1.4,0.45,0.35,0.2,0.35,0.55,0.2,7.0,5.4,capability_support_heatmap
hybrid_support,Hybrid,high,6.561842105263159,8.799999999999999,6.561842105263159,4.322828947368421,5.4,8.799999999999999,-2.080000000000001,-5.0,6.5,1.15,2.0,0.32,5.0,1.8,1.35,12.0,5.0,1.0,0.8,0.8,1.4,0.45,0.35,0.2,0.35,0.55,0.2,7.0,5.4,capability_support_heatmap
hybrid_support,Hybrid,high,6.700000000000001,8.68,6.700000000000001,4.385,5.4,8.68,-2.200000000000001,-5.0,6.5,1.15,2.0,0.32,5.0,1.8,1.5,12.0,5.0,1.0,0.8,0.8,1.4,0.45,0.35,0.2,0.35,0.55,0.2,7.0,5.4,capability_support_heatmap
hybrid_support,Hybrid,high,6.821387283236996,8.559999999999999,6.821387283236996,4.439624277456648,5.4,8.559999999999999,-2.3200000000000007,-5.0,6.5,1.15,2.0,0.32,5.0,1.8,1.65,12.0,5.0,1.0,0.8,0.8,1.4,0.45,0.35,0.2,0.35,0.55,0.2,7.0,5.4,capability_support_heatmap
hybrid_support,Hybrid,high,6.928882833787467,8.44,6.928882833787467,4.487997275204361,5.4,8.44,-2.440000000000001,-5.0,6.5,1.15,2.0,0.32,5.0,1.8,1.8,12.0,5.0,1.0,0.8,0.8,1.4,0.45,0.35,0.2,0.35,0.55,0.2,7.0,5.4,capability_support_heatmap
hybrid_support,Hybrid,high,7.024742268041239,8.319999999999999,7.024742268041239,4.531134020618557,5.4,8.319999999999999,-2.560000000000001,-5.0,6.5,1.15,2.0,0.32,5.0,1.8,1.95,12.0,5.0,1.0,0.8,0.8,1.4,0.45,0.35,0.2,0.35,0.55,0.2,7.0,5.4,capability_support_heatmap
hybrid_support,Hybrid,high,7.110757946210271,8.2,7.110757946210271,4.569841075794622,5.4,8.2,-2.680000000000001,-5.0,6.5,1.15,2.0,0.32,5.0,1.8,2.1,12.0,5.0,1.0,0.8,0.8,1.4,0.45,0.35,0.2,0.35,0.55,0.2,7.0,5.4,capability_support_heatmap
hybrid_support,Hybrid,high,7.188372093023256,8.079999999999998,7.188372093023256,4.604767441860465,5.4,8.079999999999998,-2.800000000000001,-5.0,6.5,1.15,2.0,0.32,5.0,1.8,2.25,12.0,5.0,1.0,0.8,0.8,1.4,0.45,0.35,0.2,0.35,0.55,0.2,7.0,5.4,capability_support_heatmap
hybrid_support,Hybrid,high,7.258758314855877,7.959999999999999,7.258758314855877,4.636441241685144,5.4,7.959999999999999,-2.920000000000001,-5.0,6.5,1.15,2.0,0.32,5.0,1.8,2.4,12.0,5.0,1.0,0.8,0.8,1.4,0.45,0.35,0.2,0.35,0.55,0.2,7.0,5.4,capability_support_heatmap
hybrid_support,Hybrid,high,7.3228813559322035,7.839999999999999,7.3228813559322035,4.6652966101694915,5.4,7.839999999999999,-3.040000000000001,-5.0,6.5,1.15,2.0,0.32,5.0,1.8,2.55,12.0,5.0,1.0,0.8,0.8,1.4,0.45,0.35,0.2,0.35,0.55,0.2,7.0,5.4,capability_support_heatmap
hybrid_support,Hybrid,high,7.381541582150103,7.719999999999999,7.381541582150103,4.691693711967547,5.4,7.719999999999999,-3.160000000000001,-5.0,6.5,1.15,2.0,0.32,5.0,1.8,2.7,12.0,5.0,1.0,0.8,0.8,1.4,0.45,0.35,0.2,0.35,0.55,0.2,7.0,5.4,capability_support_heatmap
hybrid_support,Hybrid,high,7.435408560311284,7.599999999999999,7.435408560311284,4.715933852140079,5.4,7.599999999999999,-3.280000000000001,-5.0,6.5,1.15,2.0,0.32,5.0,1.8,2.85,12.0,5.0,1.0,0.8,0.8,1.4,0.45,0.35,0.2,0.35,0.55,0.2,7.0,5.4,capability_support_heatmap
hybrid_support,Hybrid,high,7.485046728971964,7.479999999999999,7.485046728971964,4.738271028037383,5.4,7.479999999999999,-3.4000000000000012,-5.0,6.5,1.15,2.0,0.32,5.0,1.8,3.0,12.0,5.0,1.0,0.8,0.8,1.4,0.45,0.35,0.2,0.35,0.55,0.2,7.0,5.4,capability_support_heatmap
hybrid_support,Hybrid,none,5.4,-5.0,3.2833333333333345,2.8475,5.4,9.879999999999999,-1.0000000000000007,-5.0,6.5,1.2,2.0,0.32,5.0,1.8,0.0,12.0,5.0,1.0,0.8,0.8,1.4,0.45,0.35,0.2,0.35,0.55,0.2,7.0,5.4,capability_support_heatmap
hybrid_support,Hybrid,none,5.4,-5.0,4.0900709219858165,3.2105319148936173,5.4,9.76,-1.1200000000000008,-5.0,6.5,1.2,2.0,0.32,5.0,1.8,0.15,12.0,5.0,1.0,0.8,0.8,1.4,0.45,0.35,0.2,0.35,0.55,0.2,7.0,5.4,capability_support_heatmap
hybrid_support,Hybrid,none,5.4,-5.0,4.687654320987656,3.479444444444445,5.4,9.639999999999999,-1.2400000000000007,-5.0,6.5,1.2,2.0,0.32,5.0,1.8,0.3,12.0,5.0,1.0,0.8,0.8,1.4,0.45,0.35,0.2,0.35,0.55,0.2,7.0,5.4,capability_support_heatmap
hybrid_support,Hybrid,none,5.4,-5.0,5.148087431693991,3.686639344262296,5.4,9.52,-1.3600000000000008,-5.0,6.5,1.2,2.0,0.32,5.0,1.8,0.45,12.0,5.0,1.0,0.8,0.8,1.4,0.45,0.35,0.2,0.35,0.55,0.2,7.0,5.4,capability_support_heatmap
hybrid_support,Hybrid,high,5.51372549019608,9.399999999999999,5.51372549019608,3.851176470588235,5.4,9.399999999999999,-1.4800000000000006,-5.0,6.5,1.2,2.0,0.32,5.0,1.8,0.6,12.0,5.0,1.0,0.8,0.8,1.4,0.45,0.35,0.2,0.35,0.55,0.2,7.0,5.4,capability_support_heatmap
hybrid_support,Hybrid,high,5.811111111111112,9.28,5.811111111111112,3.9850000000000008,5.4,9.28,-1.6000000000000008,-5.0,6.5,1.2,2.0,0.32,5.0,1.8,0.75,12.0,5.0,1.0,0.8,0.8,1.4,0.45,0.35,0.2,0.35,0.55,0.2,7.0,5.4,capability_support_heatmap
hybrid_support,Hybrid,high,6.057723577235773,9.159999999999998,6.057723577235773,4.095975609756099,5.4,9.159999999999998,-1.7200000000000009,-5.0,6.5,1.2,2.0,0.32,5.0,1.8,0.9,12.0,5.0,1.0,0.8,0.8,1.4,0.45,0.35,0.2,0.35,0.55,0.2,7.0,5.4,capability_support_heatmap
hybrid_support,Hybrid,high,6.26554307116105,9.04,6.26554307116105,4.189494382022472,5.4,9.04,-1.840000000000001,-5.0,6.5,1.2,2.0,0.32,5.0,1.8,1.05,12.0,5.0,1.0,0.8,0.8,1.4,0.45,0.35,0.2,0.35,0.55,0.2,7.0,5.4,capability_support_heatmap
hybrid_support,Hybrid,high,6.443055555555556,8.919999999999998,6.443055555555556,4.269375,5.4,8.919999999999998,-1.9600000000000006,-5.0,6.5,1.2,2.0,0.32,5.0,1.8,1.2,12.0,5.0,1.0,0.8,0.8,1.4,0.45,0.35,0.2,0.35,0.55,0.2,7.0,5.4,capability_support_heatmap
hybrid_support,Hybrid,high,6.596440129449839,8.799999999999999,6.596440129449839,4.338398058252428,5.4,8.799999999999999,-2.080000000000001,-5.0,6.5,1.2,2.0,0.32,5.0,1.8,1.35,12.0,5.0,1.0,0.8,0.8,1.4,0.45,0.35,0.2,0.35,0.55,0.2,7.0,5.4,capability_support_heatmap
hybrid_support,Hybrid,high,6.730303030303032,8.68,6.730303030303032,4.3986363636363635,5.4,8.68,-2.200000000000001,-5.0,6.5,1.2,2.0,0.32,5.0,1.8,1.5,12.0,5.0,1.0,0.8,0.8,1.4,0.45,0.35,0.2,0.35,0.55,0.2,7.0,5.4,capability_support_heatmap
hybrid_support,Hybrid,high,6.84814814814815,8.559999999999999,6.84814814814815,4.451666666666668,5.4,8.559999999999999,-2.3200000000000007,-5.0,6.5,1.2,2.0,0.32,5.0,1.8,1.65,12.0,5.0,1.0,0.8,0.8,1.4,0.45,0.35,0.2,0.35,0.55,0.2,7.0,5.4,capability_support_heatmap
hybrid_support,Hybrid,high,6.952688172043011,8.44,6.952688172043011,4.498709677419356,5.4,8.44,-2.440000000000001,-5.0,6.5,1.2,2.0,0.32,5.0,1.8,1.8,12.0,5.0,1.0,0.8,0.8,1.4,0.45,0.35,0.2,0.35,0.55,0.2,7.0,5.4,capability_support_heatmap
hybrid_support,Hybrid,high,7.046055979643768,8.319999999999999,7.046055979643768,4.540725190839694,5.4,8.319999999999999,-2.560000000000001,-5.0,6.5,1.2,2.0,0.32,5.0,1.8,1.95,12.0,5.0,1.0,0.8,0.8,1.4,0.45,0.35,0.2,0.35,0.55,0.2,7.0,5.4,capability_support_heatmap
hybrid_support,Hybrid,high,7.129951690821256,8.2,7.129951690821256,4.578478260869566,5.4,8.2,-2.680000000000001,-5.0,6.5,1.2,2.0,0.32,5.0,1.8,2.1,12.0,5.0,1.0,0.8,0.8,1.4,0.45,0.35,0.2,0.35,0.55,0.2,7.0,5.4,capability_support_heatmap
hybrid_support,Hybrid,high,7.205747126436782,8.079999999999998,7.205747126436782,4.612586206896552,5.4,8.079999999999998,-2.800000000000001,-5.0,6.5,1.2,2.0,0.32,5.0,1.8,2.25,12.0,5.0,1.0,0.8,0.8,1.4,0.45,0.35,0.2,0.35,0.55,0.2,7.0,5.4,capability_support_heatmap
hybrid_support,Hybrid,high,7.274561403508773,7.959999999999999,7.274561403508773,4.643552631578949,5.4,7.959999999999999,-2.920000000000001,-5.0,6.5,1.2,2.0,0.32,5.0,1.8,2.4,12.0,5.0,1.0,0.8,0.8,1.4,0.45,0.35,0.2,0.35,0.55,0.2,7.0,5.4,capability_support_heatmap
hybrid_support,Hybrid,high,7.337316561844865,7.839999999999999,7.337316561844865,4.671792452830189,5.4,7.839999999999999,-3.040000000000001,-5.0,6.5,1.2,2.0,0.32,5.0,1.8,2.55,12.0,5.0,1.0,0.8,0.8,1.4,0.45,0.35,0.2,0.35,0.55,0.2,7.0,5.4,capability_support_heatmap
hybrid_support,Hybrid,high,7.394779116465864,7.719999999999999,7.394779116465864,4.69765060240964,5.4,7.719999999999999,-3.160000000000001,-5.0,6.5,1.2,2.0,0.32,5.0,1.8,2.7,12.0,5.0,1.0,0.8,0.8,1.4,0.45,0.35,0.2,0.35,0.55,0.2,7.0,5.4,capability_support_heatmap
hybrid_support,Hybrid,high,7.447591522157998,7.599999999999999,7.447591522157998,4.721416184971099,5.4,7.599999999999999,-3.280000000000001,-5.0,6.5,1.2,2.0,0.32,5.0,1.8,2.85,12.0,5.0,1.0,0.8,0.8,1.4,0.45,0.35,0.2,0.35,0.55,0.2,7.0,5.4,capability_support_heatmap
hybrid_support,Hybrid,high,7.496296296296297,7.479999999999999,7.496296296296297,4.743333333333334,5.4,7.479999999999999,-3.4000000000000012,-5.0,6.5,1.2,2.0,0.32,5.0,1.8,3.0,12.0,5.0,1.0,0.8,0.8,1.4,0.45,0.35,0.2,0.35,0.55,0.2,7.0,5.4,capability_support_heatmap
basic_compliance,Basic compliance,none,5.4,-5.0,-30.616666666666664,-10.35,5.4,11.7,-0.9400000000000007,-5.0,5.8,0.15,0.0,0.05,1.0,0.25,0.0,12.0,5.0,1.0,0.8,0.0,1.4,0.45,0.35,0.2,0.35,0.1,0.1,7.0,5.4,equilibrium_region_grid
basic_compliance,Basic compliance,none,5.4,-5.0,-30.796666666666663,-10.413,5.4,11.7,-0.9400000000000007,-5.0,5.8,0.15,0.2,0.05,1.0,0.25,0.0,12.0,5.0,1.0,0.8,0.0,1.4,0.45,0.35,0.2,0.35,0.1,0.1,7.0,5.4,equilibrium_region_grid
basic_compliance,Basic compliance,none,5.4,-5.0,-30.976666666666663,-10.475999999999999,5.4,11.7,-0.9400000000000007,-5.0,5.8,0.15,0.4,0.05,1.0,0.25,0.0,12.0,5.0,1.0,0.8,0.0,1.4,0.45,0.35,0.2,0.35,0.1,0.1,7.0,5.4,equilibrium_region_grid
basic_compliance,Basic compliance,none,5.4,-5.0,-31.156666666666663,-10.539,5.4,11.7,-0.9400000000000007,-5.0,5.8,0.15,0.6,0.05,1.0,0.25,0.0,12.0,5.0,1.0,0.8,0.0,1.4,0.45,0.35,0.2,0.35,0.1,0.1,7.0,5.4,equilibrium_region_grid
basic_compliance,Basic compliance,none,5.4,-5.0,-31.336666666666662,-10.602,5.4,11.7,-0.9400000000000007,-5.0,5.8,0.15,0.8,0.05,1.0,0.25,0.0,12.0,5.0,1.0,0.8,0.0,1.4,0.45,0.35,0.2,0.35,0.1,0.1,7.0,5.4,equilibrium_region_grid
basic_compliance,Basic compliance,none,5.4,-5.0,-31.516666666666662,-10.665,5.4,11.7,-0.9400000000000007,-5.0,5.8,0.15,1.0,0.05,1.0,0.25,0.0,12.0,5.0,1.0,0.8,0.0,1.4,0.45,0.35,0.2,0.35,0.1,0.1,7.0,5.4,equilibrium_region_grid
basic_compliance,Basic compliance,none,5.4,-5.0,-31.696666666666665,-10.728,5.4,11.7,-0.9400000000000007,-5.0,5.8,0.15,1.2,0.05,1.0,0.25,0.0,12.0,5.0,1.0,0.8,0.0,1.4,0.45,0.35,0.2,0.35,0.1,0.1,7.0,5.4,equilibrium_region_grid
basic_compliance,Basic compliance,none,5.4,-5.0,-31.876666666666665,-10.791,5.4,11.7,-0.9400000000000007,-5.0,5.8,0.15,1.4,0.05,1.0,0.25,0.0,12.0,5.0,1.0,0.8,0.0,1.4,0.45,0.35,0.2,0.35,0.1,0.1,7.0,5.4,equilibrium_region_grid
basic_compliance,Basic compliance,none,5.4,-5.0,-32.056666666666665,-10.854,5.4,11.7,-0.9400000000000007,-5.0,5.8,0.15,1.6,0.05,1.0,0.25,0.0,12.0,5.0,1.0,0.8,0.0,1.4,0.45,0.35,0.2,0.35,0.1,0.1,7.0,5.4,equilibrium_region_grid
basic_compliance,Basic compliance,none,5.4,-5.0,-32.236666666666665,-10.917,5.4,11.7,-0.9400000000000007,-5.0,5.8,0.15,1.8,0.05,1.0,0.25,0.0,12.0,5.0,1.0,0.8,0.0,1.4,0.45,0.35,0.2,0.35,0.1,0.1,7.0,5.4,equilibrium_region_grid
basic_compliance,Basic compliance,none,5.4,-5.0,-32.416666666666664,-10.98,5.4,11.7,-0.9400000000000007,-5.0,5.8,0.15,2.0,0.05,1.0,0.25,0.0,12.0,5.0,1.0,0.8,0.0,1.4,0.45,0.35,0.2,0.35,0.1,0.1,7.0,5.4,equilibrium_region_grid
basic_compliance,Basic compliance,none,5.4,-5.0,-32.596666666666664,-11.043,5.4,11.7,-0.9400000000000007,-5.0,5.8,0.15,2.2,0.05,1.0,0.25,0.0,12.0,5.0,1.0,0.8,0.0,1.4,0.45,0.35,0.2,0.35,0.1,0.1,7.0,5.4,equilibrium_region_grid
basic_compliance,Basic compliance,none,5.4,-5.0,-32.776666666666664,-11.106,5.4,11.7,-0.9400000000000007,-5.0,5.8,0.15,2.4,0.05,1.0,0.25,0.0,12.0,5.0,1.0,0.8,0.0,1.4,0.45,0.35,0.2,0.35,0.1,0.1,7.0,5.4,equilibrium_region_grid
basic_compliance,Basic compliance,none,5.4,-5.0,-32.95666666666666,-11.169,5.4,11.7,-0.9400000000000007,-5.0,5.8,0.15,2.6,0.05,1.0,0.25,0.0,12.0,5.0,1.0,0.8,0.0,1.4,0.45,0.35,0.2,0.35,0.1,0.1,7.0,5.4,equilibrium_region_grid
basic_compliance,Basic compliance,none,5.4,-5.0,-33.13666666666666,-11.232,5.4,11.7,-0.9400000000000007,-5.0,5.8,0.15,2.8,0.05,1.0,0.25,0.0,12.0,5.0,1.0,0.8,0.0,1.4,0.45,0.35,0.2,0.35,0.1,0.1,7.0,5.4,equilibrium_region_grid
basic_compliance,Basic compliance,none,5.4,-5.0,-33.31666666666666,-11.295,5.4,11.7,-0.9400000000000007,-5.0,5.8,0.15,3.0,0.05,1.0,0.25,0.0,12.0,5.0,1.0,0.8,0.0,1.4,0.45,0.35,0.2,0.35,0.1,0.1,7.0,5.4,equilibrium_region_grid
basic_compliance,Basic compliance,none,5.4,-5.0,-33.49666666666666,-11.358,5.4,11.7,-0.9400000000000007,-5.0,5.8,0.15,3.2,0.05,1.0,0.25,0.0,12.0,5.0,1.0,0.8,0.0,1.4,0.45,0.35,0.2,0.35,0.1,0.1,7.0,5.4,equilibrium_region_grid
basic_compliance,Basic compliance,none,5.4,-5.0,-33.67666666666666,-11.421,5.4,11.7,-0.9400000000000007,-5.0,5.8,0.15,3.4,0.05,1.0,0.25,0.0,12.0,5.0,1.0,0.8,0.0,1.4,0.45,0.35,0.2,0.35,0.1,0.1,7.0,5.4,equilibrium_region_grid
basic_compliance,Basic compliance,none,5.4,-5.0,-33.85666666666666,-11.484,5.4,11.7,-0.9400000000000007,-5.0,5.8,0.15,3.6,0.05,1.0,0.25,0.0,12.0,5.0,1.0,0.8,0.0,1.4,0.45,0.35,0.2,0.35,0.1,0.1,7.0,5.4,equilibrium_region_grid
basic_compliance,Basic compliance,none,5.4,-5.0,-34.03666666666666,-11.546999999999999,5.4,11.7,-0.9400000000000007,-5.0,5.8,0.15,3.8,0.05,1.0,0.25,0.0,12.0,5.0,1.0,0.8,0.0,1.4,0.45,0.35,0.2,0.35,0.1,0.1,7.0,5.4,equilibrium_region_grid
basic_compliance,Basic compliance,none,5.4,-5.0,-34.21666666666666,-11.61,5.4,11.7,-0.9400000000000007,-5.0,5.8,0.15,4.0,0.05,1.0,0.25,0.0,12.0,5.0,1.0,0.8,0.0,1.4,0.45,0.35,0.2,0.35,0.1,0.1,7.0,5.4,equilibrium_region_grid
basic_compliance,Basic compliance,none,5.4,-5.0,-20.949999999999996,-5.999999999999999,5.4,11.7,-0.9400000000000007,-5.0,5.8,0.2,0.0,0.05,1.0,0.25,0.0,12.0,5.0,1.0,0.8,0.0,1.4,0.45,0.35,0.2,0.35,0.1,0.1,7.0,5.4,equilibrium_region_grid
basic_compliance,Basic compliance,none,5.4,-5.0,-21.129999999999995,-6.062999999999999,5.4,11.7,-0.9400000000000007,-5.0,5.8,0.2,0.2,0.05,1.0,0.25,0.0,12.0,5.0,1.0,0.8,0.0,1.4,0.45,0.35,0.2,0.35,0.1,0.1,7.0,5.4,equilibrium_region_grid
basic_compliance,Basic compliance,none,5.4,-5.0,-21.309999999999995,-6.1259999999999994,5.4,11.7,-0.9400000000000007,-5.0,5.8,0.2,0.4,0.05,1.0,0.25,0.0,12.0,5.0,1.0,0.8,0.0,1.4,0.45,0.35,0.2,0.35,0.1,0.1,7.0,5.4,equilibrium_region_grid
basic_compliance,Basic compliance,none,5.4,-5.0,-21.489999999999995,-6.188999999999999,5.4,11.7,-0.9400000000000007,-5.0,5.8,0.2,0.6,0.05,1.0,0.25,0.0,12.0,5.0,1.0,0.8,0.0,1.4,0.45,0.35,0.2,0.35,0.1,0.1,7.0,5.4,equilibrium_region_grid
basic_compliance,Basic compliance,none,5.4,-5.0,-21.669999999999995,-6.251999999999999,5.4,11.7,-0.9400000000000007,-5.0,5.8,0.2,0.8,0.05,1.0,0.25,0.0,12.0,5.0,1.0,0.8,0.0,1.4,0.45,0.35,0.2,0.35,0.1,0.1,7.0,5.4,equilibrium_region_grid
basic_compliance,Basic compliance,none,5.4,-5.0,-21.849999999999994,-6.3149999999999995,5.4,11.7,-0.9400000000000007,-5.0,5.8,0.2,1.0,0.05,1.0,0.25,0.0,12.0,5.0,1.0,0.8,0.0,1.4,0.45,0.35,0.2,0.35,0.1,0.1,7.0,5.4,equilibrium_region_grid
basic_compliance,Basic compliance,none,5.4,-5.0,-22.029999999999994,-6.377999999999999,5.4,11.7,-0.9400000000000007,-5.0,5.8,0.2,1.2,0.05,1.0,0.25,0.0,12.0,5.0,1.0,0.8,0.0,1.4,0.45,0.35,0.2,0.35,0.1,0.1,7.0,5.4,equilibrium_region_grid
basic_compliance,Basic compliance,none,5.4,-5.0,-22.209999999999997,-6.440999999999999,5.4,11.7,-0.9400000000000007,-5.0,5.8,0.2,1.4,0.05,1.0,0.25,0.0,12.0,5.0,1.0,0.8,0.0,1.4,0.45,0.35,0.2,0.35,0.1,0.1,7.0,5.4,equilibrium_region_grid
basic_compliance,Basic compliance,none,5.4,-5.0,-22.389999999999997,-6.504,5.4,11.7,-0.9400000000000007,-5.0,5.8,0.2,1.6,0.05,1.0,0.25,0.0,12.0,5.0,1.0,0.8,0.0,1.4,0.45,0.35,0.2,0.35,0.1,0.1,7.0,5.4,equilibrium_region_grid
basic_compliance,Basic compliance,none,5.4,-5.0,-22.569999999999997,-6.566999999999999,5.4,11.7,-0.9400000000000007,-5.0,5.8,0.2,1.8,0.05,1.0,0.25,0.0,12.0,5.0,1.0,0.8,0.0,1.4,0.45,0.35,0.2,0.35,0.1,0.1,7.0,5.4,equilibrium_region_grid
basic_compliance,Basic compliance,none,5.4,-5.0,-22.749999999999996,-6.629999999999999,5.4,11.7,-0.9400000000000007,-5.0,5.8,0.2,2.0,0.05,1.0,0.25,0.0,12.0,5.0,1.0,0.8,0.0,1.4,0.45,0.35,0.2,0.35,0.1,0.1,7.0,5.4,equilibrium_region_grid
basic_compliance,Basic compliance,none,5.4,-5.0,-22.929999999999996,-6.693,5.4,11.7,-0.9400000000000007,-5.0,5.8,0.2,2.2,0.05,1.0,0.25,0.0,12.0,5.0,1.0,0.8,0.0,1.4,0.45,0.35,0.2,0.35,0.1,0.1,7.0,5.4,equilibrium_region_grid
basic_compliance,Basic compliance,none,5.4,-5.0,-23.109999999999996,-6.755999999999999,5.4,11.7,-0.9400000000000007,-5.0,5.8,0.2,2.4,0.05,1.0,0.25,0.0,12.0,5.0,1.0,0.8,0.0,1.4,0.45,0.35,0.2,0.35,0.1,0.1,7.0,5.4,equilibrium_region_grid
basic_compliance,Basic compliance,none,5.4,-5.0,-23.289999999999996,-6.818999999999999,5.4,11.7,-0.9400000000000007,-5.0,5.8,0.2,2.6,0.05,1.0,0.25,0.0,12.0,5.0,1.0,0.8,0.0,1.4,0.45,0.35,0.2,0.35,0.1,0.1,7.0,5.4,equilibrium_region_grid
basic_compliance,Basic compliance,none,5.4,-5.0,-23.469999999999995,-6.881999999999999,5.4,11.7,-0.9400000000000007,-5.0,5.8,0.2,2.8,0.05,1.0,0.25,0.0,12.0,5.0,1.0,0.8,0.0,1.4,0.45,0.35,0.2,0.35,0.1,0.1,7.0,5.4,equilibrium_region_grid
basic_compliance,Basic compliance,none,5.4,-5.0,-23.649999999999995,-6.944999999999999,5.4,11.7,-0.9400000000000007,-5.0,5.8,0.2,3.0,0.05,1.0,0.25,0.0,12.0,5.0,1.0,0.8,0.0,1.4,0.45,0.35,0.2,0.35,0.1,0.1,7.0,5.4,equilibrium_region_grid
basic_compliance,Basic compliance,none,5.4,-5.0,-23.829999999999995,-7.007999999999999,5.4,11.7,-0.9400000000000007,-5.0,5.8,0.2,3.2,0.05,1.0,0.25,0.0,12.0,5.0,1.0,0.8,0.0,1.4,0.45,0.35,0.2,0.35,0.1,0.1,7.0,5.4,equilibrium_region_grid
basic_compliance,Basic compliance,none,5.4,-5.0,-24.009999999999994,-7.070999999999999,5.4,11.7,-0.9400000000000007,-5.0,5.8,0.2,3.4,0.05,1.0,0.25,0.0,12.0,5.0,1.0,0.8,0.0,1.4,0.45,0.35,0.2,0.35,0.1,0.1,7.0,5.4,equilibrium_region_grid
basic_compliance,Basic compliance,none,5.4,-5.0,-24.189999999999998,-7.133999999999999,5.4,11.7,-0.9400000000000007,-5.0,5.8,0.2,3.6,0.05,1.0,0.25,0.0,12.0,5.0,1.0,0.8,0.0,1.4,0.45,0.35,0.2,0.35,0.1,0.1,7.0,5.4,equilibrium_region_grid
basic_compliance,Basic compliance,none,5.4,-5.0,-24.369999999999997,-7.196999999999999,5.4,11.7,-0.9400000000000007,-5.0,5.8,0.2,3.8,0.05,1.0,0.25,0.0,12.0,5.0,1.0,0.8,0.0,1.4,0.45,0.35,0.2,0.35,0.1,0.1,7.0,5.4,equilibrium_region_grid
basic_compliance,Basic compliance,none,5.4,-5.0,-24.549999999999997,-7.259999999999999,5.4,11.7,-0.9400000000000007,-5.0,5.8,0.2,4.0,0.05,1.0,0.25,0.0,12.0,5.0,1.0,0.8,0.0,1.4,0.45,0.35,0.2,0.35,0.1,0.1,7.0,5.4,equilibrium_region_grid
basic_compliance,Basic compliance,none,5.4,-5.0,-15.149999999999999,-3.3899999999999997,5.4,11.7,-0.9400000000000007,-5.0,5.8,0.25,0.0,0.05,1.0,0.25,0.0,12.0,5.0,1.0,0.8,0.0,1.4,0.45,0.35,0.2,0.35,0.1,0.1,7.0,5.4,equilibrium_region_grid
basic_compliance,Basic compliance,none,5.4,-5.0,-15.329999999999998,-3.453,5.4,11.7,-0.9400000000000007,-5.0,5.8,0.25,0.2,0.05,1.0,0.25,0.0,12.0,5.0,1.0,0.8,0.0,1.4,0.45,0.35,0.2,0.35,0.1,0.1,7.0,5.4,equilibrium_region_grid
basic_compliance,Basic compliance,none,5.4,-5.0,-15.509999999999998,-3.5159999999999996,5.4,11.7,-0.9400000000000007,-5.0,5.8,0.25,0.4,0.05,1.0,0.25,0.0,12.0,5.0,1.0,0.8,0.0,1.4,0.45,0.35,0.2,0.35,0.1,0.1,7.0,5.4,equilibrium_region_grid
basic_compliance,Basic compliance,none,5.4,-5.0,-15.689999999999998,-3.5789999999999997,5.4,11.7,-0.9400000000000007,-5.0,5.8,0.25,0.6,0.05,1.0,0.25,0.0,12.0,5.0,1.0,0.8,0.0,1.4,0.45,0.35,0.2,0.35,0.1,0.1,7.0,5.4,equilibrium_region_grid
basic_compliance,Basic compliance,none,5.4,-5.0,-15.87,-3.6419999999999995,5.4,11.7,-0.9400000000000007,-5.0,5.8,0.25,0.8,0.05,1.0,0.25,0.0,12.0,5.0,1.0,0.8,0.0,1.4,0.45,0.35,0.2,0.35,0.1,0.1,7.0,5.4,equilibrium_region_grid
basic_compliance,Basic compliance,none,5.4,-5.0,-16.049999999999997,-3.7049999999999996,5.4,11.7,-0.9400000000000007,-5.0,5.8,0.25,1.0,0.05,1.0,0.25,0.0,12.0,5.0,1.0,0.8,0.0,1.4,0.45,0.35,0.2,0.35,0.1,0.1,7.0,5.4,equilibrium_region_grid
basic_compliance,Basic compliance,none,5.4,-5.0,-16.229999999999997,-3.768,5.4,11.7,-0.9400000000000007,-5.0,5.8,0.25,1.2,0.05,1.0,0.25,0.0,12.0,5.0,1.0,0.8,0.0,1.4,0.45,0.35,0.2,0.35,0.1,0.1,7.0,5.4,equilibrium_region_grid
basic_compliance,Basic compliance,none,5.4,-5.0,-16.41,-3.8309999999999995,5.4,11.7,-0.9400000000000007,-5.0,5.8,0.25,1.4,0.05,1.0,0.25,0.0,12.0,5.0,1.0,0.8,0.0,1.4,0.45,0.35,0.2,0.35,0.1,0.1,7.0,5.4,equilibrium_region_grid
basic_compliance,Basic compliance,none,5.4,-5.0,-16.59,-3.8939999999999997,5.4,11.7,-0.9400000000000007,-5.0,5.8,0.25,1.6,0.05,1.0,0.25,0.0,12.0,5.0,1.0,0.8,0.0,1.4,0.45,0.35,0.2,0.35,0.1,0.1,7.0,5.4,equilibrium_region_grid
basic_compliance,Basic compliance,none,5.4,-5.0,-16.77,-3.957,5.4,11.7,-0.9400000000000007,-5.0,5.8,0.25,1.8,0.05,1.0,0.25,0.0,12.0,5.0,1.0,0.8,0.0,1.4,0.45,0.35,0.2,0.35,0.1,0.1,7.0,5.4,equilibrium_region_grid
basic_compliance,Basic compliance,none,5.4,-5.0,-16.95,-4.02,5.4,11.7,-0.9400000000000007,-5.0,5.8,0.25,2.0,0.05,1.0,0.25,0.0,12.0,5.0,1.0,0.8,0.0,1.4,0.45,0.35,0.2,0.35,0.1,0.1,7.0,5.4,equilibrium_region_grid
basic_compliance,Basic compliance,none,5.4,-5.0,-17.13,-4.083,5.4,11.7,-0.9400000000000007,-5.0,5.8,0.25,2.2,0.05,1.0,0.25,0.0,12.0,5.0,1.0,0.8,0.0,1.4,0.45,0.35,0.2,0.35,0.1,0.1,7.0,5.4,equilibrium_region_grid
basic_compliance,Basic compliance,none,5.4,-5.0,-17.31,-4.146,5.4,11.7,-0.9400000000000007,-5.0,5.8,0.25,2.4,0.05,1.0,0.25,0.0,12.0,5.0,1.0,0.8,0.0,1.4,0.45,0.35,0.2,0.35,0.1,0.1,7.0,5.4,equilibrium_region_grid
basic_compliance,Basic compliance,none,5.4,-5.0,-17.49,-4.209,5.4,11.7,-0.9400000000000007,-5.0,5.8,0.25,2.6,0.05,1.0,0.25,0.0,12.0,5.0,1.0,0.8,0.0,1.4,0.45,0.35,0.2,0.35,0.1,0.1,7.0,5.4,equilibrium_region_grid
basic_compliance,Basic compliance,none,5.4,-5.0,-17.669999999999998,-4.271999999999999,5.4,11.7,-0.9400000000000007,-5.0,5.8,0.25,2.8,0.05,1.0,0.25,0.0,12.0,5.0,1.0,0.8,0.0,1.4,0.45,0.35,0.2,0.35,0.1,0.1,7.0,5.4,equilibrium_region_grid
basic_compliance,Basic compliance,none,5.4,-5.0,-17.849999999999998,-4.335,5.4,11.7,-0.9400000000000007,-5.0,5.8,0.25,3.0,0.05,1.0,0.25,0.0,12.0,5.0,1.0,0.8,0.0,1.4,0.45,0.35,0.2,0.35,0.1,0.1,7.0,5.4,equilibrium_region_grid
basic_compliance,Basic compliance,none,5.4,-5.0,-18.029999999999998,-4.398,5.4,11.7,-0.9400000000000007,-5.0,5.8,0.25,3.2,0.05,1.0,0.25,0.0,12.0,5.0,1.0,0.8,0.0,1.4,0.45,0.35,0.2,0.35,0.1,0.1,7.0,5.4,equilibrium_region_grid
basic_compliance,Basic compliance,none,5.4,-5.0,-18.209999999999997,-4.460999999999999,5.4,11.7,-0.9400000000000007,-5.0,5.8,0.25,3.4,0.05,1.0,0.25,0.0,12.0,5.0,1.0,0.8,0.0,1.4,0.45,0.35,0.2,0.35,0.1,0.1,7.0,5.4,equilibrium_region_grid
basic_compliance,Basic compliance,none,5.4,-5.0,-18.39,-4.523999999999999,5.4,11.7,-0.9400000000000007,-5.0,5.8,0.25,3.6,0.05,1.0,0.25,0.0,12.0,5.0,1.0,0.8,0.0,1.4,0.45,0.35,0.2,0.35,0.1,0.1,7.0,5.4,equilibrium_region_grid
basic_compliance,Basic compliance,none,5.4,-5.0,-18.57,-4.587,5.4,11.7,-0.9400000000000007,-5.0,5.8,0.25,3.8,0.05,1.0,0.25,0.0,12.0,5.0,1.0,0.8,0.0,1.4,0.45,0.35,0.2,0.35,0.1,0.1,7.0,5.4,equilibrium_region_grid
basic_compliance,Basic compliance,none,5.4,-5.0,-18.75,-4.6499999999999995,5.4,11.7,-0.9400000000000007,-5.0,5.8,0.25,4.0,0.05,1.0,0.25,0.0,12.0,5.0,1.0,0.8,0.0,1.4,0.45,0.35,0.2,0.35,0.1,0.1,7.0,5.4,equilibrium_region_grid
basic_compliance,Basic compliance,none,5.4,-5.0,-11.283333333333331,-1.6499999999999997,5.4,11.7,-0.9400000000000007,-5.0,5.8,0.3,0.0,0.05,1.0,0.25,0.0,12.0,5.0,1.0,0.8,0.0,1.4,0.45,0.35,0.2,0.35,0.1,0.1,7.0,5.4,equilibrium_region_grid
basic_compliance,Basic compliance,none,5.4,-5.0,-11.463333333333331,-1.7129999999999996,5.4,11.7,-0.9400000000000007,-5.0,5.8,0.3,0.2,0.05,1.0,0.25,0.0,12.0,5.0,1.0,0.8,0.0,1.4,0.45,0.35,0.2,0.35,0.1,0.1,7.0,5.4,equilibrium_region_grid
basic_compliance,Basic compliance,none,5.4,-5.0,-11.64333333333333,-1.7759999999999998,5.4,11.7,-0.9400000000000007,-5.0,5.8,0.3,0.4,0.05,1.0,0.25,0.0,12.0,5.0,1.0,0.8,0.0,1.4,0.45,0.35,0.2,0.35,0.1,0.1,7.0,5.4,equilibrium_region_grid
basic_compliance,Basic compliance,none,5.4,-5.0,-11.82333333333333,-1.8389999999999997,5.4,11.7,-0.9400000000000007,-5.0,5.8,0.3,0.6,0.05,1.0,0.25,0.0,12.0,5.0,1.0,0.8,0.0,1.4,0.45,0.35,0.2,0.35,0.1,0.1,7.0,5.4,equilibrium_region_grid
basic_compliance,Basic compliance,none,5.4,-5.0,-12.003333333333332,-1.9019999999999997,5.4,11.7,-0.9400000000000007,-5.0,5.8,0.3,0.8,0.05,1.0,0.25,0.0,12.0,5.0,1.0,0.8,0.0,1.4,0.45,0.35,0.2,0.35,0.1,0.1,7.0,5.4,equilibrium_region_grid
basic_compliance,Basic compliance,none,5.4,-5.0,-12.183333333333332,-1.9649999999999996,5.4,11.7,-0.9400000000000007,-5.0,5.8,0.3,1.0,0.05,1.0,0.25,0.0,12.0,5.0,1.0,0.8,0.0,1.4,0.45,0.35,0.2,0.35,0.1,0.1,7.0,5.4,equilibrium_region_grid
basic_compliance,Basic compliance,none,5.4,-5.0,-12.363333333333332,-2.0279999999999996,5.4,11.7,-0.9400000000000007,-5.0,5.8,0.3,1.2,0.05,1.0,0.25,0.0,12.0,5.0,1.0,0.8,0.0,1.4,0.45,0.35,0.2,0.35,0.1,0.1,7.0,5.4,equilibrium_region_grid
basic_compliance,Basic compliance,none,5.4,-5.0,-12.543333333333331,-2.0909999999999997,5.4,11.7,-0.9400000000000007,-5.0,5.8,0.3,1.4,0.05,1.0,0.25,0.0,12.0,5.0,1.0,0.8,0.0,1.4,0.45,0.35,0.2,0.35,0.1,0.1,7.0,5.4,equilibrium_region_grid
basic_compliance,Basic compliance,none,5.4,-5.0,-12.723333333333331,-2.154,5.4,11.7,-0.9400000000000007,-5.0,5.8,0.3,1.6,0.05,1.0,0.25,0.0,12.0,5.0,1.0,0.8,0.0,1.4,0.45,0.35,0.2,0.35,0.1,0.1,7.0,5.4,equilibrium_region_grid
basic_compliance,Basic compliance,none,5.4,-5.0,-12.903333333333332,-2.2169999999999996,5.4,11.7,-0.9400000000000007,-5.0,5.8,0.3,1.8,0.05,1.0,0.25,0.0,12.0,5.0,1.0,0.8,0.0,1.4,0.45,0.35,0.2,0.35,0.1,0.1,7.0,5.4,equilibrium_region_grid
basic_compliance,Basic compliance,none,5.4,-5.0,-13.083333333333332,-2.28,5.4,11.7,-0.9400000000000007,-5.0,5.8,0.3,2.0,0.05,1.0,0.25,0.0,12.0,5.0,1.0,0.8,0.0,1.4,0.45,0.35,0.2,0.35,0.1,0.1,7.0,5.4,equilibrium_region_grid
basic_compliance,Basic compliance,none,5.4,-5.0,-13.263333333333332,-2.343,5.4,11.7,-0.9400000000000007,-5.0,5.8,0.3,2.2,0.05,1.0,0.25,0.0,12.0,5.0,1.0,0.8,0.0,1.4,0.45,0.35,0.2,0.35,0.1,0.1,7.0,5.4,equilibrium_region_grid
basic_compliance,Basic compliance,none,5.4,-5.0,-13.443333333333332,-2.4059999999999997,5.4,11.7,-0.9400000000000007,-5.0,5.8,0.3,2.4,0.05,1.0,0.25,0.0,12.0,5.0,1.0,0.8,0.0,1.4,0.45,0.35,0.2,0.35,0.1,0.1,7.0,5.4,equilibrium_region_grid
basic_compliance,Basic compliance,none,5.4,-5.0,-13.623333333333331,-2.469,5.4,11.7,-0.9400000000000007,-5.0,5.8,0.3,2.6,0.05,1.0,0.25,0.0,12.0,5.0,1.0,0.8,0.0,1.4,0.45,0.35,0.2,0.35,0.1,0.1,7.0,5.4,equilibrium_region_grid
basic_compliance,Basic compliance,none,5.4,-5.0,-13.803333333333331,-2.5319999999999996,5.4,11.7,-0.9400000000000007,-5.0,5.8,0.3,2.8,0.05,1.0,0.25,0.0,12.0,5.0,1.0,0.8,0.0,1.4,0.45,0.35,0.2,0.35,0.1,0.1,7.0,5.4,equilibrium_region_grid
basic_compliance,Basic compliance,none,5.4,-5.0,-13.98333333333333,-2.5949999999999998,5.4,11.7,-0.9400000000000007,-5.0,5.8,0.3,3.0,0.05,1.0,0.25,0.0,12.0,5.0,1.0,0.8,0.0,1.4,0.45,0.35,0.2,0.35,0.1,0.1,7.0,5.4,equilibrium_region_grid
basic_compliance,Basic compliance,none,5.4,-5.0,-14.163333333333332,-2.6579999999999995,5.4,11.7,-0.9400000000000007,-5.0,5.8,0.3,3.2,0.05,1.0,0.25,0.0,12.0,5.0,1.0,0.8,0.0,1.4,0.45,0.35,0.2,0.35,0.1,0.1,7.0,5.4,equilibrium_region_grid
basic_compliance,Basic compliance,none,5.4,-5.0,-14.343333333333332,-2.7209999999999996,5.4,11.7,-0.9400000000000007,-5.0,5.8,0.3,3.4,0.05,1.0,0.25,0.0,12.0,5.0,1.0,0.8,0.0,1.4,0.45,0.35,0.2,0.35,0.1,0.1,7.0,5.4,equilibrium_region_grid
basic_compliance,Basic compliance,none,5.4,-5.0,-14.523333333333332,-2.784,5.4,11.7,-0.9400000000000007,-5.0,5.8,0.3,3.6,0.05,1.0,0.25,0.0,12.0,5.0,1.0,0.8,0.0,1.4,0.45,0.35,0.2,0.35,0.1,0.1,7.0,5.4,equilibrium_region_grid
basic_compliance,Basic compliance,none,5.4,-5.0,-14.703333333333331,-2.8469999999999995,5.4,11.7,-0.9400000000000007,-5.0,5.8,0.3,3.8,0.05,1.0,0.25,0.0,12.0,5.0,1.0,0.8,0.0,1.4,0.45,0.35,0.2,0.35,0.1,0.1,7.0,5.4,equilibrium_region_grid
basic_compliance,Basic compliance,none,5.4,-5.0,-14.883333333333331,-2.9099999999999997,5.4,11.7,-0.9400000000000007,-5.0,5.8,0.3,4.0,0.05,1.0,0.25,0.0,12.0,5.0,1.0,0.8,0.0,1.4,0.45,0.35,0.2,0.35,0.1,0.1,7.0,5.4,equilibrium_region_grid
basic_compliance,Basic compliance,none,5.4,-5.0,-8.521428571428572,-0.4071428571428585,5.4,11.7,-0.9400000000000007,-5.0,5.8,0.35,0.0,0.05,1.0,0.25,0.0,12.0,5.0,1.0,0.8,0.0,1.4,0.45,0.35,0.2,0.35,0.1,0.1,7.0,5.4,equilibrium_region_grid
basic_compliance,Basic compliance,none,5.4,-5.0,-8.701428571428572,-0.47014285714285853,5.4,11.7,-0.9400000000000007,-5.0,5.8,0.35,0.2,0.05,1.0,0.25,0.0,12.0,5.0,1.0,0.8,0.0,1.4,0.45,0.35,0.2,0.35,0.1,0.1,7.0,5.4,equilibrium_region_grid
basic_compliance,Basic compliance,none,5.4,-5.0,-8.881428571428572,-0.5331428571428585,5.4,11.7,-0.9400000000000007,-5.0,5.8,0.35,0.4,0.05,1.0,0.25,0.0,12.0,5.0,1.0,0.8,0.0,1.4,0.45,0.35,0.2,0.35,0.1,0.1,7.0,5.4,equilibrium_region_grid
basic_compliance,Basic compliance,none,5.4,-5.0,-9.061428571428571,-0.5961428571428585,5.4,11.7,-0.9400000000000007,-5.0,5.8,0.35,0.6,0.05,1.0,0.25,0.0,12.0,5.0,1.0,0.8,0.0,1.4,0.45,0.35,0.2,0.35,0.1,0.1,7.0,5.4,equilibrium_region_grid
basic_compliance,Basic compliance,none,5.4,-5.0,-9.241428571428573,-0.6591428571428586,5.4,11.7,-0.9400000000000007,-5.0,5.8,0.35,0.8,0.05,1.0,0.25,0.0,12.0,5.0,1.0,0.8,0.0,1.4,0.45,0.35,0.2,0.35,0.1,0.1,7.0,5.4,equilibrium_region_grid
basic_compliance,Basic compliance,none,5.4,-5.0,-9.421428571428573,-0.7221428571428585,5.4,11.7,-0.9400000000000007,-5.0,5.8,0.35,1.0,0.05,1.0,0.25,0.0,12.0,5.0,1.0,0.8,0.0,1.4,0.45,0.35,0.2,0.35,0.1,0.1,7.0,5.4,equilibrium_region_grid
basic_compliance,Basic compliance,none,5.4,-5.0,-9.601428571428572,-0.7851428571428585,5.4,11.7,-0.9400000000000007,-5.0,5.8,0.35,1.2,0.05,1.0,0.25,0.0,12.0,5.0,1.0,0.8,0.0,1.4,0.45,0.35,0.2,0.35,0.1,0.1,7.0,5.4,equilibrium_region_grid
basic_compliance,Basic compliance,none,5.4,-5.0,-9.781428571428572,-0.8481428571428584,5.4,11.7,-0.9400000000000007,-5.0,5.8,0.35,1.4,0.05,1.0,0.25,0.0,12.0,5.0,1.0,0.8,0.0,1.4,0.45,0.35,0.2,0.35,0.1,0.1,7.0,5.4,equilibrium_region_grid
basic_compliance,Basic compliance,none,5.4,-5.0,-9.961428571428572,-0.9111428571428586,5.4,11.7,-0.9400000000000007,-5.0,5.8,0.35,1.6,0.05,1.0,0.25,0.0,12.0,5.0,1.0,0.8,0.0,1.4,0.45,0.35,0.2,0.35,0.1,0.1,7.0,5.4,equilibrium_region_grid
basic_compliance,Basic compliance,none,5.4,-5.0,-10.141428571428573,-0.9741428571428585,5.4,11.7,-0.9400000000000007,-5.0,5.8,0.35,1.8,0.05,1.0,0.25,0.0,12.0,5.0,1.0,0.8,0.0,1.4,0.45,0.35,0.2,0.35,0.1,0.1,7.0,5.4,equilibrium_region_grid
basic_compliance,Basic compliance,none,5.4,-5.0,-10.321428571428573,-1.0371428571428585,5.4,11.7,-0.9400000000000007,-5.0,5.8,0.35,2.0,0.05,1.0,0.25,0.0,12.0,5.0,1.0,0.8,0.0,1.4,0.45,0.35,0.2,0.35,0.1,0.1,7.0,5.4,equilibrium_region_grid
basic_compliance,Basic compliance,none,5.4,-5.0,-10.501428571428573,-1.1001428571428586,5.4,11.7,-0.9400000000000007,-5.0,5.8,0.35,2.2,0.05,1.0,0.25,0.0,12.0,5.0,1.0,0.8,0.0,1.4,0.45,0.35,0.2,0.35,0.1,0.1,7.0,5.4,equilibrium_region_grid
basic_compliance,Basic compliance,none,5.4,-5.0,-10.681428571428572,-1.1631428571428586,5.4,11.7,-0.9400000000000007,-5.0,5.8,0.35,2.4,0.05,1.0,0.25,0.0,12.0,5.0,1.0,0.8,0.0,1.4,0.45,0.35,0.2,0.35,0.1,0.1,7.0,5.4,equilibrium_region_grid
basic_compliance,Basic compliance,none,5.4,-5.0,-10.861428571428572,-1.2261428571428585,5.4,11.7,-0.9400000000000007,-5.0,5.8,0.35,2.6,0.05,1.0,0.25,0.0,12.0,5.0,1.0,0.8,0.0,1.4,0.45,0.35,0.2,0.35,0.1,0.1,7.0,5.4,equilibrium_region_grid
basic_compliance,Basic compliance,none,5.4,-5.0,-11.041428571428572,-1.2891428571428585,5.4,11.7,-0.9400000000000007,-5.0,5.8,0.35,2.8,0.05,1.0,0.25,0.0,12.0,5.0,1.0,0.8,0.0,1.4,0.45,0.35,0.2,0.35,0.1,0.1,7.0,5.4,equilibrium_region_grid
basic_compliance,Basic compliance,none,5.4,-5.0,-11.221428571428572,-1.3521428571428584,5.4,11.7,-0.9400000000000007,-5.0,5.8,0.35,3.0,0.05,1.0,0.25,0.0,12.0,5.0,1.0,0.8,0.0,1.4,0.45,0.35,0.2,0.35,0.1,0.1,7.0,5.4,equilibrium_region_grid
basic_compliance,Basic compliance,none,5.4,-5.0,-11.401428571428573,-1.4151428571428586,5.4,11.7,-0.9400000000000007,-5.0,5.8,0.35,3.2,0.05,1.0,0.25,0.0,12.0,5.0,1.0,0.8,0.0,1.4,0.45,0.35,0.2,0.35,0.1,0.1,7.0,5.4,equilibrium_region_grid
basic_compliance,Basic compliance,none,5.4,-5.0,-11.581428571428573,-1.4781428571428585,5.4,11.7,-0.9400000000000007,-5.0,5.8,0.35,3.4,0.05,1.0,0.25,0.0,12.0,5.0,1.0,0.8,0.0,1.4,0.45,0.35,0.2,0.35,0.1,0.1,7.0,5.4,equilibrium_region_grid
basic_compliance,Basic compliance,none,5.4,-5.0,-11.761428571428572,-1.5411428571428585,5.4,11.7,-0.9400000000000007,-5.0,5.8,0.35,3.6,0.05,1.0,0.25,0.0,12.0,5.0,1.0,0.8,0.0,1.4,0.45,0.35,0.2,0.35,0.1,0.1,7.0,5.4,equilibrium_region_grid
basic_compliance,Basic compliance,none,5.4,-5.0,-11.941428571428572,-1.6041428571428584,5.4,11.7,-0.9400000000000007,-5.0,5.8,0.35,3.8,0.05,1.0,0.25,0.0,12.0,5.0,1.0,0.8,0.0,1.4,0.45,0.35,0.2,0.35,0.1,0.1,7.0,5.4,equilibrium_region_grid
basic_compliance,Basic compliance,none,5.4,-5.0,-12.121428571428572,-1.6671428571428586,5.4,11.7,-0.9400000000000007,-5.0,5.8,0.35,4.0,0.05,1.0,0.25,0.0,12.0,5.0,1.0,0.8,0.0,1.4,0.45,0.35,0.2,0.35,0.1,0.1,7.0,5.4,equilibrium_region_grid
basic_compliance,Basic compliance,none,5.4,-5.0,-6.4499999999999975,0.5250000000000001,5.4,11.7,-0.9400000000000007,-5.0,5.8,0.4,0.0,0.05,1.0,0.25,0.0,12.0,5.0,1.0,0.8,0.0,1.4,0.45,0.35,0.2,0.35,0.1,0.1,7.0,5.4,equilibrium_region_grid
basic_compliance,Basic compliance,none,5.4,-5.0,-6.629999999999997,0.46200000000000013,5.4,11.7,-0.9400000000000007,-5.0,5.8,0.4,0.2,0.05,1.0,0.25,0.0,12.0,5.0,1.0,0.8,0.0,1.4,0.45,0.35,0.2,0.35,0.1,0.1,7.0,5.4,equilibrium_region_grid
basic_compliance,Basic compliance,none,5.4,-5.0,-6.809999999999998,0.39900000000000013,5.4,11.7,-0.9400000000000007,-5.0,5.8,0.4,0.4,0.05,1.0,0.25,0.0,12.0,5.0,1.0,0.8,0.0,1.4,0.45,0.35,0.2,0.35,0.1,0.1,7.0,5.4,equilibrium_region_grid
basic_compliance,Basic compliance,none,5.4,-5.0,-6.9899999999999975,0.33600000000000013,5.4,11.7,-0.9400000000000007,-5.0,5.8,0.4,0.6,0.05,1.0,0.25,0.0,12.0,5.0,1.0,0.8,0.0,1.4,0.45,0.35,0.2,0.35,0.1,0.1,7.0,5.4,equilibrium_region_grid
basic_compliance,Basic compliance,none,5.4,-5.0,-7.169999999999997,0.27300000000000013,5.4,11.7,-0.9400000000000007,-5.0,5.8,0.4,0.8,0.05,1.0,0.25,0.0,12.0,5.0,1.0,0.8,0.0,1.4,0.45,0.35,0.2,0.35,0.1,0.1,7.0,5.4,equilibrium_region_grid
basic_compliance,Basic compliance,none,5.4,-5.0,-7.349999999999998,0.21000000000000013,5.4,11.7,-0.9400000000000007,-5.0,5.8,0.4,1.0,0.05,1.0,0.25,0.0,12.0,5.0,1.0,0.8,0.0,1.4,0.45,0.35,0.2,0.35,0.1,0.1,7.0,5.4,equilibrium_region_grid
basic_compliance,Basic compliance,none,5.4,-5.0,-7.529999999999998,0.14700000000000013,5.4,11.7,-0.9400000000000007,-5.0,5.8,0.4,1.2,0.05,1.0,0.25,0.0,12.0,5.0,1.0,0.8,0.0,1.4,0.45,0.35,0.2,0.35,0.1,0.1,7.0,5.4,equilibrium_region_grid
basic_compliance,Basic compliance,none,5.4,-5.0,-7.709999999999997,0.08400000000000019,5.4,11.7,-0.9400000000000007,-5.0,5.8,0.4,1.4,0.05,1.0,0.25,0.0,12.0,5.0,1.0,0.8,0.0,1.4,0.45,0.35,0.2,0.35,0.1,0.1,7.0,5.4,equilibrium_region_grid
basic_compliance,Basic compliance,none,5.4,-5.0,-7.889999999999998,0.02100000000000013,5.4,11.7,-0.9400000000000007,-5.0,5.8,0.4,1.6,0.05,1.0,0.25,0.0,12.0,5.0,1.0,0.8,0.0,1.4,0.45,0.35,0.2,0.35,0.1,0.1,7.0,5.4,equilibrium_region_grid
basic_compliance,Basic compliance,none,5.4,-5.0,-8.069999999999997,-0.041999999999999815,5.4,11.7,-0.9400000000000007,-5.0,5.8,0.4,1.8,0.05,1.0,0.25,0.0,12.0,5.0,1.0,0.8,0.0,1.4,0.45,0.35,0.2,0.35,0.1,0.1,7.0,5.4,equilibrium_region_grid
basic_compliance,Basic compliance,none,5.4,-5.0,-8.249999999999998,-0.10499999999999987,5.4,11.7,-0.9400000000000007,-5.0,5.8,0.4,2.0,0.05,1.0,0.25,0.0,12.0,5.0,1.0,0.8,0.0,1.4,0.45,0.35,0.2,0.35,0.1,0.1,7.0,5.4,equilibrium_region_grid
basic_compliance,Basic compliance,none,5.4,-5.0,-8.429999999999998,-0.16799999999999993,5.4,11.7,-0.9400000000000007,-5.0,5.8,0.4,2.2,0.05,1.0,0.25,0.0,12.0,5.0,1.0,0.8,0.0,1.4,0.45,0.35,0.2,0.35,0.1,0.1,7.0,5.4,equilibrium_region_grid
basic_compliance,Basic compliance,none,5.4,-5.0,-8.609999999999998,-0.23099999999999987,5.4,11.7,-0.9400000000000007,-5.0,5.8,0.4,2.4,0.05,1.0,0.25,0.0,12.0,5.0,1.0,0.8,0.0,1.4,0.45,0.35,0.2,0.35,0.1,0.1,7.0,5.4,equilibrium_region_grid
basic_compliance,Basic compliance,none,5.4,-5.0,-8.789999999999997,-0.29399999999999993,5.4,11.7,-0.9400000000000007,-5.0,5.8,0.4,2.6,0.05,1.0,0.25,0.0,12.0,5.0,1.0,0.8,0.0,1.4,0.45,0.35,0.2,0.35,0.1,0.1,7.0,5.4,equilibrium_region_grid
basic_compliance,Basic compliance,none,5.4,-5.0,-8.969999999999997,-0.35699999999999976,5.4,11.7,-0.9400000000000007,-5.0,5.8,0.4,2.8,0.05,1.0,0.25,0.0,12.0,5.0,1.0,0.8,0.0,1.4,0.45,0.35,0.2,0.35,0.1,0.1,7.0,5.4,equilibrium_region_grid
basic_compliance,Basic compliance,none,5.4,-5.0,-9.149999999999999,-0.4199999999999998,5.4,11.7,-0.9400000000000007,-5.0,5.8,0.4,3.0,0.05,1.0,0.25,0.0,12.0,5.0,1.0,0.8,0.0,1.4,0.45,0.35,0.2,0.35,0.1,0.1,7.0,5.4,equilibrium_region_grid
basic_compliance,Basic compliance,none,5.4,-5.0,-9.329999999999998,-0.4829999999999999,5.4,11.7,-0.9400000000000007,-5.0,5.8,0.4,3.2,0.05,1.0,0.25,0.0,12.0,5.0,1.0,0.8,0.0,1.4,0.45,0.35,0.2,0.35,0.1,0.1,7.0,5.4,equilibrium_region_grid
basic_compliance,Basic compliance,none,5.4,-5.0,-9.509999999999998,-0.5459999999999998,5.4,11.7,-0.9400000000000007,-5.0,5.8,0.4,3.4,0.05,1.0,0.25,0.0,12.0,5.0,1.0,0.8,0.0,1.4,0.45,0.35,0.2,0.35,0.1,0.1,7.0,5.4,equilibrium_region_grid
basic_compliance,Basic compliance,none,5.4,-5.0,-9.689999999999998,-0.6089999999999998,5.4,11.7,-0.9400000000000007,-5.0,5.8,0.4,3.6,0.05,1.0,0.25,0.0,12.0,5.0,1.0,0.8,0.0,1.4,0.45,0.35,0.2,0.35,0.1,0.1,7.0,5.4,equilibrium_region_grid
basic_compliance,Basic compliance,none,5.4,-5.0,-9.869999999999997,-0.6719999999999997,5.4,11.7,-0.9400000000000007,-5.0,5.8,0.4,3.8,0.05,1.0,0.25,0.0,12.0,5.0,1.0,0.8,0.0,1.4,0.45,0.35,0.2,0.35,0.1,0.1,7.0,5.4,equilibrium_region_grid
basic_compliance,Basic compliance,none,5.4,-5.0,-10.049999999999997,-0.7349999999999999,5.4,11.7,-0.9400000000000007,-5.0,5.8,0.4,4.0,0.05,1.0,0.25,0.0,12.0,5.0,1.0,0.8,0.0,1.4,0.45,0.35,0.2,0.35,0.1,0.1,7.0,5.4,equilibrium_region_grid
basic_compliance,Basic compliance,none,5.4,-5.0,-4.838888888888887,1.2499999999999998,5.4,11.7,-0.9400000000000007,-5.0,5.8,0.45,0.0,0.05,1.0,0.25,0.0,12.0,5.0,1.0,0.8,0.0,1.4,0.45,0.35,0.2,0.35,0.1,0.1,7.0,5.4,equilibrium_region_grid
basic_compliance,Basic compliance,none,5.4,-5.0,-5.0188888888888865,1.1869999999999998,5.4,11.7,-0.9400000000000007,-5.0,5.8,0.45,0.2,0.05,1.0,0.25,0.0,12.0,5.0,1.0,0.8,0.0,1.4,0.45,0.35,0.2,0.35,0.1,0.1,7.0,5.4,equilibrium_region_grid
basic_compliance,Basic compliance,none,5.4,-5.0,-5.198888888888887,1.1239999999999997,5.4,11.7,-0.9400000000000007,-5.0,5.8,0.45,0.4,0.05,1.0,0.25,0.0,12.0,5.0,1.0,0.8,0.0,1.4,0.45,0.35,0.2,0.35,0.1,0.1,7.0,5.4,equilibrium_region_grid
basic_compliance,Basic compliance,none,5.4,-5.0,-5.378888888888887,1.0609999999999997,5.4,11.7,-0.9400000000000007,-5.0,5.8,0.45,0.6,0.05,1.0,0.25,0.0,12.0,5.0,1.0,0.8,0.0,1.4,0.45,0.35,0.2,0.35,0.1,0.1,7.0,5.4,equilibrium_region_grid
basic_compliance,Basic compliance,none,5.4,-5.0,-5.5588888888888865,0.9979999999999998,5.4,11.7,-0.9400000000000007,-5.0,5.8,0.45,0.8,0.05,1.0,0.25,0.0,12.0,5.0,1.0,0.8,0.0,1.4,0.45,0.35,0.2,0.35,0.1,0.1,7.0,5.4,equilibrium_region_grid
basic_compliance,Basic compliance,none,5.4,-5.0,-5.738888888888887,0.9349999999999998,5.4,11.7,-0.9400000000000007,-5.0,5.8,0.45,1.0,0.05,1.0,0.25,0.0,12.0,5.0,1.0,0.8,0.0,1.4,0.45,0.35,0.2,0.35,0.1,0.1,7.0,5.4,equilibrium_region_grid
basic_compliance,Basic compliance,none,5.4,-5.0,-5.918888888888887,0.8719999999999998,5.4,11.7,-0.9400000000000007,-5.0,5.8,0.45,1.2,0.05,1.0,0.25,0.0,12.0,5.0,1.0,0.8,0.0,1.4,0.45,0.35,0.2,0.35,0.1,0.1,7.0,5.4,equilibrium_region_grid
basic_compliance,Basic compliance,none,5.4,-5.0,-6.098888888888887,0.8089999999999998,5.4,11.7,-0.9400000000000007,-5.0,5.8,0.45,1.4,0.05,1.0,0.25,0.0,12.0,5.0,1.0,0.8,0.0,1.4,0.45,0.35,0.2,0.35,0.1,0.1,7.0,5.4,equilibrium_region_grid
basic_compliance,Basic compliance,none,5.4,-5.0,-6.278888888888887,0.7459999999999998,5.4,11.7,-0.9400000000000007,-5.0,5.8,0.45,1.6,0.05,1.0,0.25,0.0,12.0,5.0,1.0,0.8,0.0,1.4,0.45,0.35,0.2,0.35,0.1,0.1,7.0,5.4,equilibrium_region_grid
basic_compliance,Basic compliance,none,5.4,-5.0,-6.458888888888887,0.6829999999999998,5.4,11.7,-0.9400000000000007,-5.0,5.8,0.45,1.8,0.05,1.0,0.25,0.0,12.0,5.0,1.0,0.8,0.0,1.4,0.45,0.35,0.2,0.35,0.1,0.1,7.0,5.4,equilibrium_region_grid
basic_compliance,Basic compliance,none,5.4,-5.0,-6.638888888888887,0.6199999999999998,5.4,11.7,-0.9400000000000007,-5.0,5.8,0.45,2.0,0.05,1.0,0.25,0.0,12.0,5.0,1.0,0.8,0.0,1.4,0.45,0.35,0.2,0.35,0.1,0.1,7.0,5.4,equilibrium_region_grid
basic_compliance,Basic compliance,none,5.4,-5.0,-6.818888888888887,0.5569999999999997,5.4,11.7,-0.9400000000000007,-5.0,5.8,0.45,2.2,0.05,1.0,0.25,0.0,12.0,5.0,1.0,0.8,0.0,1.4,0.45,0.35,0.2,0.35,0.1,0.1,7.0,5.4,equilibrium_region_grid
basic_compliance,Basic compliance,none,5.4,-5.0,-6.998888888888887,0.4939999999999998,5.4,11.7,-0.9400000000000007,-5.0,5.8,0.45,2.4,0.05,1.0,0.25,0.0,12.0,5.0,1.0,0.8,0.0,1.4,0.45,0.35,0.2,0.35,0.1,0.1,7.0,5.4,equilibrium_region_grid
basic_compliance,Basic compliance,none,5.4,-5.0,-7.178888888888887,0.4309999999999997,5.4,11.7,-0.9400000000000007,-5.0,5.8,0.45,2.6,0.05,1.0,0.25,0.0,12.0,5.0,1.0,0.8,0.0,1.4,0.45,0.35,0.2,0.35,0.1,0.1,7.0,5.4,equilibrium_region_grid
basic_compliance,Basic compliance,none,5.4,-5.0,-7.358888888888886,0.3679999999999999,5.4,11.7,-0.9400000000000007,-5.0,5.8,0.45,2.8,0.05,1.0,0.25,0.0,12.0,5.0,1.0,0.8,0.0,1.4,0.45,0.35,0.2,0.35,0.1,0.1,7.0,5.4,equilibrium_region_grid
basic_compliance,Basic compliance,none,5.4,-5.0,-7.538888888888887,0.3049999999999998,5.4,11.7,-0.9400000000000007,-5.0,5.8,0.45,3.0,0.05,1.0,0.25,0.0,12.0,5.0,1.0,0.8,0.0,1.4,0.45,0.35,0.2,0.35,0.1,0.1,7.0,5.4,equilibrium_region_grid
basic_compliance,Basic compliance,none,5.4,-5.0,-7.718888888888888,0.24199999999999977,5.4,11.7,-0.9400000000000007,-5.0,5.8,0.45,3.2,0.05,1.0,0.25,0.0,12.0,5.0,1.0,0.8,0.0,1.4,0.45,0.35,0.2,0.35,0.1,0.1,7.0,5.4,equilibrium_region_grid
basic_compliance,Basic compliance,none,5.4,-5.0,-7.898888888888887,0.17899999999999983,5.4,11.7,-0.9400000000000007,-5.0,5.8,0.45,3.4,0.05,1.0,0.25,0.0,12.0,5.0,1.0,0.8,0.0,1.4,0.45,0.35,0.2,0.35,0.1,0.1,7.0,5.4,equilibrium_region_grid
basic_compliance,Basic compliance,none,5.4,-5.0,-8.078888888888887,0.11599999999999988,5.4,11.7,-0.9400000000000007,-5.0,5.8,0.45,3.6,0.05,1.0,0.25,0.0,12.0,5.0,1.0,0.8,0.0,1.4,0.45,0.35,0.2,0.35,0.1,0.1,7.0,5.4,equilibrium_region_grid
basic_compliance,Basic compliance,none,5.4,-5.0,-8.258888888888887,0.052999999999999936,5.4,11.7,-0.9400000000000007,-5.0,5.8,0.45,3.8,0.05,1.0,0.25,0.0,12.0,5.0,1.0,0.8,0.0,1.4,0.45,0.35,0.2,0.35,0.1,0.1,7.0,5.4,equilibrium_region_grid
basic_compliance,Basic compliance,none,5.4,-5.0,-8.438888888888886,-0.010000000000000231,5.4,11.7,-0.9400000000000007,-5.0,5.8,0.45,4.0,0.05,1.0,0.25,0.0,12.0,5.0,1.0,0.8,0.0,1.4,0.45,0.35,0.2,0.35,0.1,0.1,7.0,5.4,equilibrium_region_grid
basic_compliance,Basic compliance,none,5.4,-5.0,-3.549999999999999,1.8299999999999998,5.4,11.7,-0.9400000000000007,-5.0,5.8,0.5,0.0,0.05,1.0,0.25,0.0,12.0,5.0,1.0,0.8,0.0,1.4,0.45,0.35,0.2,0.35,0.1,0.1,7.0,5.4,equilibrium_region_grid
basic_compliance,Basic compliance,none,5.4,-5.0,-3.729999999999999,1.767,5.4,11.7,-0.9400000000000007,-5.0,5.8,0.5,0.2,0.05,1.0,0.25,0.0,12.0,5.0,1.0,0.8,0.0,1.4,0.45,0.35,0.2,0.35,0.1,0.1,7.0,5.4,equilibrium_region_grid
basic_compliance,Basic compliance,none,5.4,-5.0,-3.909999999999999,1.7039999999999997,5.4,11.7,-0.9400000000000007,-5.0,5.8,0.5,0.4,0.05,1.0,0.25,0.0,12.0,5.0,1.0,0.8,0.0,1.4,0.45,0.35,0.2,0.35,0.1,0.1,7.0,5.4,equilibrium_region_grid
basic_compliance,Basic compliance,none,5.4,-5.0,-4.089999999999999,1.6409999999999998,5.4,11.7,-0.9400000000000007,-5.0,5.8,0.5,0.6,0.05,1.0,0.25,0.0,12.0,5.0,1.0,0.8,0.0,1.4,0.45,0.35,0.2,0.35,0.1,0.1,7.0,5.4,equilibrium_region_grid
basic_compliance,Basic compliance,none,5.4,-5.0,-4.269999999999999,1.5779999999999998,5.4,11.7,-0.9400000000000007,-5.0,5.8,0.5,0.8,0.05,1.0,0.25,0.0,12.0,5.0,1.0,0.8,0.0,1.4,0.45,0.35,0.2,0.35,0.1,0.1,7.0,5.4,equilibrium_region_grid
basic_compliance,Basic compliance,none,5.4,-5.0,-4.449999999999999,1.515,5.4,11.7,-0.9400000000000007,-5.0,5.8,0.5,1.0,0.05,1.0,0.25,0.0,12.0,5.0,1.0,0.8,0.0,1.4,0.45,0.35,0.2,0.35,0.1,0.1,7.0,5.4,equilibrium_region_grid
basic_compliance,Basic compliance,none,5.4,-5.0,-4.629999999999999,1.452,5.4,11.7,-0.9400000000000007,-5.0,5.8,0.5,1.2,0.05,1.0,0.25,0.0,12.0,5.0,1.0,0.8,0.0,1.4,0.45,0.35,0.2,0.35,0.1,0.1,7.0,5.4,equilibrium_region_grid
basic_compliance,Basic compliance,none,5.4,-5.0,-4.809999999999999,1.3889999999999998,5.4,11.7,-0.9400000000000007,-5.0,5.8,0.5,1.4,0.05,1.0,0.25,0.0,12.0,5.0,1.0,0.8,0.0,1.4,0.45,0.35,0.2,0.35,0.1,0.1,7.0,5.4,equilibrium_region_grid
basic_compliance,Basic compliance,none,5.4,-5.0,-4.989999999999999,1.3259999999999998,5.4,11.7,-0.9400000000000007,-5.0,5.8,0.5,1.6,0.05,1.0,0.25,0.0,12.0,5.0,1.0,0.8,0.0,1.4,0.45,0.35,0.2,0.35,0.1,0.1,7.0,5.4,equilibrium_region_grid
basic_compliance,Basic compliance,none,5.4,-5.0,-5.169999999999999,1.263,5.4,11.7,-0.9400000000000007,-5.0,5.8,0.5,1.8,0.05,1.0,0.25,0.0,12.0,5.0,1.0,0.8,0.0,1.4,0.45,0.35,0.2,0.35,0.1,0.1,7.0,5.4,equilibrium_region_grid
basic_compliance,Basic compliance,none,5.4,-5.0,-5.349999999999999,1.1999999999999997,5.4,11.7,-0.9400000000000007,-5.0,5.8,0.5,2.0,0.05,1.0,0.25,0.0,12.0,5.0,1.0,0.8,0.0,1.4,0.45,0.35,0.2,0.35,0.1,0.1,7.0,5.4,equilibrium_region_grid
basic_compliance,Basic compliance,none,5.4,-5.0,-5.529999999999999,1.1369999999999998,5.4,11.7,-0.9400000000000007,-5.0,5.8,0.5,2.2,0.05,1.0,0.25,0.0,12.0,5.0,1.0,0.8,0.0,1.4,0.45,0.35,0.2,0.35,0.1,0.1,7.0,5.4,equilibrium_region_grid
basic_compliance,Basic compliance,none,5.4,-5.0,-5.709999999999999,1.0739999999999998,5.4,11.7,-0.9400000000000007,-5.0,5.8,0.5,2.4,0.05,1.0,0.25,0.0,12.0,5.0,1.0,0.8,0.0,1.4,0.45,0.35,0.2,0.35,0.1,0.1,7.0,5.4,equilibrium_region_grid
basic_compliance,Basic compliance,none,5.4,-5.0,-5.889999999999999,1.0109999999999997,5.4,11.7,-0.9400000000000007,-5.0,5.8,0.5,2.6,0.05,1.0,0.25,0.0,12.0,5.0,1.0,0.8,0.0,1.4,0.45,0.35,0.2,0.35,0.1,0.1,7.0,5.4,equilibrium_region_grid
basic_compliance,Basic compliance,none,5.4,-5.0,-6.0699999999999985,0.948,5.4,11.7,-0.9400000000000007,-5.0,5.8,0.5,2.8,0.05,1.0,0.25,0.0,12.0,5.0,1.0,0.8,0.0,1.4,0.45,0.35,0.2,0.35,0.1,0.1,7.0,5.4,equilibrium_region_grid
basic_compliance,Basic compliance,none,5.4,-5.0,-6.249999999999999,0.8849999999999999,5.4,11.7,-0.9400000000000007,-5.0,5.8,0.5,3.0,0.05,1.0,0.25,0.0,12.0,5.0,1.0,0.8,0.0,1.4,0.45,0.35,0.2,0.35,0.1,0.1,7.0,5.4,equilibrium_region_grid
basic_compliance,Basic compliance,none,5.4,-5.0,-6.43,0.8219999999999998,5.4,11.7,-0.9400000000000007,-5.0,5.8,0.5,3.2,0.05,1.0,0.25,0.0,12.0,5.0,1.0,0.8,0.0,1.4,0.45,0.35,0.2,0.35,0.1,0.1,7.0,5.4,equilibrium_region_grid
basic_compliance,Basic compliance,none,5.4,-5.0,-6.609999999999999,0.7589999999999999,5.4,11.7,-0.9400000000000007,-5.0,5.8,0.5,3.4,0.05,1.0,0.25,0.0,12.0,5.0,1.0,0.8,0.0,1.4,0.45,0.35,0.2,0.35,0.1,0.1,7.0,5.4,equilibrium_region_grid
basic_compliance,Basic compliance,none,5.4,-5.0,-6.789999999999999,0.696,5.4,11.7,-0.9400000000000007,-5.0,5.8,0.5,3.6,0.05,1.0,0.25,0.0,12.0,5.0,1.0,0.8,0.0,1.4,0.45,0.35,0.2,0.35,0.1,0.1,7.0,5.4,equilibrium_region_grid
basic_compliance,Basic compliance,none,5.4,-5.0,-6.969999999999999,0.633,5.4,11.7,-0.9400000000000007,-5.0,5.8,0.5,3.8,0.05,1.0,0.25,0.0,12.0,5.0,1.0,0.8,0.0,1.4,0.45,0.35,0.2,0.35,0.1,0.1,7.0,5.4,equilibrium_region_grid
basic_compliance,Basic compliance,none,5.4,-5.0,-7.149999999999999,0.5699999999999998,5.4,11.7,-0.9400000000000007,-5.0,5.8,0.5,4.0,0.05,1.0,0.25,0.0,12.0,5.0,1.0,0.8,0.0,1.4,0.45,0.35,0.2,0.35,0.1,0.1,7.0,5.4,equilibrium_region_grid
basic_compliance,Basic compliance,none,5.4,-5.0,-2.4954545454545443,2.3045454545454547,5.4,11.7,-0.9400000000000007,-5.0,5.8,0.55,0.0,0.05,1.0,0.25,0.0,12.0,5.0,1.0,0.8,0.0,1.4,0.45,0.35,0.2,0.35,0.1,0.1,7.0,5.4,equilibrium_region_grid
basic_compliance,Basic compliance,none,5.4,-5.0,-2.6754545454545444,2.2415454545454545,5.4,11.7,-0.9400000000000007,-5.0,5.8,0.55,0.2,0.05,1.0,0.25,0.0,12.0,5.0,1.0,0.8,0.0,1.4,0.45,0.35,0.2,0.35,0.1,0.1,7.0,5.4,equilibrium_region_grid
basic_compliance,Basic compliance,none,5.4,-5.0,-2.855454545454544,2.178545454545455,5.4,11.7,-0.9400000000000007,-5.0,5.8,0.55,0.4,0.05,1.0,0.25,0.0,12.0,5.0,1.0,0.8,0.0,1.4,0.45,0.35,0.2,0.35,0.1,0.1,7.0,5.4,equilibrium_region_grid
basic_compliance,Basic compliance,none,5.4,-5.0,-3.0354545454545443,2.1155454545454546,5.4,11.7,-0.9400000000000007,-5.0,5.8,0.55,0.6,0.05,1.0,0.25,0.0,12.0,5.0,1.0,0.8,0.0,1.4,0.45,0.35,0.2,0.35,0.1,0.1,7.0,5.4,equilibrium_region_grid
basic_compliance,Basic compliance,none,5.4,-5.0,-3.2154545454545445,2.052545454545455,5.4,11.7,-0.9400000000000007,-5.0,5.8,0.55,0.8,0.05,1.0,0.25,0.0,12.0,5.0,1.0,0.8,0.0,1.4,0.45,0.35,0.2,0.35,0.1,0.1,7.0,5.4,equilibrium_region_grid
basic_compliance,Basic compliance,none,5.4,-5.0,-3.395454545454544,1.9895454545454547,5.4,11.7,-0.9400000000000007,-5.0,5.8,0.55,1.0,0.05,1.0,0.25,0.0,12.0,5.0,1.0,0.8,0.0,1.4,0.45,0.35,0.2,0.35,0.1,0.1,7.0,5.4,equilibrium_region_grid
basic_compliance,Basic compliance,none,5.4,-5.0,-3.5754545454545443,1.9265454545454546,5.4,11.7,-0.9400000000000007,-5.0,5.8,0.55,1.2,0.05,1.0,0.25,0.0,12.0,5.0,1.0,0.8,0.0,1.4,0.45,0.35,0.2,0.35,0.1,0.1,7.0,5.4,equilibrium_region_grid
basic_compliance,Basic compliance,none,5.4,-5.0,-3.755454545454544,1.8635454545454548,5.4,11.7,-0.9400000000000007,-5.0,5.8,0.55,1.4,0.05,1.0,0.25,0.0,12.0,5.0,1.0,0.8,0.0,1.4,0.45,0.35,0.2,0.35,0.1,0.1,7.0,5.4,equilibrium_region_grid
basic_compliance,Basic compliance,none,5.4,-5.0,-3.9354545454545447,1.8005454545454547,5.4,11.7,-0.9400000000000007,-5.0,5.8,0.55,1.6,0.05,1.0,0.25,0.0,12.0,5.0,1.0,0.8,0.0,1.4,0.45,0.35,0.2,0.35,0.1,0.1,7.0,5.4,equilibrium_region_grid
basic_compliance,Basic compliance,none,5.4,-5.0,-4.115454545454544,1.7375454545454547,5.4,11.7,-0.9400000000000007,-5.0,5.8,0.55,1.8,0.05,1.0,0.25,0.0,12.0,5.0,1.0,0.8,0.0,1.4,0.45,0.35,0.2,0.35,0.1,0.1,7.0,5.4,equilibrium_region_grid
basic_compliance,Basic compliance,none,5.4,-5.0,-4.295454545454544,1.6745454545454548,5.4,11.7,-0.9400000000000007,-5.0,5.8,0.55,2.0,0.05,1.0,0.25,0.0,12.0,5.0,1.0,0.8,0.0,1.4,0.45,0.35,0.2,0.35,0.1,0.1,7.0,5.4,equilibrium_region_grid
basic_compliance,Basic compliance,none,5.4,-5.0,-4.475454545454545,1.6115454545454546,5.4,11.7,-0.9400000000000007,-5.0,5.8,0.55,2.2,0.05,1.0,0.25,0.0,12.0,5.0,1.0,0.8,0.0,1.4,0.45,0.35,0.2,0.35,0.1,0.1,7.0,5.4,equilibrium_region_grid
basic_compliance,Basic compliance,none,5.4,-5.0,-4.655454545454544,1.5485454545454547,5.4,11.7,-0.9400000000000007,-5.0,5.8,0.55,2.4,0.05,1.0,0.25,0.0,12.0,5.0,1.0,0.8,0.0,1.4,0.45,0.35,0.2,0.35,0.1,0.1,7.0,5.4,equilibrium_region_grid
basic_compliance,Basic compliance,none,5.4,-5.0,-4.835454545454544,1.4855454545454547,5.4,11.7,-0.9400000000000007,-5.0,5.8,0.55,2.6,0.05,1.0,0.25,0.0,12.0,5.0,1.0,0.8,0.0,1.4,0.45,0.35,0.2,0.35,0.1,0.1,7.0,5.4,equilibrium_region_grid
basic_compliance,Basic compliance,none,5.4,-5.0,-5.015454545454544,1.4225454545454548,5.4,11.7,-0.9400000000000007,-5.0,5.8,0.55,2.8,0.05,1.0,0.25,0.0,12.0,5.0,1.0,0.8,0.0,1.4,0.45,0.35,0.2,0.35,0.1,0.1,7.0,5.4,equilibrium_region_grid
basic_compliance,Basic compliance,none,5.4,-5.0,-5.195454545454544,1.3595454545454548,5.4,11.7,-0.9400000000000007,-5.0,5.8,0.55,3.0,0.05,1.0,0.25,0.0,12.0,5.0,1.0,0.8,0.0,1.4,0.45,0.35,0.2,0.35,0.1,0.1,7.0,5.4,equilibrium_region_grid
basic_compliance,Basic compliance,none,5.4,-5.0,-5.375454545454545,1.2965454545454547,5.4,11.7,-0.9400000000000007,-5.0,5.8,0.55,3.2,0.05,1.0,0.25,0.0,12.0,5.0,1.0,0.8,0.0,1.4,0.45,0.35,0.2,0.35,0.1,0.1,7.0,5.4,equilibrium_region_grid
basic_compliance,Basic compliance,none,5.4,-5.0,-5.555454545454545,1.2335454545454547,5.4,11.7,-0.9400000000000007,-5.0,5.8,0.55,3.4,0.05,1.0,0.25,0.0,12.0,5.0,1.0,0.8,0.0,1.4,0.45,0.35,0.2,0.35,0.1,0.1,7.0,5.4,equilibrium_region_grid
basic_compliance,Basic compliance,none,5.4,-5.0,-5.7354545454545445,1.1705454545454548,5.4,11.7,-0.9400000000000007,-5.0,5.8,0.55,3.6,0.05,1.0,0.25,0.0,12.0,5.0,1.0,0.8,0.0,1.4,0.45,0.35,0.2,0.35,0.1,0.1,7.0,5.4,equilibrium_region_grid
basic_compliance,Basic compliance,none,5.4,-5.0,-5.915454545454544,1.1075454545454548,5.4,11.7,-0.9400000000000007,-5.0,5.8,0.55,3.8,0.05,1.0,0.25,0.0,12.0,5.0,1.0,0.8,0.0,1.4,0.45,0.35,0.2,0.35,0.1,0.1,7.0,5.4,equilibrium_region_grid
basic_compliance,Basic compliance,none,5.4,-5.0,-6.095454545454544,1.0445454545454547,5.4,11.7,-0.9400000000000007,-5.0,5.8,0.55,4.0,0.05,1.0,0.25,0.0,12.0,5.0,1.0,0.8,0.0,1.4,0.45,0.35,0.2,0.35,0.1,0.1,7.0,5.4,equilibrium_region_grid
basic_compliance,Basic compliance,none,5.4,-5.0,-1.6166666666666654,2.7,5.4,11.7,-0.9400000000000007,-5.0,5.8,0.6,0.0,0.05,1.0,0.25,0.0,12.0,5.0,1.0,0.8,0.0,1.4,0.45,0.35,0.2,0.35,0.1,0.1,7.0,5.4,equilibrium_region_grid
basic_compliance,Basic compliance,none,5.4,-5.0,-1.7966666666666653,2.637,5.4,11.7,-0.9400000000000007,-5.0,5.8,0.6,0.2,0.05,1.0,0.25,0.0,12.0,5.0,1.0,0.8,0.0,1.4,0.45,0.35,0.2,0.35,0.1,0.1,7.0,5.4,equilibrium_region_grid
basic_compliance,Basic compliance,none,5.4,-5.0,-1.9766666666666655,2.5740000000000003,5.4,11.7,-0.9400000000000007,-5.0,5.8,0.6,0.4,0.05,1.0,0.25,0.0,12.0,5.0,1.0,0.8,0.0,1.4,0.45,0.35,0.2,0.35,0.1,0.1,7.0,5.4,equilibrium_region_grid
basic_compliance,Basic compliance,none,5.4,-5.0,-2.1566666666666654,2.511,5.4,11.7,-0.9400000000000007,-5.0,5.8,0.6,0.6,0.05,1.0,0.25,0.0,12.0,5.0,1.0,0.8,0.0,1.4,0.45,0.35,0.2,0.35,0.1,0.1,7.0,5.4,equilibrium_region_grid
basic_compliance,Basic compliance,none,5.4,-5.0,-2.3366666666666656,2.4480000000000004,5.4,11.7,-0.9400000000000007,-5.0,5.8,0.6,0.8,0.05,1.0,0.25,0.0,12.0,5.0,1.0,0.8,0.0,1.4,0.45,0.35,0.2,0.35,0.1,0.1,7.0,5.4,equilibrium_region_grid
basic_compliance,Basic compliance,none,5.4,-5.0,-2.5166666666666653,2.3850000000000002,5.4,11.7,-0.9400000000000007,-5.0,5.8,0.6,1.0,0.05,1.0,0.25,0.0,12.0,5.0,1.0,0.8,0.0,1.4,0.45,0.35,0.2,0.35,0.1,0.1,7.0,5.4,equilibrium_region_grid
basic_compliance,Basic compliance,none,5.4,-5.0,-2.6966666666666654,2.322,5.4,11.7,-0.9400000000000007,-5.0,5.8,0.6,1.2,0.05,1.0,0.25,0.0,12.0,5.0,1.0,0.8,0.0,1.4,0.45,0.35,0.2,0.35,0.1,0.1,7.0,5.4,equilibrium_region_grid
basic_compliance,Basic compliance,none,5.4,-5.0,-2.876666666666665,2.2590000000000003,5.4,11.7,-0.9400000000000007,-5.0,5.8,0.6,1.4,0.05,1.0,0.25,0.0,12.0,5.0,1.0,0.8,0.0,1.4,0.45,0.35,0.2,0.35,0.1,0.1,7.0,5.4,equilibrium_region_grid
basic_compliance,Basic compliance,none,5.4,-5.0,-3.0566666666666658,2.196,5.4,11.7,-0.9400000000000007,-5.0,5.8,0.6,1.6,0.05,1.0,0.25,0.0,12.0,5.0,1.0,0.8,0.0,1.4,0.45,0.35,0.2,0.35,0.1,0.1,7.0,5.4,equilibrium_region_grid
basic_compliance,Basic compliance,none,5.4,-5.0,-3.2366666666666655,2.133,5.4,11.7,-0.9400000000000007,-5.0,5.8,0.6,1.8,0.05,1.0,0.25,0.0,12.0,5.0,1.0,0.8,0.0,1.4,0.45,0.35,0.2,0.35,0.1,0.1,7.0,5.4,equilibrium_region_grid
basic_compliance,Basic compliance,none,5.4,-5.0,-3.416666666666665,2.0700000000000003,5.4,11.7,-0.9400000000000007,-5.0,5.8,0.6,2.0,0.05,1.0,0.25,0.0,12.0,5.0,1.0,0.8,0.0,1.4,0.45,0.35,0.2,0.35,0.1,0.1,7.0,5.4,equilibrium_region_grid
basic_compliance,Basic compliance,none,5.4,-5.0,-3.596666666666666,2.007,5.4,11.7,-0.9400000000000007,-5.0,5.8,0.6,2.2,0.05,1.0,0.25,0.0,12.0,5.0,1.0,0.8,0.0,1.4,0.45,0.35,0.2,0.35,0.1,0.1,7.0,5.4,equilibrium_region_grid
basic_compliance,Basic compliance,none,5.4,-5.0,-3.7766666666666655,1.9440000000000002,5.4,11.7,-0.9400000000000007,-5.0,5.8,0.6,2.4,0.05,1.0,0.25,0.0,12.0,5.0,1.0,0.8,0.0,1.4,0.45,0.35,0.2,0.35,0.1,0.1,7.0,5.4,equilibrium_region_grid
basic_compliance,Basic compliance,none,5.4,-5.0,-3.9566666666666657,1.8810000000000002,5.4,11.7,-0.9400000000000007,-5.0,5.8,0.6,2.6,0.05,1.0,0.25,0.0,12.0,5.0,1.0,0.8,0.0,1.4,0.45,0.35,0.2,0.35,0.1,0.1,7.0,5.4,equilibrium_region_grid
basic_compliance,Basic compliance,none,5.4,-5.0,-4.136666666666665,1.8180000000000003,5.4,11.7,-0.9400000000000007,-5.0,5.8,0.6,2.8,0.05,1.0,0.25,0.0,12.0,5.0,1.0,0.8,0.0,1.4,0.45,0.35,0.2,0.35,0.1,0.1,7.0,5.4,equilibrium_region_grid
basic_compliance,Basic compliance,none,5.4,-5.0,-4.3166666666666655,1.7550000000000003,5.4,11.7,-0.9400000000000007,-5.0,5.8,0.6,3.0,0.05,1.0,0.25,0.0,12.0,5.0,1.0,0.8,0.0,1.4,0.45,0.35,0.2,0.35,0.1,0.1,7.0,5.4,equilibrium_region_grid
basic_compliance,Basic compliance,none,5.4,-5.0,-4.496666666666666,1.6920000000000002,5.4,11.7,-0.9400000000000007,-5.0,5.8,0.6,3.2,0.05,1.0,0.25,0.0,12.0,5.0,1.0,0.8,0.0,1.4,0.45,0.35,0.2,0.35,0.1,0.1,7.0,5.4,equilibrium_region_grid
basic_compliance,Basic compliance,none,5.4,-5.0,-4.676666666666666,1.6290000000000002,5.4,11.7,-0.9400000000000007,-5.0,5.8,0.6,3.4,0.05,1.0,0.25,0.0,12.0,5.0,1.0,0.8,0.0,1.4,0.45,0.35,0.2,0.35,0.1,0.1,7.0,5.4,equilibrium_region_grid
basic_compliance,Basic compliance,none,5.4,-5.0,-4.856666666666666,1.5660000000000003,5.4,11.7,-0.9400000000000007,-5.0,5.8,0.6,3.6,0.05,1.0,0.25,0.0,12.0,5.0,1.0,0.8,0.0,1.4,0.45,0.35,0.2,0.35,0.1,0.1,7.0,5.4,equilibrium_region_grid
basic_compliance,Basic compliance,none,5.4,-5.0,-5.036666666666665,1.5030000000000003,5.4,11.7,-0.9400000000000007,-5.0,5.8,0.6,3.8,0.05,1.0,0.25,0.0,12.0,5.0,1.0,0.8,0.0,1.4,0.45,0.35,0.2,0.35,0.1,0.1,7.0,5.4,equilibrium_region_grid
basic_compliance,Basic compliance,none,5.4,-5.0,-5.216666666666665,1.4400000000000002,5.4,11.7,-0.9400000000000007,-5.0,5.8,0.6,4.0,0.05,1.0,0.25,0.0,12.0,5.0,1.0,0.8,0.0,1.4,0.45,0.35,0.2,0.35,0.1,0.1,7.0,5.4,equilibrium_region_grid
basic_compliance,Basic compliance,none,5.4,-5.0,-0.8730769230769226,3.0346153846153845,5.4,11.7,-0.9400000000000007,-5.0,5.8,0.65,0.0,0.05,1.0,0.25,0.0,12.0,5.0,1.0,0.8,0.0,1.4,0.45,0.35,0.2,0.35,0.1,0.1,7.0,5.4,equilibrium_region_grid
basic_compliance,Basic compliance,none,5.4,-5.0,-1.0530769230769226,2.9716153846153843,5.4,11.7,-0.9400000000000007,-5.0,5.8,0.65,0.2,0.05,1.0,0.25,0.0,12.0,5.0,1.0,0.8,0.0,1.4,0.45,0.35,0.2,0.35,0.1,0.1,7.0,5.4,equilibrium_region_grid
basic_compliance,Basic compliance,none,5.4,-5.0,-1.2330769230769227,2.9086153846153846,5.4,11.7,-0.9400000000000007,-5.0,5.8,0.65,0.4,0.05,1.0,0.25,0.0,12.0,5.0,1.0,0.8,0.0,1.4,0.45,0.35,0.2,0.35,0.1,0.1,7.0,5.4,equilibrium_region_grid
basic_compliance,Basic compliance,none,5.4,-5.0,-1.4130769230769227,2.8456153846153844,5.4,11.7,-0.9400000000000007,-5.0,5.8,0.65,0.6,0.05,1.0,0.25,0.0,12.0,5.0,1.0,0.8,0.0,1.4,0.45,0.35,0.2,0.35,0.1,0.1,7.0,5.4,equilibrium_region_grid
basic_compliance,Basic compliance,none,5.4,-5.0,-1.5930769230769228,2.7826153846153847,5.4,11.7,-0.9400000000000007,-5.0,5.8,0.65,0.8,0.05,1.0,0.25,0.0,12.0,5.0,1.0,0.8,0.0,1.4,0.45,0.35,0.2,0.35,0.1,0.1,7.0,5.4,equilibrium_region_grid
basic_compliance,Basic compliance,none,5.4,-5.0,-1.7730769230769226,2.7196153846153845,5.4,11.7,-0.9400000000000007,-5.0,5.8,0.65,1.0,0.05,1.0,0.25,0.0,12.0,5.0,1.0,0.8,0.0,1.4,0.45,0.35,0.2,0.35,0.1,0.1,7.0,5.4,equilibrium_region_grid
basic_compliance,Basic compliance,none,5.4,-5.0,-1.9530769230769227,2.6566153846153844,5.4,11.7,-0.9400000000000007,-5.0,5.8,0.65,1.2,0.05,1.0,0.25,0.0,12.0,5.0,1.0,0.8,0.0,1.4,0.45,0.35,0.2,0.35,0.1,0.1,7.0,5.4,equilibrium_region_grid
basic_compliance,Basic compliance,none,5.4,-5.0,-2.1330769230769224,2.5936153846153847,5.4,11.7,-0.9400000000000007,-5.0,5.8,0.65,1.4,0.05,1.0,0.25,0.0,12.0,5.0,1.0,0.8,0.0,1.4,0.45,0.35,0.2,0.35,0.1,0.1,7.0,5.4,equilibrium_region_grid
basic_compliance,Basic compliance,none,5.4,-5.0,-2.313076923076923,2.5306153846153845,5.4,11.7,-0.9400000000000007,-5.0,5.8,0.65,1.6,0.05,1.0,0.25,0.0,12.0,5.0,1.0,0.8,0.0,1.4,0.45,0.35,0.2,0.35,0.1,0.1,7.0,5.4,equilibrium_region_grid
basic_compliance,Basic compliance,none,5.4,-5.0,-2.4930769230769227,2.4676153846153843,5.4,11.7,-0.9400000000000007,-5.0,5.8,0.65,1.8,0.05,1.0,0.25,0.0,12.0,5.0,1.0,0.8,0.0,1.4,0.45,0.35,0.2,0.35,0.1,0.1,7.0,5.4,equilibrium_region_grid
basic_compliance,Basic compliance,none,5.4,-5.0,-2.6730769230769225,2.4046153846153846,5.4,11.7,-0.9400000000000007,-5.0,5.8,0.65,2.0,0.05,1.0,0.25,0.0,12.0,5.0,1.0,0.8,0.0,1.4,0.45,0.35,0.2,0.35,0.1,0.1,7.0,5.4,equilibrium_region_grid
basic_compliance,Basic compliance,none,5.4,-5.0,-2.853076923076923,2.3416153846153844,5.4,11.7,-0.9400000000000007,-5.0,5.8,0.65,2.2,0.05,1.0,0.25,0.0,12.0,5.0,1.0,0.8,0.0,1.4,0.45,0.35,0.2,0.35,0.1,0.1,7.0,5.4,equilibrium_region_grid
basic_compliance,Basic compliance,none,5.4,-5.0,-3.033076923076923,2.2786153846153843,5.4,11.7,-0.9400000000000007,-5.0,5.8,0.65,2.4,0.05,1.0,0.25,0.0,12.0,5.0,1.0,0.8,0.0,1.4,0.45,0.35,0.2,0.35,0.1,0.1,7.0,5.4,equilibrium_region_grid
basic_compliance,Basic compliance,none,5.4,-5.0,-3.213076923076923,2.2156153846153845,5.4,11.7,-0.9400000000000007,-5.0,5.8,0.65,2.6,0.05,1.0,0.25,0.0,12.0,5.0,1.0,0.8,0.0,1.4,0.45,0.35,0.2,0.35,0.1,0.1,7.0,5.4,equilibrium_region_grid
basic_compliance,Basic compliance,none,5.4,-5.0,-3.3930769230769227,2.152615384615385,5.4,11.7,-0.9400000000000007,-5.0,5.8,0.65,2.8,0.05,1.0,0.25,0.0,12.0,5.0,1.0,0.8,0.0,1.4,0.45,0.35,0.2,0.35,0.1,0.1,7.0,5.4,equilibrium_region_grid
basic_compliance,Basic compliance,none,5.4,-5.0,-3.573076923076923,2.0896153846153847,5.4,11.7,-0.9400000000000007,-5.0,5.8,0.65,3.0,0.05,1.0,0.25,0.0,12.0,5.0,1.0,0.8,0.0,1.4,0.45,0.35,0.2,0.35,0.1,0.1,7.0,5.4,equilibrium_region_grid
basic_compliance,Basic compliance,none,5.4,-5.0,-3.753076923076923,2.0266153846153845,5.4,11.7,-0.9400000000000007,-5.0,5.8,0.65,3.2,0.05,1.0,0.25,0.0,12.0,5.0,1.0,0.8,0.0,1.4,0.45,0.35,0.2,0.35,0.1,0.1,7.0,5.4,equilibrium_region_grid
basic_compliance,Basic compliance,none,5.4,-5.0,-3.9330769230769227,1.9636153846153845,5.4,11.7,-0.9400000000000007,-5.0,5.8,0.65,3.4,0.05,1.0,0.25,0.0,12.0,5.0,1.0,0.8,0.0,1.4,0.45,0.35,0.2,0.35,0.1,0.1,7.0,5.4,equilibrium_region_grid
basic_compliance,Basic compliance,none,5.4,-5.0,-4.113076923076923,1.9006153846153846,5.4,11.7,-0.9400000000000007,-5.0,5.8,0.65,3.6,0.05,1.0,0.25,0.0,12.0,5.0,1.0,0.8,0.0,1.4,0.45,0.35,0.2,0.35,0.1,0.1,7.0,5.4,equilibrium_region_grid
basic_compliance,Basic compliance,none,5.4,-5.0,-4.293076923076923,1.8376153846153847,5.4,11.7,-0.9400000000000007,-5.0,5.8,0.65,3.8,0.05,1.0,0.25,0.0,12.0,5.0,1.0,0.8,0.0,1.4,0.45,0.35,0.2,0.35,0.1,0.1,7.0,5.4,equilibrium_region_grid
basic_compliance,Basic compliance,none,5.4,-5.0,-4.473076923076922,1.7746153846153845,5.4,11.7,-0.9400000000000007,-5.0,5.8,0.65,4.0,0.05,1.0,0.25,0.0,12.0,5.0,1.0,0.8,0.0,1.4,0.45,0.35,0.2,0.35,0.1,0.1,7.0,5.4,equilibrium_region_grid
basic_compliance,Basic compliance,none,5.4,-5.0,-0.23571428571428577,3.3214285714285707,5.4,11.7,-0.9400000000000007,-5.0,5.8,0.7,0.0,0.05,1.0,0.25,0.0,12.0,5.0,1.0,0.8,0.0,1.4,0.45,0.35,0.2,0.35,0.1,0.1,7.0,5.4,equilibrium_region_grid
basic_compliance,Basic compliance,none,5.4,-5.0,-0.4157142857142858,3.2584285714285706,5.4,11.7,-0.9400000000000007,-5.0,5.8,0.7,0.2,0.05,1.0,0.25,0.0,12.0,5.0,1.0,0.8,0.0,1.4,0.45,0.35,0.2,0.35,0.1,0.1,7.0,5.4,equilibrium_region_grid
basic_compliance,Basic compliance,none,5.4,-5.0,-0.5957142857142859,3.195428571428571,5.4,11.7,-0.9400000000000007,-5.0,5.8,0.7,0.4,0.05,1.0,0.25,0.0,12.0,5.0,1.0,0.8,0.0,1.4,0.45,0.35,0.2,0.35,0.1,0.1,7.0,5.4,equilibrium_region_grid
basic_compliance,Basic compliance,none,5.4,-5.0,-0.7757142857142858,3.1324285714285707,5.4,11.7,-0.9400000000000007,-5.0,5.8,0.7,0.6,0.05,1.0,0.25,0.0,12.0,5.0,1.0,0.8,0.0,1.4,0.45,0.35,0.2,0.35,0.1,0.1,7.0,5.4,equilibrium_region_grid
basic_compliance,Basic compliance,none,5.4,-5.0,-0.9557142857142858,3.0694285714285705,5.4,11.7,-0.9400000000000007,-5.0,5.8,0.7,0.8,0.05,1.0,0.25,0.0,12.0,5.0,1.0,0.8,0.0,1.4,0.45,0.35,0.2,0.35,0.1,0.1,7.0,5.4,equilibrium_region_grid
basic_compliance,Basic compliance,none,5.4,-5.0,-1.1357142857142857,3.006428571428571,5.4,11.7,-0.9400000000000007,-5.0,5.8,0.7,1.0,0.05,1.0,0.25,0.0,12.0,5.0,1.0,0.8,0.0,1.4,0.45,0.35,0.2,0.35,0.1,0.1,7.0,5.4,equilibrium_region_grid
basic_compliance,Basic compliance,none,5.4,-5.0,-1.3157142857142858,2.9434285714285706,5.4,11.7,-0.9400000000000007,-5.0,5.8,0.7,1.2,0.05,1.0,0.25,0.0,12.0,5.0,1.0,0.8,0.0,1.4,0.45,0.35,0.2,0.35,0.1,0.1,7.0,5.4,equilibrium_region_grid
basic_compliance,Basic compliance,none,5.4,-5.0,-1.4957142857142858,2.880428571428571,5.4,11.7,-0.9400000000000007,-5.0,5.8,0.7,1.4,0.05,1.0,0.25,0.0,12.0,5.0,1.0,0.8,0.0,1.4,0.45,0.35,0.2,0.35,0.1,0.1,7.0,5.4,equilibrium_region_grid
basic_compliance,Basic compliance,none,5.4,-5.0,-1.675714285714286,2.8174285714285707,5.4,11.7,-0.9400000000000007,-5.0,5.8,0.7,1.6,0.05,1.0,0.25,0.0,12.0,5.0,1.0,0.8,0.0,1.4,0.45,0.35,0.2,0.35,0.1,0.1,7.0,5.4,equilibrium_region_grid
basic_compliance,Basic compliance,none,5.4,-5.0,-1.8557142857142859,2.754428571428571,5.4,11.7,-0.9400000000000007,-5.0,5.8,0.7,1.8,0.05,1.0,0.25,0.0,12.0,5.0,1.0,0.8,0.0,1.4,0.45,0.35,0.2,0.35,0.1,0.1,7.0,5.4,equilibrium_region_grid
basic_compliance,Basic compliance,none,5.4,-5.0,-2.0357142857142856,2.691428571428571,5.4,11.7,-0.9400000000000007,-5.0,5.8,0.7,2.0,0.05,1.0,0.25,0.0,12.0,5.0,1.0,0.8,0.0,1.4,0.45,0.35,0.2,0.35,0.1,0.1,7.0,5.4,equilibrium_region_grid
basic_compliance,Basic compliance,none,5.4,-5.0,-2.215714285714286,2.6284285714285707,5.4,11.7,-0.9400000000000007,-5.0,5.8,0.7,2.2,0.05,1.0,0.25,0.0,12.0,5.0,1.0,0.8,0.0,1.4,0.45,0.35,0.2,0.35,0.1,0.1,7.0,5.4,equilibrium_region_grid
basic_compliance,Basic compliance,none,5.4,-5.0,-2.395714285714286,2.565428571428571,5.4,11.7,-0.9400000000000007,-5.0,5.8,0.7,2.4,0.05,1.0,0.25,0.0,12.0,5.0,1.0,0.8,0.0,1.4,0.45,0.35,0.2,0.35,0.1,0.1,7.0,5.4,equilibrium_region_grid
basic_compliance,Basic compliance,none,5.4,-5.0,-2.575714285714286,2.502428571428571,5.4,11.7,-0.9400000000000007,-5.0,5.8,0.7,2.6,0.05,1.0,0.25,0.0,12.0,5.0,1.0,0.8,0.0,1.4,0.45,0.35,0.2,0.35,0.1,0.1,7.0,5.4,equilibrium_region_grid
basic_compliance,Basic compliance,none,5.4,-5.0,-2.755714285714286,2.4394285714285706,5.4,11.7,-0.9400000000000007,-5.0,5.8,0.7,2.8,0.05,1.0,0.25,0.0,12.0,5.0,1.0,0.8,0.0,1.4,0.45,0.35,0.2,0.35,0.1,0.1,7.0,5.4,equilibrium_region_grid
basic_compliance,Basic compliance,none,5.4,-5.0,-2.935714285714286,2.376428571428571,5.4,11.7,-0.9400000000000007,-5.0,5.8,0.7,3.0,0.05,1.0,0.25,0.0,12.0,5.0,1.0,0.8,0.0,1.4,0.45,0.35,0.2,0.35,0.1,0.1,7.0,5.4,equilibrium_region_grid
basic_compliance,Basic compliance,none,5.4,-5.0,-3.115714285714286,2.3134285714285707,5.4,11.7,-0.9400000000000007,-5.0,5.8,0.7,3.2,0.05,1.0,0.25,0.0,12.0,5.0,1.0,0.8,0.0,1.4,0.45,0.35,0.2,0.35,0.1,0.1,7.0,5.4,equilibrium_region_grid
basic_compliance,Basic compliance,none,5.4,-5.0,-3.295714285714286,2.2504285714285706,5.4,11.7,-0.9400000000000007,-5.0,5.8,0.7,3.4,0.05,1.0,0.25,0.0,12.0,5.0,1.0,0.8,0.0,1.4,0.45,0.35,0.2,0.35,0.1,0.1,7.0,5.4,equilibrium_region_grid
basic_compliance,Basic compliance,none,5.4,-5.0,-3.475714285714286,2.187428571428571,5.4,11.7,-0.9400000000000007,-5.0,5.8,0.7,3.6,0.05,1.0,0.25,0.0,12.0,5.0,1.0,0.8,0.0,1.4,0.45,0.35,0.2,0.35,0.1,0.1,7.0,5.4,equilibrium_region_grid
basic_compliance,Basic compliance,none,5.4,-5.0,-3.6557142857142857,2.124428571428571,5.4,11.7,-0.9400000000000007,-5.0,5.8,0.7,3.8,0.05,1.0,0.25,0.0,12.0,5.0,1.0,0.8,0.0,1.4,0.45,0.35,0.2,0.35,0.1,0.1,7.0,5.4,equilibrium_region_grid
basic_compliance,Basic compliance,none,5.4,-5.0,-3.835714285714286,2.0614285714285705,5.4,11.7,-0.9400000000000007,-5.0,5.8,0.7,4.0,0.05,1.0,0.25,0.0,12.0,5.0,1.0,0.8,0.0,1.4,0.45,0.35,0.2,0.35,0.1,0.1,7.0,5.4,equilibrium_region_grid
basic_compliance,Basic compliance,none,5.4,-5.0,0.3166666666666673,3.57,5.4,11.7,-0.9400000000000007,-5.0,5.8,0.75,0.0,0.05,1.0,0.25,0.0,12.0,5.0,1.0,0.8,0.0,1.4,0.45,0.35,0.2,0.35,0.1,0.1,7.0,5.4,equilibrium_region_grid
basic_compliance,Basic compliance,none,5.4,-5.0,0.1366666666666673,3.5069999999999997,5.4,11.7,-0.9400000000000007,-5.0,5.8,0.75,0.2,0.05,1.0,0.25,0.0,12.0,5.0,1.0,0.8,0.0,1.4,0.45,0.35,0.2,0.35,0.1,0.1,7.0,5.4,equilibrium_region_grid
basic_compliance,Basic compliance,none,5.4,-5.0,-0.043333333333332724,3.444,5.4,11.7,-0.9400000000000007,-5.0,5.8,0.75,0.4,0.05,1.0,0.25,0.0,12.0,5.0,1.0,0.8,0.0,1.4,0.45,0.35,0.2,0.35,0.1,0.1,7.0,5.4,equilibrium_region_grid
basic_compliance,Basic compliance,none,5.4,-5.0,-0.22333333333333272,3.381,5.4,11.7,-0.9400000000000007,-5.0,5.8,0.75,0.6,0.05,1.0,0.25,0.0,12.0,5.0,1.0,0.8,0.0,1.4,0.45,0.35,0.2,0.35,0.1,0.1,7.0,5.4,equilibrium_region_grid
basic_compliance,Basic compliance,none,5.4,-5.0,-0.40333333333333277,3.3179999999999996,5.4,11.7,-0.9400000000000007,-5.0,5.8,0.75,0.8,0.05,1.0,0.25,0.0,12.0,5.0,1.0,0.8,0.0,1.4,0.45,0.35,0.2,0.35,0.1,0.1,7.0,5.4,equilibrium_region_grid
basic_compliance,Basic compliance,none,5.4,-5.0,-0.5833333333333327,3.255,5.4,11.7,-0.9400000000000007,-5.0,5.8,0.75,1.0,0.05,1.0,0.25,0.0,12.0,5.0,1.0,0.8,0.0,1.4,0.45,0.35,0.2,0.35,0.1,0.1,7.0,5.4,equilibrium_region_grid
basic_compliance,Basic compliance,none,5.4,-5.0,-0.7633333333333328,3.1919999999999997,5.4,11.7,-0.9400000000000007,-5.0,5.8,0.75,1.2,0.05,1.0,0.25,0.0,12.0,5.0,1.0,0.8,0.0,1.4,0.45,0.35,0.2,0.35,0.1,0.1,7.0,5.4,equilibrium_region_grid
basic_compliance,Basic compliance,none,5.4,-5.0,-0.9433333333333327,3.129,5.4,11.7,-0.9400000000000007,-5.0,5.8,0.75,1.4,0.05,1.0,0.25,0.0,12.0,5.0,1.0,0.8,0.0,1.4,0.45,0.35,0.2,0.35,0.1,0.1,7.0,5.4,equilibrium_region_grid
basic_compliance,Basic compliance,none,5.4,-5.0,-1.1233333333333329,3.066,5.4,11.7,-0.9400000000000007,-5.0,5.8,0.75,1.6,0.05,1.0,0.25,0.0,12.0,5.0,1.0,0.8,0.0,1.4,0.45,0.35,0.2,0.35,0.1,0.1,7.0,5.4,equilibrium_region_grid
basic_compliance,Basic compliance,none,5.4,-5.0,-1.3033333333333328,3.003,5.4,11.7,-0.9400000000000007,-5.0,5.8,0.75,1.8,0.05,1.0,0.25,0.0,12.0,5.0,1.0,0.8,0.0,1.4,0.45,0.35,0.2,0.35,0.1,0.1,7.0,5.4,equilibrium_region_grid
basic_compliance,Basic compliance,none,5.4,-5.0,-1.4833333333333327,2.94,5.4,11.7,-0.9400000000000007,-5.0,5.8,0.75,2.0,0.05,1.0,0.25,0.0,12.0,5.0,1.0,0.8,0.0,1.4,0.45,0.35,0.2,0.35,0.1,0.1,7.0,5.4,equilibrium_region_grid
basic_compliance,Basic compliance,none,5.4,-5.0,-1.6633333333333329,2.877,5.4,11.7,-0.9400000000000007,-5.0,5.8,0.75,2.2,0.05,1.0,0.25,0.0,12.0,5.0,1.0,0.8,0.0,1.4,0.45,0.35,0.2,0.35,0.1,0.1,7.0,5.4,equilibrium_region_grid
basic_compliance,Basic compliance,none,5.4,-5.0,-1.8433333333333328,2.814,5.4,11.7,-0.9400000000000007,-5.0,5.8,0.75,2.4,0.05,1.0,0.25,0.0,12.0,5.0,1.0,0.8,0.0,1.4,0.45,0.35,0.2,0.35,0.1,0.1,7.0,5.4,equilibrium_region_grid
basic_compliance,Basic compliance,none,5.4,-5.0,-2.023333333333333,2.751,5.4,11.7,-0.9400000000000007,-5.0,5.8,0.75,2.6,0.05,1.0,0.25,0.0,12.0,5.0,1.0,0.8,0.0,1.4,0.45,0.35,0.2,0.35,0.1,0.1,7.0,5.4,equilibrium_region_grid
basic_compliance,Basic compliance,none,5.4,-5.0,-2.2033333333333327,2.6879999999999997,5.4,11.7,-0.9400000000000007,-5.0,5.8,0.75,2.8,0.05,1.0,0.25,0.0,12.0,5.0,1.0,0.8,0.0,1.4,0.45,0.35,0.2,0.35,0.1,0.1,7.0,5.4,equilibrium_region_grid
basic_compliance,Basic compliance,none,5.4,-5.0,-2.383333333333333,2.625,5.4,11.7,-0.9400000000000007,-5.0,5.8,0.75,3.0,0.05,1.0,0.25,0.0,12.0,5.0,1.0,0.8,0.0,1.4,0.45,0.35,0.2,0.35,0.1,0.1,7.0,5.4,equilibrium_region_grid
basic_compliance,Basic compliance,none,5.4,-5.0,-2.563333333333333,2.562,5.4,11.7,-0.9400000000000007,-5.0,5.8,0.75,3.2,0.05,1.0,0.25,0.0,12.0,5.0,1.0,0.8,0.0,1.4,0.45,0.35,0.2,0.35,0.1,0.1,7.0,5.4,equilibrium_region_grid
basic_compliance,Basic compliance,none,5.4,-5.0,-2.7433333333333327,2.4989999999999997,5.4,11.7,-0.9400000000000007,-5.0,5.8,0.75,3.4,0.05,1.0,0.25,0.0,12.0,5.0,1.0,0.8,0.0,1.4,0.45,0.35,0.2,0.35,0.1,0.1,7.0,5.4,equilibrium_region_grid
basic_compliance,Basic compliance,none,5.4,-5.0,-2.923333333333333,2.436,5.4,11.7,-0.9400000000000007,-5.0,5.8,0.75,3.6,0.05,1.0,0.25,0.0,12.0,5.0,1.0,0.8,0.0,1.4,0.45,0.35,0.2,0.35,0.1,0.1,7.0,5.4,equilibrium_region_grid
basic_compliance,Basic compliance,none,5.4,-5.0,-3.1033333333333326,2.373,5.4,11.7,-0.9400000000000007,-5.0,5.8,0.75,3.8,0.05,1.0,0.25,0.0,12.0,5.0,1.0,0.8,0.0,1.4,0.45,0.35,0.2,0.35,0.1,0.1,7.0,5.4,equilibrium_region_grid
basic_compliance,Basic compliance,none,5.4,-5.0,-3.2833333333333328,2.3099999999999996,5.4,11.7,-0.9400000000000007,-5.0,5.8,0.75,4.0,0.05,1.0,0.25,0.0,12.0,5.0,1.0,0.8,0.0,1.4,0.45,0.35,0.2,0.35,0.1,0.1,7.0,5.4,equilibrium_region_grid
basic_compliance,Basic compliance,none,5.4,-5.0,0.8000000000000016,3.7875,5.4,11.7,-0.9400000000000007,-5.0,5.8,0.8,0.0,0.05,1.0,0.25,0.0,12.0,5.0,1.0,0.8,0.0,1.4,0.45,0.35,0.2,0.35,0.1,0.1,7.0,5.4,equilibrium_region_grid
basic_compliance,Basic compliance,none,5.4,-5.0,0.6200000000000015,3.7245,5.4,11.7,-0.9400000000000007,-5.0,5.8,0.8,0.2,0.05,1.0,0.25,0.0,12.0,5.0,1.0,0.8,0.0,1.4,0.45,0.35,0.2,0.35,0.1,0.1,7.0,5.4,equilibrium_region_grid
basic_compliance,Basic compliance,none,5.4,-5.0,0.44000000000000156,3.6615,5.4,11.7,-0.9400000000000007,-5.0,5.8,0.8,0.4,0.05,1.0,0.25,0.0,12.0,5.0,1.0,0.8,0.0,1.4,0.45,0.35,0.2,0.35,0.1,0.1,7.0,5.4,equilibrium_region_grid
basic_compliance,Basic compliance,none,5.4,-5.0,0.26000000000000156,3.5985,5.4,11.7,-0.9400000000000007,-5.0,5.8,0.8,0.6,0.05,1.0,0.25,0.0,12.0,5.0,1.0,0.8,0.0,1.4,0.45,0.35,0.2,0.35,0.1,0.1,7.0,5.4,equilibrium_region_grid
basic_compliance,Basic compliance,none,5.4,-5.0,0.08000000000000151,3.5355,5.4,11.7,-0.9400000000000007,-5.0,5.8,0.8,0.8,0.05,1.0,0.25,0.0,12.0,5.0,1.0,0.8,0.0,1.4,0.45,0.35,0.2,0.35,0.1,0.1,7.0,5.4,equilibrium_region_grid
basic_compliance,Basic compliance,none,5.4,-5.0,-0.09999999999999842,3.4725,5.4,11.7,-0.9400000000000007,-5.0,5.8,0.8,1.0,0.05,1.0,0.25,0.0,12.0,5.0,1.0,0.8,0.0,1.4,0.45,0.35,0.2,0.35,0.1,0.1,7.0,5.4,equilibrium_region_grid
basic_compliance,Basic compliance,none,5.4,-5.0,-0.2799999999999985,3.4095,5.4,11.7,-0.9400000000000007,-5.0,5.8,0.8,1.2,0.05,1.0,0.25,0.0,12.0,5.0,1.0,0.8,0.0,1.4,0.45,0.35,0.2,0.35,0.1,0.1,7.0,5.4,equilibrium_region_grid
basic_compliance,Basic compliance,none,5.4,-5.0,-0.4599999999999984,3.3465000000000003,5.4,11.7,-0.9400000000000007,-5.0,5.8,0.8,1.4,0.05,1.0,0.25,0.0,12.0,5.0,1.0,0.8,0.0,1.4,0.45,0.35,0.2,0.35,0.1,0.1,7.0,5.4,equilibrium_region_grid
basic_compliance,Basic compliance,none,5.4,-5.0,-0.6399999999999986,3.2835,5.4,11.7,-0.9400000000000007,-5.0,5.8,0.8,1.6,0.05,1.0,0.25,0.0,12.0,5.0,1.0,0.8,0.0,1.4,0.45,0.35,0.2,0.35,0.1,0.1,7.0,5.4,equilibrium_region_grid
basic_compliance,Basic compliance,none,5.4,-5.0,-0.8199999999999985,3.2205000000000004,5.4,11.7,-0.9400000000000007,-5.0,5.8,0.8,1.8,0.05,1.0,0.25,0.0,12.0,5.0,1.0,0.8,0.0,1.4,0.45,0.35,0.2,0.35,0.1,0.1,7.0,5.4,equilibrium_region_grid
basic_compliance,Basic compliance,none,5.4,-5.0,-0.9999999999999984,3.1575,5.4,11.7,-0.9400000000000007,-5.0,5.8,0.8,2.0,0.05,1.0,0.25,0.0,12.0,5.0,1.0,0.8,0.0,1.4,0.45,0.35,0.2,0.35,0.1,0.1,7.0,5.4,equilibrium_region_grid
basic_compliance,Basic compliance,none,5.4,-5.0,-1.1799999999999986,3.0945,5.4,11.7,-0.9400000000000007,-5.0,5.8,0.8,2.2,0.05,1.0,0.25,0.0,12.0,5.0,1.0,0.8,0.0,1.4,0.45,0.35,0.2,0.35,0.1,0.1,7.0,5.4,equilibrium_region_grid
basic_compliance,Basic compliance,none,5.4,-5.0,-1.3599999999999985,3.0315000000000003,5.4,11.7,-0.9400000000000007,-5.0,5.8,0.8,2.4,0.05,1.0,0.25,0.0,12.0,5.0,1.0,0.8,0.0,1.4,0.45,0.35,0.2,0.35,0.1,0.1,7.0,5.4,equilibrium_region_grid
basic_compliance,Basic compliance,none,5.4,-5.0,-1.5399999999999987,2.9685,5.4,11.7,-0.9400000000000007,-5.0,5.8,0.8,2.6,0.05,1.0,0.25,0.0,12.0,5.0,1.0,0.8,0.0,1.4,0.45,0.35,0.2,0.35,0.1,0.1,7.0,5.4,equilibrium_region_grid
basic_compliance,Basic compliance,none,5.4,-5.0,-1.7199999999999984,2.9055,5.4,11.7,-0.9400000000000007,-5.0,5.8,0.8,2.8,0.05,1.0,0.25,0.0,12.0,5.0,1.0,0.8,0.0,1.4,0.45,0.35,0.2,0.35,0.1,0.1,7.0,5.4,equilibrium_region_grid
basic_compliance,Basic compliance,none,5.4,-5.0,-1.8999999999999986,2.8425000000000002,5.4,11.7,-0.9400000000000007,-5.0,5.8,0.8,3.0,0.05,1.0,0.25,0.0,12.0,5.0,1.0,0.8,0.0,1.4,0.45,0.35,0.2,0.35,0.1,0.1,7.0,5.4,equilibrium_region_grid
basic_compliance,Basic compliance,none,5.4,-5.0,-2.0799999999999987,2.7795,5.4,11.7,-0.9400000000000007,-5.0,5.8,0.8,3.2,0.05,1.0,0.25,0.0,12.0,5.0,1.0,0.8,0.0,1.4,0.45,0.35,0.2,0.35,0.1,0.1,7.0,5.4,equilibrium_region_grid
basic_compliance,Basic compliance,none,5.4,-5.0,-2.2599999999999985,2.7165,5.4,11.7,-0.9400000000000007,-5.0,5.8,0.8,3.4,0.05,1.0,0.25,0.0,12.0,5.0,1.0,0.8,0.0,1.4,0.45,0.35,0.2,0.35,0.1,0.1,7.0,5.4,equilibrium_region_grid
basic_compliance,Basic compliance,none,5.4,-5.0,-2.4399999999999986,2.6535,5.4,11.7,-0.9400000000000007,-5.0,5.8,0.8,3.6,0.05,1.0,0.25,0.0,12.0,5.0,1.0,0.8,0.0,1.4,0.45,0.35,0.2,0.35,0.1,0.1,7.0,5.4,equilibrium_region_grid
basic_compliance,Basic compliance,none,5.4,-5.0,-2.6199999999999983,2.5905000000000005,5.4,11.7,-0.9400000000000007,-5.0,5.8,0.8,3.8,0.05,1.0,0.25,0.0,12.0,5.0,1.0,0.8,0.0,1.4,0.45,0.35,0.2,0.35,0.1,0.1,7.0,5.4,equilibrium_region_grid
basic_compliance,Basic compliance,none,5.4,-5.0,-2.7999999999999985,2.5275,5.4,11.7,-0.9400000000000007,-5.0,5.8,0.8,4.0,0.05,1.0,0.25,0.0,12.0,5.0,1.0,0.8,0.0,1.4,0.45,0.35,0.2,0.35,0.1,0.1,7.0,5.4,equilibrium_region_grid
basic_compliance,Basic compliance,none,5.4,-5.0,1.226470588235295,3.9794117647058824,5.4,11.7,-0.9400000000000007,-5.0,5.8,0.85,0.0,0.05,1.0,0.25,0.0,12.0,5.0,1.0,0.8,0.0,1.4,0.45,0.35,0.2,0.35,0.1,0.1,7.0,5.4,equilibrium_region_grid
basic_compliance,Basic compliance,none,5.4,-5.0,1.0464705882352952,3.9164117647058823,5.4,11.7,-0.9400000000000007,-5.0,5.8,0.85,0.2,0.05,1.0,0.25,0.0,12.0,5.0,1.0,0.8,0.0,1.4,0.45,0.35,0.2,0.35,0.1,0.1,7.0,5.4,equilibrium_region_grid
basic_compliance,Basic compliance,none,5.4,-5.0,0.866470588235295,3.8534117647058825,5.4,11.7,-0.9400000000000007,-5.0,5.8,0.85,0.4,0.05,1.0,0.25,0.0,12.0,5.0,1.0,0.8,0.0,1.4,0.45,0.35,0.2,0.35,0.1,0.1,7.0,5.4,equilibrium_region_grid
basic_compliance,Basic compliance,none,5.4,-5.0,0.686470588235295,3.7904117647058824,5.4,11.7,-0.9400000000000007,-5.0,5.8,0.85,0.6,0.05,1.0,0.25,0.0,12.0,5.0,1.0,0.8,0.0,1.4,0.45,0.35,0.2,0.35,0.1,0.1,7.0,5.4,equilibrium_region_grid
basic_compliance,Basic compliance,none,5.4,-5.0,0.506470588235295,3.7274117647058826,5.4,11.7,-0.9400000000000007,-5.0,5.8,0.85,0.8,0.05,1.0,0.25,0.0,12.0,5.0,1.0,0.8,0.0,1.4,0.45,0.35,0.2,0.35,0.1,0.1,7.0,5.4,equilibrium_region_grid
basic_compliance,Basic compliance,none,5.4,-5.0,0.32647058823529507,3.6644117647058825,5.4,11.7,-0.9400000000000007,-5.0,5.8,0.85,1.0,0.05,1.0,0.25,0.0,12.0,5.0,1.0,0.8,0.0,1.4,0.45,0.35,0.2,0.35,0.1,0.1,7.0,5.4,equilibrium_region_grid
basic_compliance,Basic compliance,none,5.4,-5.0,0.14647058823529502,3.6014117647058823,5.4,11.7,-0.9400000000000007,-5.0,5.8,0.85,1.2,0.05,1.0,0.25,0.0,12.0,5.0,1.0,0.8,0.0,1.4,0.45,0.35,0.2,0.35,0.1,0.1,7.0,5.4,equilibrium_region_grid
basic_compliance,Basic compliance,none,5.4,-5.0,-0.03352941176470492,3.5384117647058826,5.4,11.7,-0.9400000000000007,-5.0,5.8,0.85,1.4,0.05,1.0,0.25,0.0,12.0,5.0,1.0,0.8,0.0,1.4,0.45,0.35,0.2,0.35,0.1,0.1,7.0,5.4,equilibrium_region_grid
basic_compliance,Basic compliance,none,5.4,-5.0,-0.21352941176470508,3.4754117647058824,5.4,11.7,-0.9400000000000007,-5.0,5.8,0.85,1.6,0.05,1.0,0.25,0.0,12.0,5.0,1.0,0.8,0.0,1.4,0.45,0.35,0.2,0.35,0.1,0.1,7.0,5.4,equilibrium_region_grid
basic_compliance,Basic compliance,none,5.4,-5.0,-0.393529411764705,3.4124117647058823,5.4,11.7,-0.9400000000000007,-5.0,5.8,0.85,1.8,0.05,1.0,0.25,0.0,12.0,5.0,1.0,0.8,0.0,1.4,0.45,0.35,0.2,0.35,0.1,0.1,7.0,5.4,equilibrium_region_grid
basic_compliance,Basic compliance,none,5.4,-5.0,-0.573529411764705,3.3494117647058825,5.4,11.7,-0.9400000000000007,-5.0,5.8,0.85,2.0,0.05,1.0,0.25,0.0,12.0,5.0,1.0,0.8,0.0,1.4,0.45,0.35,0.2,0.35,0.1,0.1,7.0,5.4,equilibrium_region_grid
basic_compliance,Basic compliance,none,5.4,-5.0,-0.7535294117647051,3.2864117647058824,5.4,11.7,-0.9400000000000007,-5.0,5.8,0.85,2.2,0.05,1.0,0.25,0.0,12.0,5.0,1.0,0.8,0.0,1.4,0.45,0.35,0.2,0.35,0.1,0.1,7.0,5.4,equilibrium_region_grid
basic_compliance,Basic compliance,none,5.4,-5.0,-0.933529411764705,3.223411764705882,5.4,11.7,-0.9400000000000007,-5.0,5.8,0.85,2.4,0.05,1.0,0.25,0.0,12.0,5.0,1.0,0.8,0.0,1.4,0.45,0.35,0.2,0.35,0.1,0.1,7.0,5.4,equilibrium_region_grid
basic_compliance,Basic compliance,none,5.4,-5.0,-1.1135294117647052,3.1604117647058825,5.4,11.7,-0.9400000000000007,-5.0,5.8,0.85,2.6,0.05,1.0,0.25,0.0,12.0,5.0,1.0,0.8,0.0,1.4,0.45,0.35,0.2,0.35,0.1,0.1,7.0,5.4,equilibrium_region_grid
basic_compliance,Basic compliance,none,5.4,-5.0,-1.293529411764705,3.0974117647058828,5.4,11.7,-0.9400000000000007,-5.0,5.8,0.85,2.8,0.05,1.0,0.25,0.0,12.0,5.0,1.0,0.8,0.0,1.4,0.45,0.35,0.2,0.35,0.1,0.1,7.0,5.4,equilibrium_region_grid
basic_compliance,Basic compliance,none,5.4,-5.0,-1.473529411764705,3.0344117647058826,5.4,11.7,-0.9400000000000007,-5.0,5.8,0.85,3.0,0.05,1.0,0.25,0.0,12.0,5.0,1.0,0.8,0.0,1.4,0.45,0.35,0.2,0.35,0.1,0.1,7.0,5.4,equilibrium_region_grid
basic_compliance,Basic compliance,none,5.4,-5.0,-1.6535294117647052,2.9714117647058824,5.4,11.7,-0.9400000000000007,-5.0,5.8,0.85,3.2,0.05,1.0,0.25,0.0,12.0,5.0,1.0,0.8,0.0,1.4,0.45,0.35,0.2,0.35,0.1,0.1,7.0,5.4,equilibrium_region_grid
basic_compliance,Basic compliance,none,5.4,-5.0,-1.833529411764705,2.9084117647058827,5.4,11.7,-0.9400000000000007,-5.0,5.8,0.85,3.4,0.05,1.0,0.25,0.0,12.0,5.0,1.0,0.8,0.0,1.4,0.45,0.35,0.2,0.35,0.1,0.1,7.0,5.4,equilibrium_region_grid
basic_compliance,Basic compliance,none,5.4,-5.0,-2.013529411764705,2.8454117647058825,5.4,11.7,-0.9400000000000007,-5.0,5.8,0.85,3.6,0.05,1.0,0.25,0.0,12.0,5.0,1.0,0.8,0.0,1.4,0.45,0.35,0.2,0.35,0.1,0.1,7.0,5.4,equilibrium_region_grid
basic_compliance,Basic compliance,none,5.4,-5.0,-2.193529411764705,2.7824117647058824,5.4,11.7,-0.9400000000000007,-5.0,5.8,0.85,3.8,0.05,1.0,0.25,0.0,12.0,5.0,1.0,0.8,0.0,1.4,0.45,0.35,0.2,0.35,0.1,0.1,7.0,5.4,equilibrium_region_grid
basic_compliance,Basic compliance,none,5.4,-5.0,-2.373529411764705,2.7194117647058826,5.4,11.7,-0.9400000000000007,-5.0,5.8,0.85,4.0,0.05,1.0,0.25,0.0,12.0,5.0,1.0,0.8,0.0,1.4,0.45,0.35,0.2,0.35,0.1,0.1,7.0,5.4,equilibrium_region_grid
basic_compliance,Basic compliance,none,5.4,-5.0,1.605555555555557,4.1499999999999995,5.4,11.7,-0.9400000000000007,-5.0,5.8,0.9,0.0,0.05,1.0,0.25,0.0,12.0,5.0,1.0,0.8,0.0,1.4,0.45,0.35,0.2,0.35,0.1,0.1,7.0,5.4,equilibrium_region_grid
basic_compliance,Basic compliance,none,5.4,-5.0,1.425555555555557,4.087,5.4,11.7,-0.9400000000000007,-5.0,5.8,0.9,0.2,0.05,1.0,0.25,0.0,12.0,5.0,1.0,0.8,0.0,1.4,0.45,0.35,0.2,0.35,0.1,0.1,7.0,5.4,equilibrium_region_grid
basic_compliance,Basic compliance,none,5.4,-5.0,1.2455555555555569,4.023999999999999,5.4,11.7,-0.9400000000000007,-5.0,5.8,0.9,0.4,0.05,1.0,0.25,0.0,12.0,5.0,1.0,0.8,0.0,1.4,0.45,0.35,0.2,0.35,0.1,0.1,7.0,5.4,equilibrium_region_grid
basic_compliance,Basic compliance,none,5.4,-5.0,1.065555555555557,3.9609999999999994,5.4,11.7,-0.9400000000000007,-5.0,5.8,0.9,0.6,0.05,1.0,0.25,0.0,12.0,5.0,1.0,0.8,0.0,1.4,0.45,0.35,0.2,0.35,0.1,0.1,7.0,5.4,equilibrium_region_grid
basic_compliance,Basic compliance,none,5.4,-5.0,0.8855555555555569,3.8979999999999997,5.4,11.7,-0.9400000000000007,-5.0,5.8,0.9,0.8,0.05,1.0,0.25,0.0,12.0,5.0,1.0,0.8,0.0,1.4,0.45,0.35,0.2,0.35,0.1,0.1,7.0,5.4,equilibrium_region_grid
basic_compliance,Basic compliance,none,5.4,-5.0,0.7055555555555569,3.8349999999999995,5.4,11.7,-0.9400000000000007,-5.0,5.8,0.9,1.0,0.05,1.0,0.25,0.0,12.0,5.0,1.0,0.8,0.0,1.4,0.45,0.35,0.2,0.35,0.1,0.1,7.0,5.4,equilibrium_region_grid
basic_compliance,Basic compliance,none,5.4,-5.0,0.5255555555555569,3.7719999999999994,5.4,11.7,-0.9400000000000007,-5.0,5.8,0.9,1.2,0.05,1.0,0.25,0.0,12.0,5.0,1.0,0.8,0.0,1.4,0.45,0.35,0.2,0.35,0.1,0.1,7.0,5.4,equilibrium_region_grid
basic_compliance,Basic compliance,none,5.4,-5.0,0.34555555555555695,3.7089999999999996,5.4,11.7,-0.9400000000000007,-5.0,5.8,0.9,1.4,0.05,1.0,0.25,0.0,12.0,5.0,1.0,0.8,0.0,1.4,0.45,0.35,0.2,0.35,0.1,0.1,7.0,5.4,equilibrium_region_grid
basic_compliance,Basic compliance,none,5.4,-5.0,0.1655555555555568,3.6459999999999995,5.4,11.7,-0.9400000000000007,-5.0,5.8,0.9,1.6,0.05,1.0,0.25,0.0,12.0,5.0,1.0,0.8,0.0,1.4,0.45,0.35,0.2,0.35,0.1,0.1,7.0,5.4,equilibrium_region_grid
basic_compliance,Basic compliance,none,5.4,-5.0,-0.01444444444444315,3.5829999999999993,5.4,11.7,-0.9400000000000007,-5.0,5.8,0.9,1.8,0.05,1.0,0.25,0.0,12.0,5.0,1.0,0.8,0.0,1.4,0.45,0.35,0.2,0.35,0.1,0.1,7.0,5.4,equilibrium_region_grid
basic_compliance,Basic compliance,none,5.4,-5.0,-0.1944444444444431,3.5199999999999996,5.4,11.7,-0.9400000000000007,-5.0,5.8,0.9,2.0,0.05,1.0,0.25,0.0,12.0,5.0,1.0,0.8,0.0,1.4,0.45,0.35,0.2,0.35,0.1,0.1,7.0,5.4,equilibrium_region_grid
basic_compliance,Basic compliance,none,5.4,-5.0,-0.37444444444444325,3.4569999999999994,5.4,11.7,-0.9400000000000007,-5.0,5.8,0.9,2.2,0.05,1.0,0.25,0.0,12.0,5.0,1.0,0.8,0.0,1.4,0.45,0.35,0.2,0.35,0.1,0.1,7.0,5.4,equilibrium_region_grid
basic_compliance,Basic compliance,none,5.4,-5.0,-0.5544444444444432,3.3939999999999992,5.4,11.7,-0.9400000000000007,-5.0,5.8,0.9,2.4,0.05,1.0,0.25,0.0,12.0,5.0,1.0,0.8,0.0,1.4,0.45,0.35,0.2,0.35,0.1,0.1,7.0,5.4,equilibrium_region_grid
basic_compliance,Basic compliance,none,5.4,-5.0,-0.7344444444444433,3.3309999999999995,5.4,11.7,-0.9400000000000007,-5.0,5.8,0.9,2.6,0.05,1.0,0.25,0.0,12.0,5.0,1.0,0.8,0.0,1.4,0.45,0.35,0.2,0.35,0.1,0.1,7.0,5.4,equilibrium_region_grid
basic_compliance,Basic compliance,none,5.4,-5.0,-0.9144444444444431,3.268,5.4,11.7,-0.9400000000000007,-5.0,5.8,0.9,2.8,0.05,1.0,0.25,0.0,12.0,5.0,1.0,0.8,0.0,1.4,0.45,0.35,0.2,0.35,0.1,0.1,7.0,5.4,equilibrium_region_grid
basic_compliance,Basic compliance,none,5.4,-5.0,-1.0944444444444432,3.2049999999999996,5.4,11.7,-0.9400000000000007,-5.0,5.8,0.9,3.0,0.05,1.0,0.25,0.0,12.0,5.0,1.0,0.8,0.0,1.4,0.45,0.35,0.2,0.35,0.1,0.1,7.0,5.4,equilibrium_region_grid
basic_compliance,Basic compliance,none,5.4,-5.0,-1.2744444444444434,3.1419999999999995,5.4,11.7,-0.9400000000000007,-5.0,5.8,0.9,3.2,0.05,1.0,0.25,0.0,12.0,5.0,1.0,0.8,0.0,1.4,0.45,0.35,0.2,0.35,0.1,0.1,7.0,5.4,equilibrium_region_grid
basic_compliance,Basic compliance,none,5.4,-5.0,-1.454444444444443,3.0789999999999997,5.4,11.7,-0.9400000000000007,-5.0,5.8,0.9,3.4,0.05,1.0,0.25,0.0,12.0,5.0,1.0,0.8,0.0,1.4,0.45,0.35,0.2,0.35,0.1,0.1,7.0,5.4,equilibrium_region_grid
basic_compliance,Basic compliance,none,5.4,-5.0,-1.6344444444444433,3.0159999999999996,5.4,11.7,-0.9400000000000007,-5.0,5.8,0.9,3.6,0.05,1.0,0.25,0.0,12.0,5.0,1.0,0.8,0.0,1.4,0.45,0.35,0.2,0.35,0.1,0.1,7.0,5.4,equilibrium_region_grid
basic_compliance,Basic compliance,none,5.4,-5.0,-1.814444444444443,2.9529999999999994,5.4,11.7,-0.9400000000000007,-5.0,5.8,0.9,3.8,0.05,1.0,0.25,0.0,12.0,5.0,1.0,0.8,0.0,1.4,0.45,0.35,0.2,0.35,0.1,0.1,7.0,5.4,equilibrium_region_grid
basic_compliance,Basic compliance,none,5.4,-5.0,-1.9944444444444431,2.8899999999999997,5.4,11.7,-0.9400000000000007,-5.0,5.8,0.9,4.0,0.05,1.0,0.25,0.0,12.0,5.0,1.0,0.8,0.0,1.4,0.45,0.35,0.2,0.35,0.1,0.1,7.0,5.4,equilibrium_region_grid
basic_compliance,Basic compliance,none,5.4,-5.0,1.9447368421052635,4.302631578947368,5.4,11.7,-0.9400000000000007,-5.0,5.8,0.95,0.0,0.05,1.0,0.25,0.0,12.0,5.0,1.0,0.8,0.0,1.4,0.45,0.35,0.2,0.35,0.1,0.1,7.0,5.4,equilibrium_region_grid
basic_compliance,Basic compliance,none,5.4,-5.0,1.7647368421052636,4.239631578947368,5.4,11.7,-0.9400000000000007,-5.0,5.8,0.95,0.2,0.05,1.0,0.25,0.0,12.0,5.0,1.0,0.8,0.0,1.4,0.45,0.35,0.2,0.35,0.1,0.1,7.0,5.4,equilibrium_region_grid
basic_compliance,Basic compliance,none,5.4,-5.0,1.5847368421052634,4.176631578947368,5.4,11.7,-0.9400000000000007,-5.0,5.8,0.95,0.4,0.05,1.0,0.25,0.0,12.0,5.0,1.0,0.8,0.0,1.4,0.45,0.35,0.2,0.35,0.1,0.1,7.0,5.4,equilibrium_region_grid
basic_compliance,Basic compliance,none,5.4,-5.0,1.4047368421052635,4.113631578947368,5.4,11.7,-0.9400000000000007,-5.0,5.8,0.95,0.6,0.05,1.0,0.25,0.0,12.0,5.0,1.0,0.8,0.0,1.4,0.45,0.35,0.2,0.35,0.1,0.1,7.0,5.4,equilibrium_region_grid
basic_compliance,Basic compliance,none,5.4,-5.0,1.2247368421052633,4.050631578947368,5.4,11.7,-0.9400000000000007,-5.0,5.8,0.95,0.8,0.05,1.0,0.25,0.0,12.0,5.0,1.0,0.8,0.0,1.4,0.45,0.35,0.2,0.35,0.1,0.1,7.0,5.4,equilibrium_region_grid
basic_compliance,Basic compliance,none,5.4,-5.0,1.0447368421052636,3.987631578947368,5.4,11.7,-0.9400000000000007,-5.0,5.8,0.95,1.0,0.05,1.0,0.25,0.0,12.0,5.0,1.0,0.8,0.0,1.4,0.45,0.35,0.2,0.35,0.1,0.1,7.0,5.4,equilibrium_region_grid
basic_compliance,Basic compliance,none,5.4,-5.0,0.8647368421052635,3.924631578947368,5.4,11.7,-0.9400000000000007,-5.0,5.8,0.95,1.2,0.05,1.0,0.25,0.0,12.0,5.0,1.0,0.8,0.0,1.4,0.45,0.35,0.2,0.35,0.1,0.1,7.0,5.4,equilibrium_region_grid
basic_compliance,Basic compliance,none,5.4,-5.0,0.6847368421052635,3.8616315789473683,5.4,11.7,-0.9400000000000007,-5.0,5.8,0.95,1.4,0.05,1.0,0.25,0.0,12.0,5.0,1.0,0.8,0.0,1.4,0.45,0.35,0.2,0.35,0.1,0.1,7.0,5.4,equilibrium_region_grid
basic_compliance,Basic compliance,none,5.4,-5.0,0.5047368421052634,3.798631578947368,5.4,11.7,-0.9400000000000007,-5.0,5.8,0.95,1.6,0.05,1.0,0.25,0.0,12.0,5.0,1.0,0.8,0.0,1.4,0.45,0.35,0.2,0.35,0.1,0.1,7.0,5.4,equilibrium_region_grid
basic_compliance,Basic compliance,none,5.4,-5.0,0.32473684210526343,3.735631578947368,5.4,11.7,-0.9400000000000007,-5.0,5.8,0.95,1.8,0.05,1.0,0.25,0.0,12.0,5.0,1.0,0.8,0.0,1.4,0.45,0.35,0.2,0.35,0.1,0.1,7.0,5.4,equilibrium_region_grid
basic_compliance,Basic compliance,none,5.4,-5.0,0.1447368421052635,3.6726315789473682,5.4,11.7,-0.9400000000000007,-5.0,5.8,0.95,2.0,0.05,1.0,0.25,0.0,12.0,5.0,1.0,0.8,0.0,1.4,0.45,0.35,0.2,0.35,0.1,0.1,7.0,5.4,equilibrium_region_grid
basic_compliance,Basic compliance,none,5.4,-5.0,-0.03526315789473666,3.609631578947368,5.4,11.7,-0.9400000000000007,-5.0,5.8,0.95,2.2,0.05,1.0,0.25,0.0,12.0,5.0,1.0,0.8,0.0,1.4,0.45,0.35,0.2,0.35,0.1,0.1,7.0,5.4,equilibrium_region_grid
basic_compliance,Basic compliance,none,5.4,-5.0,-0.2152631578947366,3.546631578947368,5.4,11.7,-0.9400000000000007,-5.0,5.8,0.95,2.4,0.05,1.0,0.25,0.0,12.0,5.0,1.0,0.8,0.0,1.4,0.45,0.35,0.2,0.35,0.1,0.1,7.0,5.4,equilibrium_region_grid
basic_compliance,Basic compliance,none,5.4,-5.0,-0.39526315789473676,3.483631578947368,5.4,11.7,-0.9400000000000007,-5.0,5.8,0.95,2.6,0.05,1.0,0.25,0.0,12.0,5.0,1.0,0.8,0.0,1.4,0.45,0.35,0.2,0.35,0.1,0.1,7.0,5.4,equilibrium_region_grid
basic_compliance,Basic compliance,none,5.4,-5.0,-0.5752631578947365,3.4206315789473685,5.4,11.7,-0.9400000000000007,-5.0,5.8,0.95,2.8,0.05,1.0,0.25,0.0,12.0,5.0,1.0,0.8,0.0,1.4,0.45,0.35,0.2,0.35,0.1,0.1,7.0,5.4,equilibrium_region_grid
basic_compliance,Basic compliance,none,5.4,-5.0,-0.7552631578947366,3.3576315789473683,5.4,11.7,-0.9400000000000007,-5.0,5.8,0.95,3.0,0.05,1.0,0.25,0.0,12.0,5.0,1.0,0.8,0.0,1.4,0.45,0.35,0.2,0.35,0.1,0.1,7.0,5.4,equilibrium_region_grid
basic_compliance,Basic compliance,none,5.4,-5.0,-0.9352631578947368,3.294631578947368,5.4,11.7,-0.9400000000000007,-5.0,5.8,0.95,3.2,0.05,1.0,0.25,0.0,12.0,5.0,1.0,0.8,0.0,1.4,0.45,0.35,0.2,0.35,0.1,0.1,7.0,5.4,equilibrium_region_grid
basic_compliance,Basic compliance,none,5.4,-5.0,-1.1152631578947365,3.2316315789473684,5.4,11.7,-0.9400000000000007,-5.0,5.8,0.95,3.4,0.05,1.0,0.25,0.0,12.0,5.0,1.0,0.8,0.0,1.4,0.45,0.35,0.2,0.35,0.1,0.1,7.0,5.4,equilibrium_region_grid
basic_compliance,Basic compliance,none,5.4,-5.0,-1.2952631578947367,3.1686315789473682,5.4,11.7,-0.9400000000000007,-5.0,5.8,0.95,3.6,0.05,1.0,0.25,0.0,12.0,5.0,1.0,0.8,0.0,1.4,0.45,0.35,0.2,0.35,0.1,0.1,7.0,5.4,equilibrium_region_grid
basic_compliance,Basic compliance,none,5.4,-5.0,-1.4752631578947364,3.105631578947368,5.4,11.7,-0.9400000000000007,-5.0,5.8,0.95,3.8,0.05,1.0,0.25,0.0,12.0,5.0,1.0,0.8,0.0,1.4,0.45,0.35,0.2,0.35,0.1,0.1,7.0,5.4,equilibrium_region_grid
basic_compliance,Basic compliance,none,5.4,-5.0,-1.6552631578947365,3.0426315789473684,5.4,11.7,-0.9400000000000007,-5.0,5.8,0.95,4.0,0.05,1.0,0.25,0.0,12.0,5.0,1.0,0.8,0.0,1.4,0.45,0.35,0.2,0.35,0.1,0.1,7.0,5.4,equilibrium_region_grid
basic_compliance,Basic compliance,none,5.4,-5.0,2.250000000000001,4.44,5.4,11.7,-0.9400000000000007,-5.0,5.8,1.0,0.0,0.05,1.0,0.25,0.0,12.0,5.0,1.0,0.8,0.0,1.4,0.45,0.35,0.2,0.35,0.1,0.1,7.0,5.4,equilibrium_region_grid
basic_compliance,Basic compliance,none,5.4,-5.0,2.0700000000000007,4.377000000000001,5.4,11.7,-0.9400000000000007,-5.0,5.8,1.0,0.2,0.05,1.0,0.25,0.0,12.0,5.0,1.0,0.8,0.0,1.4,0.45,0.35,0.2,0.35,0.1,0.1,7.0,5.4,equilibrium_region_grid
basic_compliance,Basic compliance,none,5.4,-5.0,1.8900000000000008,4.314,5.4,11.7,-0.9400000000000007,-5.0,5.8,1.0,0.4,0.05,1.0,0.25,0.0,12.0,5.0,1.0,0.8,0.0,1.4,0.45,0.35,0.2,0.35,0.1,0.1,7.0,5.4,equilibrium_region_grid
basic_compliance,Basic compliance,none,5.4,-5.0,1.7100000000000009,4.251,5.4,11.7,-0.9400000000000007,-5.0,5.8,1.0,0.6,0.05,1.0,0.25,0.0,12.0,5.0,1.0,0.8,0.0,1.4,0.45,0.35,0.2,0.35,0.1,0.1,7.0,5.4,equilibrium_region_grid
basic_compliance,Basic compliance,none,5.4,-5.0,1.5300000000000007,4.188000000000001,5.4,11.7,-0.9400000000000007,-5.0,5.8,1.0,0.8,0.05,1.0,0.25,0.0,12.0,5.0,1.0,0.8,0.0,1.4,0.45,0.35,0.2,0.35,0.1,0.1,7.0,5.4,equilibrium_region_grid
basic_compliance,Basic compliance,none,5.4,-5.0,1.350000000000001,4.125,5.4,11.7,-0.9400000000000007,-5.0,5.8,1.0,1.0,0.05,1.0,0.25,0.0,12.0,5.0,1.0,0.8,0.0,1.4,0.45,0.35,0.2,0.35,0.1,0.1,7.0,5.4,equilibrium_region_grid
basic_compliance,Basic compliance,none,5.4,-5.0,1.1700000000000008,4.062,5.4,11.7,-0.9400000000000007,-5.0,5.8,1.0,1.2,0.05,1.0,0.25,0.0,12.0,5.0,1.0,0.8,0.0,1.4,0.45,0.35,0.2,0.35,0.1,0.1,7.0,5.4,equilibrium_region_grid
basic_compliance,Basic compliance,none,5.4,-5.0,0.9900000000000009,3.9990000000000006,5.4,11.7,-0.9400000000000007,-5.0,5.8,1.0,1.4,0.05,1.0,0.25,0.0,12.0,5.0,1.0,0.8,0.0,1.4,0.45,0.35,0.2,0.35,0.1,0.1,7.0,5.4,equilibrium_region_grid
basic_compliance,Basic compliance,none,5.4,-5.0,0.8100000000000007,3.9360000000000004,5.4,11.7,-0.9400000000000007,-5.0,5.8,1.0,1.6,0.05,1.0,0.25,0.0,12.0,5.0,1.0,0.8,0.0,1.4,0.45,0.35,0.2,0.35,0.1,0.1,7.0,5.4,equilibrium_region_grid
basic_compliance,Basic compliance,none,5.4,-5.0,0.6300000000000008,3.873,5.4,11.7,-0.9400000000000007,-5.0,5.8,1.0,1.8,0.05,1.0,0.25,0.0,12.0,5.0,1.0,0.8,0.0,1.4,0.45,0.35,0.2,0.35,0.1,0.1,7.0,5.4,equilibrium_region_grid
basic_compliance,Basic compliance,none,5.4,-5.0,0.45000000000000084,3.8100000000000005,5.4,11.7,-0.9400000000000007,-5.0,5.8,1.0,2.0,0.05,1.0,0.25,0.0,12.0,5.0,1.0,0.8,0.0,1.4,0.45,0.35,0.2,0.35,0.1,0.1,7.0,5.4,equilibrium_region_grid
basic_compliance,Basic compliance,none,5.4,-5.0,0.2700000000000007,3.7470000000000003,5.4,11.7,-0.9400000000000007,-5.0,5.8,1.0,2.2,0.05,1.0,0.25,0.0,12.0,5.0,1.0,0.8,0.0,1.4,0.45,0.35,0.2,0.35,0.1,0.1,7.0,5.4,equilibrium_region_grid
basic_compliance,Basic compliance,none,5.4,-5.0,0.09000000000000075,3.684,5.4,11.7,-0.9400000000000007,-5.0,5.8,1.0,2.4,0.05,1.0,0.25,0.0,12.0,5.0,1.0,0.8,0.0,1.4,0.45,0.35,0.2,0.35,0.1,0.1,7.0,5.4,equilibrium_region_grid
basic_compliance,Basic compliance,none,5.4,-5.0,-0.08999999999999941,3.6210000000000004,5.4,11.7,-0.9400000000000007,-5.0,5.8,1.0,2.6,0.05,1.0,0.25,0.0,12.0,5.0,1.0,0.8,0.0,1.4,0.45,0.35,0.2,0.35,0.1,0.1,7.0,5.4,equilibrium_region_grid
basic_compliance,Basic compliance,none,5.4,-5.0,-0.26999999999999913,3.5580000000000007,5.4,11.7,-0.9400000000000007,-5.0,5.8,1.0,2.8,0.05,1.0,0.25,0.0,12.0,5.0,1.0,0.8,0.0,1.4,0.45,0.35,0.2,0.35,0.1,0.1,7.0,5.4,equilibrium_region_grid
basic_compliance,Basic compliance,none,5.4,-5.0,-0.4499999999999993,3.4950000000000006,5.4,11.7,-0.9400000000000007,-5.0,5.8,1.0,3.0,0.05,1.0,0.25,0.0,12.0,5.0,1.0,0.8,0.0,1.4,0.45,0.35,0.2,0.35,0.1,0.1,7.0,5.4,equilibrium_region_grid
basic_compliance,Basic compliance,none,5.4,-5.0,-0.6299999999999994,3.4320000000000004,5.4,11.7,-0.9400000000000007,-5.0,5.8,1.0,3.2,0.05,1.0,0.25,0.0,12.0,5.0,1.0,0.8,0.0,1.4,0.45,0.35,0.2,0.35,0.1,0.1,7.0,5.4,equilibrium_region_grid
basic_compliance,Basic compliance,none,5.4,-5.0,-0.8099999999999992,3.3690000000000007,5.4,11.7,-0.9400000000000007,-5.0,5.8,1.0,3.4,0.05,1.0,0.25,0.0,12.0,5.0,1.0,0.8,0.0,1.4,0.45,0.35,0.2,0.35,0.1,0.1,7.0,5.4,equilibrium_region_grid
basic_compliance,Basic compliance,none,5.4,-5.0,-0.9899999999999993,3.3060000000000005,5.4,11.7,-0.9400000000000007,-5.0,5.8,1.0,3.6,0.05,1.0,0.25,0.0,12.0,5.0,1.0,0.8,0.0,1.4,0.45,0.35,0.2,0.35,0.1,0.1,7.0,5.4,equilibrium_region_grid
basic_compliance,Basic compliance,none,5.4,-5.0,-1.169999999999999,3.2430000000000003,5.4,11.7,-0.9400000000000007,-5.0,5.8,1.0,3.8,0.05,1.0,0.25,0.0,12.0,5.0,1.0,0.8,0.0,1.4,0.45,0.35,0.2,0.35,0.1,0.1,7.0,5.4,equilibrium_region_grid
basic_compliance,Basic compliance,none,5.4,-5.0,-1.3499999999999992,3.1800000000000006,5.4,11.7,-0.9400000000000007,-5.0,5.8,1.0,4.0,0.05,1.0,0.25,0.0,12.0,5.0,1.0,0.8,0.0,1.4,0.45,0.35,0.2,0.35,0.1,0.1,7.0,5.4,equilibrium_region_grid
basic_compliance,Basic compliance,none,5.4,-5.0,2.526190476190477,4.564285714285714,5.4,11.7,-0.9400000000000007,-5.0,5.8,1.05,0.0,0.05,1.0,0.25,0.0,12.0,5.0,1.0,0.8,0.0,1.4,0.45,0.35,0.2,0.35,0.1,0.1,7.0,5.4,equilibrium_region_grid
basic_compliance,Basic compliance,none,5.4,-5.0,2.346190476190477,4.501285714285714,5.4,11.7,-0.9400000000000007,-5.0,5.8,1.05,0.2,0.05,1.0,0.25,0.0,12.0,5.0,1.0,0.8,0.0,1.4,0.45,0.35,0.2,0.35,0.1,0.1,7.0,5.4,equilibrium_region_grid
basic_compliance,Basic compliance,none,5.4,-5.0,2.166190476190477,4.438285714285714,5.4,11.7,-0.9400000000000007,-5.0,5.8,1.05,0.4,0.05,1.0,0.25,0.0,12.0,5.0,1.0,0.8,0.0,1.4,0.45,0.35,0.2,0.35,0.1,0.1,7.0,5.4,equilibrium_region_grid
basic_compliance,Basic compliance,none,5.4,-5.0,1.986190476190477,4.375285714285714,5.4,11.7,-0.9400000000000007,-5.0,5.8,1.05,0.6,0.05,1.0,0.25,0.0,12.0,5.0,1.0,0.8,0.0,1.4,0.45,0.35,0.2,0.35,0.1,0.1,7.0,5.4,equilibrium_region_grid
basic_compliance,Basic compliance,none,5.4,-5.0,1.8061904761904768,4.312285714285714,5.4,11.7,-0.9400000000000007,-5.0,5.8,1.05,0.8,0.05,1.0,0.25,0.0,12.0,5.0,1.0,0.8,0.0,1.4,0.45,0.35,0.2,0.35,0.1,0.1,7.0,5.4,equilibrium_region_grid
basic_compliance,Basic compliance,none,5.4,-5.0,1.626190476190477,4.249285714285714,5.4,11.7,-0.9400000000000007,-5.0,5.8,1.05,1.0,0.05,1.0,0.25,0.0,12.0,5.0,1.0,0.8,0.0,1.4,0.45,0.35,0.2,0.35,0.1,0.1,7.0,5.4,equilibrium_region_grid
basic_compliance,Basic compliance,none,5.4,-5.0,1.446190476190477,4.186285714285714,5.4,11.7,-0.9400000000000007,-5.0,5.8,1.05,1.2,0.05,1.0,0.25,0.0,12.0,5.0,1.0,0.8,0.0,1.4,0.45,0.35,0.2,0.35,0.1,0.1,7.0,5.4,equilibrium_region_grid
basic_compliance,Basic compliance,none,5.4,-5.0,1.266190476190477,4.123285714285714,5.4,11.7,-0.9400000000000007,-5.0,5.8,1.05,1.4,0.05,1.0,0.25,0.0,12.0,5.0,1.0,0.8,0.0,1.4,0.45,0.35,0.2,0.35,0.1,0.1,7.0,5.4,equilibrium_region_grid
basic_compliance,Basic compliance,none,5.4,-5.0,1.0861904761904768,4.060285714285714,5.4,11.7,-0.9400000000000007,-5.0,5.8,1.05,1.6,0.05,1.0,0.25,0.0,12.0,5.0,1.0,0.8,0.0,1.4,0.45,0.35,0.2,0.35,0.1,0.1,7.0,5.4,equilibrium_region_grid
basic_compliance,Basic compliance,none,5.4,-5.0,0.9061904761904769,3.997285714285714,5.4,11.7,-0.9400000000000007,-5.0,5.8,1.05,1.8,0.05,1.0,0.25,0.0,12.0,5.0,1.0,0.8,0.0,1.4,0.45,0.35,0.2,0.35,0.1,0.1,7.0,5.4,equilibrium_region_grid
basic_compliance,Basic compliance,none,5.4,-5.0,0.7261904761904769,3.934285714285714,5.4,11.7,-0.9400000000000007,-5.0,5.8,1.05,2.0,0.05,1.0,0.25,0.0,12.0,5.0,1.0,0.8,0.0,1.4,0.45,0.35,0.2,0.35,0.1,0.1,7.0,5.4,equilibrium_region_grid
basic_compliance,Basic compliance,none,5.4,-5.0,0.5461904761904768,3.871285714285714,5.4,11.7,-0.9400000000000007,-5.0,5.8,1.05,2.2,0.05,1.0,0.25,0.0,12.0,5.0,1.0,0.8,0.0,1.4,0.45,0.35,0.2,0.35,0.1,0.1,7.0,5.4,equilibrium_region_grid
basic_compliance,Basic compliance,none,5.4,-5.0,0.36619047619047684,3.808285714285714,5.4,11.7,-0.9400000000000007,-5.0,5.8,1.05,2.4,0.05,1.0,0.25,0.0,12.0,5.0,1.0,0.8,0.0,1.4,0.45,0.35,0.2,0.35,0.1,0.1,7.0,5.4,equilibrium_region_grid
basic_compliance,Basic compliance,none,5.4,-5.0,0.18619047619047668,3.745285714285714,5.4,11.7,-0.9400000000000007,-5.0,5.8,1.05,2.6,0.05,1.0,0.25,0.0,12.0,5.0,1.0,0.8,0.0,1.4,0.45,0.35,0.2,0.35,0.1,0.1,7.0,5.4,equilibrium_region_grid
basic_compliance,Basic compliance,none,5.4,-5.0,0.006190476190476968,3.6822857142857144,5.4,11.7,-0.9400000000000007,-5.0,5.8,1.05,2.8,0.05,1.0,0.25,0.0,12.0,5.0,1.0,0.8,0.0,1.4,0.45,0.35,0.2,0.35,0.1,0.1,7.0,5.4,equilibrium_region_grid
basic_compliance,Basic compliance,none,5.4,-5.0,-0.1738095238095232,3.619285714285714,5.4,11.7,-0.9400000000000007,-5.0,5.8,1.05,3.0,0.05,1.0,0.25,0.0,12.0,5.0,1.0,0.8,0.0,1.4,0.45,0.35,0.2,0.35,0.1,0.1,7.0,5.4,equilibrium_region_grid
basic_compliance,Basic compliance,none,5.4,-5.0,-0.35380952380952335,3.556285714285714,5.4,11.7,-0.9400000000000007,-5.0,5.8,1.05,3.2,0.05,1.0,0.25,0.0,12.0,5.0,1.0,0.8,0.0,1.4,0.45,0.35,0.2,0.35,0.1,0.1,7.0,5.4,equilibrium_region_grid
basic_compliance,Basic compliance,none,5.4,-5.0,-0.5338095238095231,3.4932857142857143,5.4,11.7,-0.9400000000000007,-5.0,5.8,1.05,3.4,0.05,1.0,0.25,0.0,12.0,5.0,1.0,0.8,0.0,1.4,0.45,0.35,0.2,0.35,0.1,0.1,7.0,5.4,equilibrium_region_grid
basic_compliance,Basic compliance,none,5.4,-5.0,-0.7138095238095232,3.430285714285714,5.4,11.7,-0.9400000000000007,-5.0,5.8,1.05,3.6,0.05,1.0,0.25,0.0,12.0,5.0,1.0,0.8,0.0,1.4,0.45,0.35,0.2,0.35,0.1,0.1,7.0,5.4,equilibrium_region_grid
basic_compliance,Basic compliance,none,5.4,-5.0,-0.8938095238095229,3.367285714285714,5.4,11.7,-0.9400000000000007,-5.0,5.8,1.05,3.8,0.05,1.0,0.25,0.0,12.0,5.0,1.0,0.8,0.0,1.4,0.45,0.35,0.2,0.35,0.1,0.1,7.0,5.4,equilibrium_region_grid
basic_compliance,Basic compliance,none,5.4,-5.0,-1.073809523809523,3.3042857142857143,5.4,11.7,-0.9400000000000007,-5.0,5.8,1.05,4.0,0.05,1.0,0.25,0.0,12.0,5.0,1.0,0.8,0.0,1.4,0.45,0.35,0.2,0.35,0.1,0.1,7.0,5.4,equilibrium_region_grid
basic_compliance,Basic compliance,none,5.4,-5.0,2.7772727272727282,4.677272727272727,5.4,11.7,-0.9400000000000007,-5.0,5.8,1.1,0.0,0.05,1.0,0.25,0.0,12.0,5.0,1.0,0.8,0.0,1.4,0.45,0.35,0.2,0.35,0.1,0.1,7.0,5.4,equilibrium_region_grid
basic_compliance,Basic compliance,none,5.4,-5.0,2.597272727272728,4.614272727272727,5.4,11.7,-0.9400000000000007,-5.0,5.8,1.1,0.2,0.05,1.0,0.25,0.0,12.0,5.0,1.0,0.8,0.0,1.4,0.45,0.35,0.2,0.35,0.1,0.1,7.0,5.4,equilibrium_region_grid
basic_compliance,Basic compliance,none,5.4,-5.0,2.4172727272727283,4.5512727272727265,5.4,11.7,-0.9400000000000007,-5.0,5.8,1.1,0.4,0.05,1.0,0.25,0.0,12.0,5.0,1.0,0.8,0.0,1.4,0.45,0.35,0.2,0.35,0.1,0.1,7.0,5.4,equilibrium_region_grid
basic_compliance,Basic compliance,none,5.4,-5.0,2.237272727272728,4.488272727272727,5.4,11.7,-0.9400000000000007,-5.0,5.8,1.1,0.6,0.05,1.0,0.25,0.0,12.0,5.0,1.0,0.8,0.0,1.4,0.45,0.35,0.2,0.35,0.1,0.1,7.0,5.4,equilibrium_region_grid
basic_compliance,Basic compliance,none,5.4,-5.0,2.057272727272728,4.425272727272727,5.4,11.7,-0.9400000000000007,-5.0,5.8,1.1,0.8,0.05,1.0,0.25,0.0,12.0,5.0,1.0,0.8,0.0,1.4,0.45,0.35,0.2,0.35,0.1,0.1,7.0,5.4,equilibrium_region_grid
basic_compliance,Basic compliance,none,5.4,-5.0,1.8772727272727283,4.362272727272726,5.4,11.7,-0.9400000000000007,-5.0,5.8,1.1,1.0,0.05,1.0,0.25,0.0,12.0,5.0,1.0,0.8,0.0,1.4,0.45,0.35,0.2,0.35,0.1,0.1,7.0,5.4,equilibrium_region_grid
basic_compliance,Basic compliance,none,5.4,-5.0,1.6972727272727282,4.299272727272727,5.4,11.7,-0.9400000000000007,-5.0,5.8,1.1,1.2,0.05,1.0,0.25,0.0,12.0,5.0,1.0,0.8,0.0,1.4,0.45,0.35,0.2,0.35,0.1,0.1,7.0,5.4,equilibrium_region_grid
basic_compliance,Basic compliance,none,5.4,-5.0,1.5172727272727282,4.236272727272727,5.4,11.7,-0.9400000000000007,-5.0,5.8,1.1,1.4,0.05,1.0,0.25,0.0,12.0,5.0,1.0,0.8,0.0,1.4,0.45,0.35,0.2,0.35,0.1,0.1,7.0,5.4,equilibrium_region_grid
basic_compliance,Basic compliance,none,5.4,-5.0,1.337272727272728,4.173272727272726,5.4,11.7,-0.9400000000000007,-5.0,5.8,1.1,1.6,0.05,1.0,0.25,0.0,12.0,5.0,1.0,0.8,0.0,1.4,0.45,0.35,0.2,0.35,0.1,0.1,7.0,5.4,equilibrium_region_grid
basic_compliance,Basic compliance,none,5.4,-5.0,1.1572727272727281,4.110272727272727,5.4,11.7,-0.9400000000000007,-5.0,5.8,1.1,1.8,0.05,1.0,0.25,0.0,12.0,5.0,1.0,0.8,0.0,1.4,0.45,0.35,0.2,0.35,0.1,0.1,7.0,5.4,equilibrium_region_grid
basic_compliance,Basic compliance,none,5.4,-5.0,0.9772727272727282,4.047272727272727,5.4,11.7,-0.9400000000000007,-5.0,5.8,1.1,2.0,0.05,1.0,0.25,0.0,12.0,5.0,1.0,0.8,0.0,1.4,0.45,0.35,0.2,0.35,0.1,0.1,7.0,5.4,equilibrium_region_grid
basic_compliance,Basic compliance,none,5.4,-5.0,0.797272727272728,3.9842727272727267,5.4,11.7,-0.9400000000000007,-5.0,5.8,1.1,2.2,0.05,1.0,0.25,0.0,12.0,5.0,1.0,0.8,0.0,1.4,0.45,0.35,0.2,0.35,0.1,0.1,7.0,5.4,equilibrium_region_grid
basic_compliance,Basic compliance,none,5.4,-5.0,0.6172727272727281,3.9212727272727266,5.4,11.7,-0.9400000000000007,-5.0,5.8,1.1,2.4,0.05,1.0,0.25,0.0,12.0,5.0,1.0,0.8,0.0,1.4,0.45,0.35,0.2,0.35,0.1,0.1,7.0,5.4,equilibrium_region_grid
basic_compliance,Basic compliance,none,5.4,-5.0,0.4372727272727279,3.858272727272727,5.4,11.7,-0.9400000000000007,-5.0,5.8,1.1,2.6,0.05,1.0,0.25,0.0,12.0,5.0,1.0,0.8,0.0,1.4,0.45,0.35,0.2,0.35,0.1,0.1,7.0,5.4,equilibrium_region_grid
basic_compliance,Basic compliance,none,5.4,-5.0,0.2572727272727282,3.795272727272727,5.4,11.7,-0.9400000000000007,-5.0,5.8,1.1,2.8,0.05,1.0,0.25,0.0,12.0,5.0,1.0,0.8,0.0,1.4,0.45,0.35,0.2,0.35,0.1,0.1,7.0,5.4,equilibrium_region_grid
basic_compliance,Basic compliance,none,5.4,-5.0,0.07727272727272805,3.732272727272727,5.4,11.7,-0.9400000000000007,-5.0,5.8,1.1,3.0,0.05,1.0,0.25,0.0,12.0,5.0,1.0,0.8,0.0,1.4,0.45,0.35,0.2,0.35,0.1,0.1,7.0,5.4,equilibrium_region_grid
basic_compliance,Basic compliance,none,5.4,-5.0,-0.10272727272727211,3.669272727272727,5.4,11.7,-0.9400000000000007,-5.0,5.8,1.1,3.2,0.05,1.0,0.25,0.0,12.0,5.0,1.0,0.8,0.0,1.4,0.45,0.35,0.2,0.35,0.1,0.1,7.0,5.4,equilibrium_region_grid
basic_compliance,Basic compliance,none,5.4,-5.0,-0.28272727272727183,3.606272727272727,5.4,11.7,-0.9400000000000007,-5.0,5.8,1.1,3.4,0.05,1.0,0.25,0.0,12.0,5.0,1.0,0.8,0.0,1.4,0.45,0.35,0.2,0.35,0.1,0.1,7.0,5.4,equilibrium_region_grid
basic_compliance,Basic compliance,none,5.4,-5.0,-0.462727272727272,3.543272727272727,5.4,11.7,-0.9400000000000007,-5.0,5.8,1.1,3.6,0.05,1.0,0.25,0.0,12.0,5.0,1.0,0.8,0.0,1.4,0.45,0.35,0.2,0.35,0.1,0.1,7.0,5.4,equilibrium_region_grid
basic_compliance,Basic compliance,none,5.4,-5.0,-0.6427272727272717,3.4802727272727267,5.4,11.7,-0.9400000000000007,-5.0,5.8,1.1,3.8,0.05,1.0,0.25,0.0,12.0,5.0,1.0,0.8,0.0,1.4,0.45,0.35,0.2,0.35,0.1,0.1,7.0,5.4,equilibrium_region_grid
basic_compliance,Basic compliance,none,5.4,-5.0,-0.8227272727272719,3.417272727272727,5.4,11.7,-0.9400000000000007,-5.0,5.8,1.1,4.0,0.05,1.0,0.25,0.0,12.0,5.0,1.0,0.8,0.0,1.4,0.45,0.35,0.2,0.35,0.1,0.1,7.0,5.4,equilibrium_region_grid
basic_compliance,Basic compliance,none,5.4,-5.0,3.0065217391304353,4.780434782608695,5.4,11.7,-0.9400000000000007,-5.0,5.8,1.15,0.0,0.05,1.0,0.25,0.0,12.0,5.0,1.0,0.8,0.0,1.4,0.45,0.35,0.2,0.35,0.1,0.1,7.0,5.4,equilibrium_region_grid
basic_compliance,Basic compliance,none,5.4,-5.0,2.826521739130435,4.717434782608695,5.4,11.7,-0.9400000000000007,-5.0,5.8,1.15,0.2,0.05,1.0,0.25,0.0,12.0,5.0,1.0,0.8,0.0,1.4,0.45,0.35,0.2,0.35,0.1,0.1,7.0,5.4,equilibrium_region_grid
basic_compliance,Basic compliance,none,5.4,-5.0,2.6465217391304354,4.6544347826086945,5.4,11.7,-0.9400000000000007,-5.0,5.8,1.15,0.4,0.05,1.0,0.25,0.0,12.0,5.0,1.0,0.8,0.0,1.4,0.45,0.35,0.2,0.35,0.1,0.1,7.0,5.4,equilibrium_region_grid
basic_compliance,Basic compliance,none,5.4,-5.0,2.4665217391304353,4.591434782608695,5.4,11.7,-0.9400000000000007,-5.0,5.8,1.15,0.6,0.05,1.0,0.25,0.0,12.0,5.0,1.0,0.8,0.0,1.4,0.45,0.35,0.2,0.35,0.1,0.1,7.0,5.4,equilibrium_region_grid
basic_compliance,Basic compliance,none,5.4,-5.0,2.286521739130435,4.528434782608695,5.4,11.7,-0.9400000000000007,-5.0,5.8,1.15,0.8,0.05,1.0,0.25,0.0,12.0,5.0,1.0,0.8,0.0,1.4,0.45,0.35,0.2,0.35,0.1,0.1,7.0,5.4,equilibrium_region_grid
basic_compliance,Basic compliance,none,5.4,-5.0,2.1065217391304354,4.465434782608694,5.4,11.7,-0.9400000000000007,-5.0,5.8,1.15,1.0,0.05,1.0,0.25,0.0,12.0,5.0,1.0,0.8,0.0,1.4,0.45,0.35,0.2,0.35,0.1,0.1,7.0,5.4,equilibrium_region_grid
basic_compliance,Basic compliance,none,5.4,-5.0,1.9265217391304352,4.402434782608695,5.4,11.7,-0.9400000000000007,-5.0,5.8,1.15,1.2,0.05,1.0,0.25,0.0,12.0,5.0,1.0,0.8,0.0,1.4,0.45,0.35,0.2,0.35,0.1,0.1,7.0,5.4,equilibrium_region_grid
basic_compliance,Basic compliance,none,5.4,-5.0,1.7465217391304353,4.339434782608695,5.4,11.7,-0.9400000000000007,-5.0,5.8,1.15,1.4,0.05,1.0,0.25,0.0,12.0,5.0,1.0,0.8,0.0,1.4,0.45,0.35,0.2,0.35,0.1,0.1,7.0,5.4,equilibrium_region_grid
basic_compliance,Basic compliance,none,5.4,-5.0,1.5665217391304351,4.276434782608694,5.4,11.7,-0.9400000000000007,-5.0,5.8,1.15,1.6,0.05,1.0,0.25,0.0,12.0,5.0,1.0,0.8,0.0,1.4,0.45,0.35,0.2,0.35,0.1,0.1,7.0,5.4,equilibrium_region_grid
basic_compliance,Basic compliance,none,5.4,-5.0,1.3865217391304352,4.213434782608695,5.4,11.7,-0.9400000000000007,-5.0,5.8,1.15,1.8,0.05,1.0,0.25,0.0,12.0,5.0,1.0,0.8,0.0,1.4,0.45,0.35,0.2,0.35,0.1,0.1,7.0,5.4,equilibrium_region_grid
basic_compliance,Basic compliance,none,5.4,-5.0,1.2065217391304353,4.150434782608695,5.4,11.7,-0.9400000000000007,-5.0,5.8,1.15,2.0,0.05,1.0,0.25,0.0,12.0,5.0,1.0,0.8,0.0,1.4,0.45,0.35,0.2,0.35,0.1,0.1,7.0,5.4,equilibrium_region_grid
basic_compliance,Basic compliance,none,5.4,-5.0,1.026521739130435,4.087434782608694,5.4,11.7,-0.9400000000000007,-5.0,5.8,1.15,2.2,0.05,1.0,0.25,0.0,12.0,5.0,1.0,0.8,0.0,1.4,0.45,0.35,0.2,0.35,0.1,0.1,7.0,5.4,equilibrium_region_grid
basic_compliance,Basic compliance,none,5.4,-5.0,0.8465217391304352,4.024434782608695,5.4,11.7,-0.9400000000000007,-5.0,5.8,1.15,2.4,0.05,1.0,0.25,0.0,12.0,5.0,1.0,0.8,0.0,1.4,0.45,0.35,0.2,0.35,0.1,0.1,7.0,5.4,equilibrium_region_grid
basic_compliance,Basic compliance,none,5.4,-5.0,0.666521739130435,3.961434782608695,5.4,11.7,-0.9400000000000007,-5.0,5.8,1.15,2.6,0.05,1.0,0.25,0.0,12.0,5.0,1.0,0.8,0.0,1.4,0.45,0.35,0.2,0.35,0.1,0.1,7.0,5.4,equilibrium_region_grid
basic_compliance,Basic compliance,none,5.4,-5.0,0.4865217391304353,3.898434782608695,5.4,11.7,-0.9400000000000007,-5.0,5.8,1.15,2.8,0.05,1.0,0.25,0.0,12.0,5.0,1.0,0.8,0.0,1.4,0.45,0.35,0.2,0.35,0.1,0.1,7.0,5.4,equilibrium_region_grid
basic_compliance,Basic compliance,none,5.4,-5.0,0.3065217391304351,3.835434782608695,5.4,11.7,-0.9400000000000007,-5.0,5.8,1.15,3.0,0.05,1.0,0.25,0.0,12.0,5.0,1.0,0.8,0.0,1.4,0.45,0.35,0.2,0.35,0.1,0.1,7.0,5.4,equilibrium_region_grid
basic_compliance,Basic compliance,none,5.4,-5.0,0.12652173913043496,3.772434782608695,5.4,11.7,-0.9400000000000007,-5.0,5.8,1.15,3.2,0.05,1.0,0.25,0.0,12.0,5.0,1.0,0.8,0.0,1.4,0.45,0.35,0.2,0.35,0.1,0.1,7.0,5.4,equilibrium_region_grid
basic_compliance,Basic compliance,none,5.4,-5.0,-0.05347826086956475,3.709434782608695,5.4,11.7,-0.9400000000000007,-5.0,5.8,1.15,3.4,0.05,1.0,0.25,0.0,12.0,5.0,1.0,0.8,0.0,1.4,0.45,0.35,0.2,0.35,0.1,0.1,7.0,5.4,equilibrium_region_grid
basic_compliance,Basic compliance,none,5.4,-5.0,-0.2334782608695649,3.646434782608695,5.4,11.7,-0.9400000000000007,-5.0,5.8,1.15,3.6,0.05,1.0,0.25,0.0,12.0,5.0,1.0,0.8,0.0,1.4,0.45,0.35,0.2,0.35,0.1,0.1,7.0,5.4,equilibrium_region_grid
basic_compliance,Basic compliance,none,5.4,-5.0,-0.41347826086956463,3.5834347826086947,5.4,11.7,-0.9400000000000007,-5.0,5.8,1.15,3.8,0.05,1.0,0.25,0.0,12.0,5.0,1.0,0.8,0.0,1.4,0.45,0.35,0.2,0.35,0.1,0.1,7.0,5.4,equilibrium_region_grid
basic_compliance,Basic compliance,none,5.4,-5.0,-0.5934782608695648,3.520434782608695,5.4,11.7,-0.9400000000000007,-5.0,5.8,1.15,4.0,0.05,1.0,0.25,0.0,12.0,5.0,1.0,0.8,0.0,1.4,0.45,0.35,0.2,0.35,0.1,0.1,7.0,5.4,equilibrium_region_grid
basic_compliance,Basic compliance,none,5.4,-5.0,3.2166666666666677,4.875,5.4,11.7,-0.9400000000000007,-5.0,5.8,1.2,0.0,0.05,1.0,0.25,0.0,12.0,5.0,1.0,0.8,0.0,1.4,0.45,0.35,0.2,0.35,0.1,0.1,7.0,5.4,equilibrium_region_grid
basic_compliance,Basic compliance,none,5.4,-5.0,3.0366666666666675,4.812,5.4,11.7,-0.9400000000000007,-5.0,5.8,1.2,0.2,0.05,1.0,0.25,0.0,12.0,5.0,1.0,0.8,0.0,1.4,0.45,0.35,0.2,0.35,0.1,0.1,7.0,5.4,equilibrium_region_grid
basic_compliance,Basic compliance,none,5.4,-5.0,2.856666666666668,4.749,5.4,11.7,-0.9400000000000007,-5.0,5.8,1.2,0.4,0.05,1.0,0.25,0.0,12.0,5.0,1.0,0.8,0.0,1.4,0.45,0.35,0.2,0.35,0.1,0.1,7.0,5.4,equilibrium_region_grid
basic_compliance,Basic compliance,none,5.4,-5.0,2.6766666666666676,4.686,5.4,11.7,-0.9400000000000007,-5.0,5.8,1.2,0.6,0.05,1.0,0.25,0.0,12.0,5.0,1.0,0.8,0.0,1.4,0.45,0.35,0.2,0.35,0.1,0.1,7.0,5.4,equilibrium_region_grid
basic_compliance,Basic compliance,none,5.4,-5.0,2.4966666666666675,4.623,5.4,11.7,-0.9400000000000007,-5.0,5.8,1.2,0.8,0.05,1.0,0.25,0.0,12.0,5.0,1.0,0.8,0.0,1.4,0.45,0.35,0.2,0.35,0.1,0.1,7.0,5.4,equilibrium_region_grid
basic_compliance,Basic compliance,none,5.4,-5.0,2.3166666666666678,4.56,5.4,11.7,-0.9400000000000007,-5.0,5.8,1.2,1.0,0.05,1.0,0.25,0.0,12.0,5.0,1.0,0.8,0.0,1.4,0.45,0.35,0.2,0.35,0.1,0.1,7.0,5.4,equilibrium_region_grid
basic_compliance,Basic compliance,none,5.4,-5.0,2.1366666666666676,4.497,5.4,11.7,-0.9400000000000007,-5.0,5.8,1.2,1.2,0.05,1.0,0.25,0.0,12.0,5.0,1.0,0.8,0.0,1.4,0.45,0.35,0.2,0.35,0.1,0.1,7.0,5.4,equilibrium_region_grid
basic_compliance,Basic compliance,none,5.4,-5.0,1.9566666666666677,4.434,5.4,11.7,-0.9400000000000007,-5.0,5.8,1.2,1.4,0.05,1.0,0.25,0.0,12.0,5.0,1.0,0.8,0.0,1.4,0.45,0.35,0.2,0.35,0.1,0.1,7.0,5.4,equilibrium_region_grid
basic_compliance,Basic compliance,none,5.4,-5.0,1.7766666666666675,4.371,5.4,11.7,-0.9400000000000007,-5.0,5.8,1.2,1.6,0.05,1.0,0.25,0.0,12.0,5.0,1.0,0.8,0.0,1.4,0.45,0.35,0.2,0.35,0.1,0.1,7.0,5.4,equilibrium_region_grid
basic_compliance,Basic compliance,none,5.4,-5.0,1.5966666666666676,4.308,5.4,11.7,-0.9400000000000007,-5.0,5.8,1.2,1.8,0.05,1.0,0.25,0.0,12.0,5.0,1.0,0.8,0.0,1.4,0.45,0.35,0.2,0.35,0.1,0.1,7.0,5.4,equilibrium_region_grid
basic_compliance,Basic compliance,none,5.4,-5.0,1.4166666666666676,4.245,5.4,11.7,-0.9400000000000007,-5.0,5.8,1.2,2.0,0.05,1.0,0.25,0.0,12.0,5.0,1.0,0.8,0.0,1.4,0.45,0.35,0.2,0.35,0.1,0.1,7.0,5.4,equilibrium_region_grid
basic_compliance,Basic compliance,none,5.4,-5.0,1.2366666666666675,4.182,5.4,11.7,-0.9400000000000007,-5.0,5.8,1.2,2.2,0.05,1.0,0.25,0.0,12.0,5.0,1.0,0.8,0.0,1.4,0.45,0.35,0.2,0.35,0.1,0.1,7.0,5.4,equilibrium_region_grid
basic_compliance,Basic compliance,none,5.4,-5.0,1.0566666666666675,4.119,5.4,11.7,-0.9400000000000007,-5.0,5.8,1.2,2.4,0.05,1.0,0.25,0.0,12.0,5.0,1.0,0.8,0.0,1.4,0.45,0.35,0.2,0.35,0.1,0.1,7.0,5.4,equilibrium_region_grid
basic_compliance,Basic compliance,none,5.4,-5.0,0.8766666666666674,4.056,5.4,11.7,-0.9400000000000007,-5.0,5.8,1.2,2.6,0.05,1.0,0.25,0.0,12.0,5.0,1.0,0.8,0.0,1.4,0.45,0.35,0.2,0.35,0.1,0.1,7.0,5.4,equilibrium_region_grid
basic_compliance,Basic compliance,none,5.4,-5.0,0.6966666666666677,3.9930000000000003,5.4,11.7,-0.9400000000000007,-5.0,5.8,1.2,2.8,0.05,1.0,0.25,0.0,12.0,5.0,1.0,0.8,0.0,1.4,0.45,0.35,0.2,0.35,0.1,0.1,7.0,5.4,equilibrium_region_grid
basic_compliance,Basic compliance,none,5.4,-5.0,0.5166666666666675,3.93,5.4,11.7,-0.9400000000000007,-5.0,5.8,1.2,3.0,0.05,1.0,0.25,0.0,12.0,5.0,1.0,0.8,0.0,1.4,0.45,0.35,0.2,0.35,0.1,0.1,7.0,5.4,equilibrium_region_grid
basic_compliance,Basic compliance,none,5.4,-5.0,0.33666666666666734,3.867,5.4,11.7,-0.9400000000000007,-5.0,5.8,1.2,3.2,0.05,1.0,0.25,0.0,12.0,5.0,1.0,0.8,0.0,1.4,0.45,0.35,0.2,0.35,0.1,0.1,7.0,5.4,equilibrium_region_grid
basic_compliance,Basic compliance,none,5.4,-5.0,0.15666666666666762,3.8040000000000003,5.4,11.7,-0.9400000000000007,-5.0,5.8,1.2,3.4,0.05,1.0,0.25,0.0,12.0,5.0,1.0,0.8,0.0,1.4,0.45,0.35,0.2,0.35,0.1,0.1,7.0,5.4,equilibrium_region_grid
basic_compliance,Basic compliance,none,5.4,-5.0,-0.02333333333333254,3.741,5.4,11.7,-0.9400000000000007,-5.0,5.8,1.2,3.6,0.05,1.0,0.25,0.0,12.0,5.0,1.0,0.8,0.0,1.4,0.45,0.35,0.2,0.35,0.1,0.1,7.0,5.4,equilibrium_region_grid
basic_compliance,Basic compliance,none,5.4,-5.0,-0.20333333333333226,3.678,5.4,11.7,-0.9400000000000007,-5.0,5.8,1.2,3.8,0.05,1.0,0.25,0.0,12.0,5.0,1.0,0.8,0.0,1.4,0.45,0.35,0.2,0.35,0.1,0.1,7.0,5.4,equilibrium_region_grid
basic_compliance,Basic compliance,none,5.4,-5.0,-0.3833333333333324,3.615,5.4,11.7,-0.9400000000000007,-5.0,5.8,1.2,4.0,0.05,1.0,0.25,0.0,12.0,5.0,1.0,0.8,0.0,1.4,0.45,0.35,0.2,0.35,0.1,0.1,7.0,5.4,equilibrium_region_grid
hybrid_support,Hybrid,high,8.907958477508652,8.599999999999998,8.907958477508652,5.288581314878893,5.4,8.599999999999998,-2.280000000000001,-5.0,2.0,0.65,0.0,0.32,5.0,1.8,1.6,12.0,5.0,1.0,0.8,0.8,1.4,0.45,0.35,0.2,0.35,0.55,0.2,7.0,5.4,cost_risk_heatmap
hybrid_support,Hybrid,high,8.817958477508652,8.599999999999998,8.817958477508652,5.257081314878893,5.4,8.599999999999998,-2.280000000000001,-5.0,2.0,0.65,0.2,0.32,5.0,1.8,1.6,12.0,5.0,1.0,0.8,0.8,1.4,0.45,0.35,0.2,0.35,0.55,0.2,7.0,5.4,cost_risk_heatmap
hybrid_support,Hybrid,high,8.727958477508652,8.599999999999998,8.727958477508652,5.225581314878894,5.4,8.599999999999998,-2.280000000000001,-5.0,2.0,0.65,0.4,0.32,5.0,1.8,1.6,12.0,5.0,1.0,0.8,0.8,1.4,0.45,0.35,0.2,0.35,0.55,0.2,7.0,5.4,cost_risk_heatmap
hybrid_support,Hybrid,high,8.637958477508652,8.599999999999998,8.637958477508652,5.194081314878893,5.4,8.599999999999998,-2.280000000000001,-5.0,2.0,0.65,0.6,0.32,5.0,1.8,1.6,12.0,5.0,1.0,0.8,0.8,1.4,0.45,0.35,0.2,0.35,0.55,0.2,7.0,5.4,cost_risk_heatmap
hybrid_support,Hybrid,high,8.547958477508653,8.599999999999998,8.547958477508653,5.162581314878893,5.4,8.599999999999998,-2.280000000000001,-5.0,2.0,0.65,0.8,0.32,5.0,1.8,1.6,12.0,5.0,1.0,0.8,0.8,1.4,0.45,0.35,0.2,0.35,0.55,0.2,7.0,5.4,cost_risk_heatmap
hybrid_support,Hybrid,high,8.457958477508653,8.599999999999998,8.457958477508653,5.131081314878894,5.4,8.599999999999998,-2.280000000000001,-5.0,2.0,0.65,1.0,0.32,5.0,1.8,1.6,12.0,5.0,1.0,0.8,0.8,1.4,0.45,0.35,0.2,0.35,0.55,0.2,7.0,5.4,cost_risk_heatmap
hybrid_support,Hybrid,high,8.367958477508653,8.599999999999998,8.367958477508653,5.099581314878893,5.4,8.599999999999998,-2.280000000000001,-5.0,2.0,0.65,1.2,0.32,5.0,1.8,1.6,12.0,5.0,1.0,0.8,0.8,1.4,0.45,0.35,0.2,0.35,0.55,0.2,7.0,5.4,cost_risk_heatmap
hybrid_support,Hybrid,high,8.277958477508651,8.599999999999998,8.277958477508651,5.068081314878893,5.4,8.599999999999998,-2.280000000000001,-5.0,2.0,0.65,1.4,0.32,5.0,1.8,1.6,12.0,5.0,1.0,0.8,0.8,1.4,0.45,0.35,0.2,0.35,0.55,0.2,7.0,5.4,cost_risk_heatmap
hybrid_support,Hybrid,high,8.187958477508651,8.599999999999998,8.187958477508651,5.036581314878894,5.4,8.599999999999998,-2.280000000000001,-5.0,2.0,0.65,1.6,0.32,5.0,1.8,1.6,12.0,5.0,1.0,0.8,0.8,1.4,0.45,0.35,0.2,0.35,0.55,0.2,7.0,5.4,cost_risk_heatmap
hybrid_support,Hybrid,high,8.097958477508651,8.599999999999998,8.097958477508651,5.005081314878893,5.4,8.599999999999998,-2.280000000000001,-5.0,2.0,0.65,1.8,0.32,5.0,1.8,1.6,12.0,5.0,1.0,0.8,0.8,1.4,0.45,0.35,0.2,0.35,0.55,0.2,7.0,5.4,cost_risk_heatmap
hybrid_support,Hybrid,high,8.007958477508652,8.599999999999998,8.007958477508652,4.973581314878894,5.4,8.599999999999998,-2.280000000000001,-5.0,2.0,0.65,2.0,0.32,5.0,1.8,1.6,12.0,5.0,1.0,0.8,0.8,1.4,0.45,0.35,0.2,0.35,0.55,0.2,7.0,5.4,cost_risk_heatmap
hybrid_support,Hybrid,high,7.917958477508652,8.599999999999998,7.917958477508652,4.942081314878894,5.4,8.599999999999998,-2.280000000000001,-5.0,2.0,0.65,2.2,0.32,5.0,1.8,1.6,12.0,5.0,1.0,0.8,0.8,1.4,0.45,0.35,0.2,0.35,0.55,0.2,7.0,5.4,cost_risk_heatmap
hybrid_support,Hybrid,high,7.827958477508652,8.599999999999998,7.827958477508652,4.910581314878893,5.4,8.599999999999998,-2.280000000000001,-5.0,2.0,0.65,2.4,0.32,5.0,1.8,1.6,12.0,5.0,1.0,0.8,0.8,1.4,0.45,0.35,0.2,0.35,0.55,0.2,7.0,5.4,cost_risk_heatmap
hybrid_support,Hybrid,high,7.737958477508652,8.599999999999998,7.737958477508652,4.879081314878894,5.4,8.599999999999998,-2.280000000000001,-5.0,2.0,0.65,2.6,0.32,5.0,1.8,1.6,12.0,5.0,1.0,0.8,0.8,1.4,0.45,0.35,0.2,0.35,0.55,0.2,7.0,5.4,cost_risk_heatmap
hybrid_support,Hybrid,high,7.647958477508652,8.599999999999998,7.647958477508652,4.8475813148788935,5.4,8.599999999999998,-2.280000000000001,-5.0,2.0,0.65,2.8,0.32,5.0,1.8,1.6,12.0,5.0,1.0,0.8,0.8,1.4,0.45,0.35,0.2,0.35,0.55,0.2,7.0,5.4,cost_risk_heatmap
hybrid_support,Hybrid,high,7.557958477508652,8.599999999999998,7.557958477508652,4.816081314878893,5.4,8.599999999999998,-2.280000000000001,-5.0,2.0,0.65,3.0,0.32,5.0,1.8,1.6,12.0,5.0,1.0,0.8,0.8,1.4,0.45,0.35,0.2,0.35,0.55,0.2,7.0,5.4,cost_risk_heatmap
hybrid_support,Hybrid,high,7.4679584775086525,8.599999999999998,7.4679584775086525,4.784581314878894,5.4,8.599999999999998,-2.280000000000001,-5.0,2.0,0.65,3.2,0.32,5.0,1.8,1.6,12.0,5.0,1.0,0.8,0.8,1.4,0.45,0.35,0.2,0.35,0.55,0.2,7.0,5.4,cost_risk_heatmap
hybrid_support,Hybrid,high,7.377958477508653,8.599999999999998,7.377958477508653,4.7530813148788935,5.4,8.599999999999998,-2.280000000000001,-5.0,2.0,0.65,3.4,0.32,5.0,1.8,1.6,12.0,5.0,1.0,0.8,0.8,1.4,0.45,0.35,0.2,0.35,0.55,0.2,7.0,5.4,cost_risk_heatmap
hybrid_support,Hybrid,high,7.287958477508652,8.599999999999998,7.287958477508652,4.721581314878893,5.4,8.599999999999998,-2.280000000000001,-5.0,2.0,0.65,3.6,0.32,5.0,1.8,1.6,12.0,5.0,1.0,0.8,0.8,1.4,0.45,0.35,0.2,0.35,0.55,0.2,7.0,5.4,cost_risk_heatmap
hybrid_support,Hybrid,high,7.197958477508652,8.599999999999998,7.197958477508652,4.690081314878894,5.4,8.599999999999998,-2.280000000000001,-5.0,2.0,0.65,3.8,0.32,5.0,1.8,1.6,12.0,5.0,1.0,0.8,0.8,1.4,0.45,0.35,0.2,0.35,0.55,0.2,7.0,5.4,cost_risk_heatmap
hybrid_support,Hybrid,high,7.107958477508652,8.599999999999998,7.107958477508652,4.6585813148788935,5.4,8.599999999999998,-2.280000000000001,-5.0,2.0,0.65,4.0,0.32,5.0,1.8,1.6,12.0,5.0,1.0,0.8,0.8,1.4,0.45,0.35,0.2,0.35,0.55,0.2,7.0,5.4,cost_risk_heatmap
hybrid_support,Hybrid,high,8.792733564013842,8.599999999999998,8.792733564013842,5.236730103806229,5.4,8.599999999999998,-2.280000000000001,-5.0,2.333,0.65,0.0,0.32,5.0,1.8,1.6,12.0,5.0,1.0,0.8,0.8,1.4,0.45,0.35,0.2,0.35,0.55,0.2,7.0,5.4,cost_risk_heatmap
hybrid_support,Hybrid,high,8.702733564013842,8.599999999999998,8.702733564013842,5.205230103806229,5.4,8.599999999999998,-2.280000000000001,-5.0,2.333,0.65,0.2,0.32,5.0,1.8,1.6,12.0,5.0,1.0,0.8,0.8,1.4,0.45,0.35,0.2,0.35,0.55,0.2,7.0,5.4,cost_risk_heatmap
hybrid_support,Hybrid,high,8.612733564013842,8.599999999999998,8.612733564013842,5.173730103806229,5.4,8.599999999999998,-2.280000000000001,-5.0,2.333,0.65,0.4,0.32,5.0,1.8,1.6,12.0,5.0,1.0,0.8,0.8,1.4,0.45,0.35,0.2,0.35,0.55,0.2,7.0,5.4,cost_risk_heatmap
hybrid_support,Hybrid,high,8.522733564013842,8.599999999999998,8.522733564013842,5.142230103806229,5.4,8.599999999999998,-2.280000000000001,-5.0,2.333,0.65,0.6,0.32,5.0,1.8,1.6,12.0,5.0,1.0,0.8,0.8,1.4,0.45,0.35,0.2,0.35,0.55,0.2,7.0,5.4,cost_risk_heatmap
hybrid_support,Hybrid,high,8.432733564013843,8.599999999999998,8.432733564013843,5.110730103806229,5.4,8.599999999999998,-2.280000000000001,-5.0,2.333,0.65,0.8,0.32,5.0,1.8,1.6,12.0,5.0,1.0,0.8,0.8,1.4,0.45,0.35,0.2,0.35,0.55,0.2,7.0,5.4,cost_risk_heatmap
hybrid_support,Hybrid,high,8.342733564013843,8.599999999999998,8.342733564013843,5.079230103806229,5.4,8.599999999999998,-2.280000000000001,-5.0,2.333,0.65,1.0,0.32,5.0,1.8,1.6,12.0,5.0,1.0,0.8,0.8,1.4,0.45,0.35,0.2,0.35,0.55,0.2,7.0,5.4,cost_risk_heatmap
hybrid_support,Hybrid,high,8.252733564013843,8.599999999999998,8.252733564013843,5.047730103806229,5.4,8.599999999999998,-2.280000000000001,-5.0,2.333,0.65,1.2,0.32,5.0,1.8,1.6,12.0,5.0,1.0,0.8,0.8,1.4,0.45,0.35,0.2,0.35,0.55,0.2,7.0,5.4,cost_risk_heatmap
hybrid_support,Hybrid,high,8.162733564013841,8.599999999999998,8.162733564013841,5.016230103806229,5.4,8.599999999999998,-2.280000000000001,-5.0,2.333,0.65,1.4,0.32,5.0,1.8,1.6,12.0,5.0,1.0,0.8,0.8,1.4,0.45,0.35,0.2,0.35,0.55,0.2,7.0,5.4,cost_risk_heatmap
hybrid_support,Hybrid,high,8.072733564013841,8.599999999999998,8.072733564013841,4.984730103806229,5.4,8.599999999999998,-2.280000000000001,-5.0,2.333,0.65,1.6,0.32,5.0,1.8,1.6,12.0,5.0,1.0,0.8,0.8,1.4,0.45,0.35,0.2,0.35,0.55,0.2,7.0,5.4,cost_risk_heatmap
hybrid_support,Hybrid,high,7.982733564013842,8.599999999999998,7.982733564013842,4.953230103806229,5.4,8.599999999999998,-2.280000000000001,-5.0,2.333,0.65,1.8,0.32,5.0,1.8,1.6,12.0,5.0,1.0,0.8,0.8,1.4,0.45,0.35,0.2,0.35,0.55,0.2,7.0,5.4,cost_risk_heatmap
hybrid_support,Hybrid,high,7.892733564013842,8.599999999999998,7.892733564013842,4.9217301038062296,5.4,8.599999999999998,-2.280000000000001,-5.0,2.333,0.65,2.0,0.32,5.0,1.8,1.6,12.0,5.0,1.0,0.8,0.8,1.4,0.45,0.35,0.2,0.35,0.55,0.2,7.0,5.4,cost_risk_heatmap
hybrid_support,Hybrid,high,7.802733564013842,8.599999999999998,7.802733564013842,4.890230103806229,5.4,8.599999999999998,-2.280000000000001,-5.0,2.333,0.65,2.2,0.32,5.0,1.8,1.6,12.0,5.0,1.0,0.8,0.8,1.4,0.45,0.35,0.2,0.35,0.55,0.2,7.0,5.4,cost_risk_heatmap
hybrid_support,Hybrid,high,7.712733564013842,8.599999999999998,7.712733564013842,4.858730103806229,5.4,8.599999999999998,-2.280000000000001,-5.0,2.333,0.65,2.4,0.32,5.0,1.8,1.6,12.0,5.0,1.0,0.8,0.8,1.4,0.45,0.35,0.2,0.35,0.55,0.2,7.0,5.4,cost_risk_heatmap
hybrid_support,Hybrid,high,7.622733564013842,8.599999999999998,7.622733564013842,4.8272301038062295,5.4,8.599999999999998,-2.280000000000001,-5.0,2.333,0.65,2.6,0.32,5.0,1.8,1.6,12.0,5.0,1.0,0.8,0.8,1.4,0.45,0.35,0.2,0.35,0.55,0.2,7.0,5.4,cost_risk_heatmap
hybrid_support,Hybrid,high,7.532733564013842,8.599999999999998,7.532733564013842,4.795730103806229,5.4,8.599999999999998,-2.280000000000001,-5.0,2.333,0.65,2.8,0.32,5.0,1.8,1.6,12.0,5.0,1.0,0.8,0.8,1.4,0.45,0.35,0.2,0.35,0.55,0.2,7.0,5.4,cost_risk_heatmap
hybrid_support,Hybrid,high,7.442733564013842,8.599999999999998,7.442733564013842,4.764230103806229,5.4,8.599999999999998,-2.280000000000001,-5.0,2.333,0.65,3.0,0.32,5.0,1.8,1.6,12.0,5.0,1.0,0.8,0.8,1.4,0.45,0.35,0.2,0.35,0.55,0.2,7.0,5.4,cost_risk_heatmap
hybrid_support,Hybrid,high,7.3527335640138425,8.599999999999998,7.3527335640138425,4.7327301038062295,5.4,8.599999999999998,-2.280000000000001,-5.0,2.333,0.65,3.2,0.32,5.0,1.8,1.6,12.0,5.0,1.0,0.8,0.8,1.4,0.45,0.35,0.2,0.35,0.55,0.2,7.0,5.4,cost_risk_heatmap
hybrid_support,Hybrid,high,7.262733564013843,8.599999999999998,7.262733564013843,4.701230103806229,5.4,8.599999999999998,-2.280000000000001,-5.0,2.333,0.65,3.4,0.32,5.0,1.8,1.6,12.0,5.0,1.0,0.8,0.8,1.4,0.45,0.35,0.2,0.35,0.55,0.2,7.0,5.4,cost_risk_heatmap
hybrid_support,Hybrid,high,7.172733564013842,8.599999999999998,7.172733564013842,4.669730103806229,5.4,8.599999999999998,-2.280000000000001,-5.0,2.333,0.65,3.6,0.32,5.0,1.8,1.6,12.0,5.0,1.0,0.8,0.8,1.4,0.45,0.35,0.2,0.35,0.55,0.2,7.0,5.4,cost_risk_heatmap
hybrid_support,Hybrid,high,7.082733564013842,8.599999999999998,7.082733564013842,4.6382301038062295,5.4,8.599999999999998,-2.280000000000001,-5.0,2.333,0.65,3.8,0.32,5.0,1.8,1.6,12.0,5.0,1.0,0.8,0.8,1.4,0.45,0.35,0.2,0.35,0.55,0.2,7.0,5.4,cost_risk_heatmap
hybrid_support,Hybrid,high,6.992733564013842,8.599999999999998,6.992733564013842,4.606730103806229,5.4,8.599999999999998,-2.280000000000001,-5.0,2.333,0.65,4.0,0.32,5.0,1.8,1.6,12.0,5.0,1.0,0.8,0.8,1.4,0.45,0.35,0.2,0.35,0.55,0.2,7.0,5.4,cost_risk_heatmap
hybrid_support,Hybrid,high,8.677162629757786,8.599999999999998,8.677162629757786,5.184723183391004,5.4,8.599999999999998,-2.280000000000001,-5.0,2.667,0.65,0.0,0.32,5.0,1.8,1.6,12.0,5.0,1.0,0.8,0.8,1.4,0.45,0.35,0.2,0.35,0.55,0.2,7.0,5.4,cost_risk_heatmap
hybrid_support,Hybrid,high,8.587162629757787,8.599999999999998,8.587162629757787,5.153223183391003,5.4,8.599999999999998,-2.280000000000001,-5.0,2.667,0.65,0.2,0.32,5.0,1.8,1.6,12.0,5.0,1.0,0.8,0.8,1.4,0.45,0.35,0.2,0.35,0.55,0.2,7.0,5.4,cost_risk_heatmap
hybrid_support,Hybrid,high,8.497162629757787,8.599999999999998,8.497162629757787,5.121723183391004,5.4,8.599999999999998,-2.280000000000001,-5.0,2.667,0.65,0.4,0.32,5.0,1.8,1.6,12.0,5.0,1.0,0.8,0.8,1.4,0.45,0.35,0.2,0.35,0.55,0.2,7.0,5.4,cost_risk_heatmap
hybrid_support,Hybrid,high,8.407162629757787,8.599999999999998,8.407162629757787,5.090223183391004,5.4,8.599999999999998,-2.280000000000001,-5.0,2.667,0.65,0.6,0.32,5.0,1.8,1.6,12.0,5.0,1.0,0.8,0.8,1.4,0.45,0.35,0.2,0.35,0.55,0.2,7.0,5.4,cost_risk_heatmap
hybrid_support,Hybrid,high,8.317162629757787,8.599999999999998,8.317162629757787,5.058723183391003,5.4,8.599999999999998,-2.280000000000001,-5.0,2.667,0.65,0.8,0.32,5.0,1.8,1.6,12.0,5.0,1.0,0.8,0.8,1.4,0.45,0.35,0.2,0.35,0.55,0.2,7.0,5.4,cost_risk_heatmap
hybrid_support,Hybrid,high,8.227162629757787,8.599999999999998,8.227162629757787,5.027223183391004,5.4,8.599999999999998,-2.280000000000001,-5.0,2.667,0.65,1.0,0.32,5.0,1.8,1.6,12.0,5.0,1.0,0.8,0.8,1.4,0.45,0.35,0.2,0.35,0.55,0.2,7.0,5.4,cost_risk_heatmap
hybrid_support,Hybrid,high,8.137162629757787,8.599999999999998,8.137162629757787,4.995723183391004,5.4,8.599999999999998,-2.280000000000001,-5.0,2.667,0.65,1.2,0.32,5.0,1.8,1.6,12.0,5.0,1.0,0.8,0.8,1.4,0.45,0.35,0.2,0.35,0.55,0.2,7.0,5.4,cost_risk_heatmap
hybrid_support,Hybrid,high,8.047162629757786,8.599999999999998,8.047162629757786,4.964223183391003,5.4,8.599999999999998,-2.280000000000001,-5.0,2.667,0.65,1.4,0.32,5.0,1.8,1.6,12.0,5.0,1.0,0.8,0.8,1.4,0.45,0.35,0.2,0.35,0.55,0.2,7.0,5.4,cost_risk_heatmap
hybrid_support,Hybrid,high,7.957162629757787,8.599999999999998,7.957162629757787,4.932723183391004,5.4,8.599999999999998,-2.280000000000001,-5.0,2.667,0.65,1.6,0.32,5.0,1.8,1.6,12.0,5.0,1.0,0.8,0.8,1.4,0.45,0.35,0.2,0.35,0.55,0.2,7.0,5.4,cost_risk_heatmap
hybrid_support,Hybrid,high,7.867162629757787,8.599999999999998,7.867162629757787,4.901223183391004,5.4,8.599999999999998,-2.280000000000001,-5.0,2.667,0.65,1.8,0.32,5.0,1.8,1.6,12.0,5.0,1.0,0.8,0.8,1.4,0.45,0.35,0.2,0.35,0.55,0.2,7.0,5.4,cost_risk_heatmap
hybrid_support,Hybrid,high,7.777162629757786,8.599999999999998,7.777162629757786,4.869723183391004,5.4,8.599999999999998,-2.280000000000001,-5.0,2.667,0.65,2.0,0.32,5.0,1.8,1.6,12.0,5.0,1.0,0.8,0.8,1.4,0.45,0.35,0.2,0.35,0.55,0.2,7.0,5.4,cost_risk_heatmap
hybrid_support,Hybrid,high,7.687162629757786,8.599999999999998,7.687162629757786,4.838223183391004,5.4,8.599999999999998,-2.280000000000001,-5.0,2.667,0.65,2.2,0.32,5.0,1.8,1.6,12.0,5.0,1.0,0.8,0.8,1.4,0.45,0.35,0.2,0.35,0.55,0.2,7.0,5.4,cost_risk_heatmap
hybrid_support,Hybrid,high,7.597162629757786,8.599999999999998,7.597162629757786,4.806723183391004,5.4,8.599999999999998,-2.280000000000001,-5.0,2.667,0.65,2.4,0.32,5.0,1.8,1.6,12.0,5.0,1.0,0.8,0.8,1.4,0.45,0.35,0.2,0.35,0.55,0.2,7.0,5.4,cost_risk_heatmap
hybrid_support,Hybrid,high,7.5071626297577865,8.599999999999998,7.5071626297577865,4.775223183391004,5.4,8.599999999999998,-2.280000000000001,-5.0,2.667,0.65,2.6,0.32,5.0,1.8,1.6,12.0,5.0,1.0,0.8,0.8,1.4,0.45,0.35,0.2,0.35,0.55,0.2,7.0,5.4,cost_risk_heatmap
hybrid_support,Hybrid,high,7.417162629757787,8.599999999999998,7.417162629757787,4.743723183391004,5.4,8.599999999999998,-2.280000000000001,-5.0,2.667,0.65,2.8,0.32,5.0,1.8,1.6,12.0,5.0,1.0,0.8,0.8,1.4,0.45,0.35,0.2,0.35,0.55,0.2,7.0,5.4,cost_risk_heatmap
hybrid_support,Hybrid,high,7.327162629757787,8.599999999999998,7.327162629757787,4.7122231833910035,5.4,8.599999999999998,-2.280000000000001,-5.0,2.667,0.65,3.0,0.32,5.0,1.8,1.6,12.0,5.0,1.0,0.8,0.8,1.4,0.45,0.35,0.2,0.35,0.55,0.2,7.0,5.4,cost_risk_heatmap
hybrid_support,Hybrid,high,7.237162629757787,8.599999999999998,7.237162629757787,4.680723183391004,5.4,8.599999999999998,-2.280000000000001,-5.0,2.667,0.65,3.2,0.32,5.0,1.8,1.6,12.0,5.0,1.0,0.8,0.8,1.4,0.45,0.35,0.2,0.35,0.55,0.2,7.0,5.4,cost_risk_heatmap
hybrid_support,Hybrid,high,7.147162629757787,8.599999999999998,7.147162629757787,4.649223183391004,5.4,8.599999999999998,-2.280000000000001,-5.0,2.667,0.65,3.4,0.32,5.0,1.8,1.6,12.0,5.0,1.0,0.8,0.8,1.4,0.45,0.35,0.2,0.35,0.55,0.2,7.0,5.4,cost_risk_heatmap
hybrid_support,Hybrid,high,7.057162629757786,8.599999999999998,7.057162629757786,4.6177231833910035,5.4,8.599999999999998,-2.280000000000001,-5.0,2.667,0.65,3.6,0.32,5.0,1.8,1.6,12.0,5.0,1.0,0.8,0.8,1.4,0.45,0.35,0.2,0.35,0.55,0.2,7.0,5.4,cost_risk_heatmap
hybrid_support,Hybrid,high,6.967162629757786,8.599999999999998,6.967162629757786,4.586223183391004,5.4,8.599999999999998,-2.280000000000001,-5.0,2.667,0.65,3.8,0.32,5.0,1.8,1.6,12.0,5.0,1.0,0.8,0.8,1.4,0.45,0.35,0.2,0.35,0.55,0.2,7.0,5.4,cost_risk_heatmap
hybrid_support,Hybrid,high,6.877162629757787,8.599999999999998,6.877162629757787,4.554723183391004,5.4,8.599999999999998,-2.280000000000001,-5.0,2.667,0.65,4.0,0.32,5.0,1.8,1.6,12.0,5.0,1.0,0.8,0.8,1.4,0.45,0.35,0.2,0.35,0.55,0.2,7.0,5.4,cost_risk_heatmap
hybrid_support,Hybrid,high,8.561937716262976,8.599999999999998,8.561937716262976,5.132871972318339,5.4,8.599999999999998,-2.280000000000001,-5.0,3.0,0.65,0.0,0.32,5.0,1.8,1.6,12.0,5.0,1.0,0.8,0.8,1.4,0.45,0.35,0.2,0.35,0.55,0.2,7.0,5.4,cost_risk_heatmap
hybrid_support,Hybrid,high,8.471937716262977,8.599999999999998,8.471937716262977,5.101371972318339,5.4,8.599999999999998,-2.280000000000001,-5.0,3.0,0.65,0.2,0.32,5.0,1.8,1.6,12.0,5.0,1.0,0.8,0.8,1.4,0.45,0.35,0.2,0.35,0.55,0.2,7.0,5.4,cost_risk_heatmap
hybrid_support,Hybrid,high,8.381937716262977,8.599999999999998,8.381937716262977,5.06987197231834,5.4,8.599999999999998,-2.280000000000001,-5.0,3.0,0.65,0.4,0.32,5.0,1.8,1.6,12.0,5.0,1.0,0.8,0.8,1.4,0.45,0.35,0.2,0.35,0.55,0.2,7.0,5.4,cost_risk_heatmap
hybrid_support,Hybrid,high,8.291937716262977,8.599999999999998,8.291937716262977,5.038371972318339,5.4,8.599999999999998,-2.280000000000001,-5.0,3.0,0.65,0.6,0.32,5.0,1.8,1.6,12.0,5.0,1.0,0.8,0.8,1.4,0.45,0.35,0.2,0.35,0.55,0.2,7.0,5.4,cost_risk_heatmap
hybrid_support,Hybrid,high,8.201937716262977,8.599999999999998,8.201937716262977,5.006871972318339,5.4,8.599999999999998,-2.280000000000001,-5.0,3.0,0.65,0.8,0.32,5.0,1.8,1.6,12.0,5.0,1.0,0.8,0.8,1.4,0.45,0.35,0.2,0.35,0.55,0.2,7.0,5.4,cost_risk_heatmap
hybrid_support,Hybrid,high,8.111937716262977,8.599999999999998,8.111937716262977,4.97537197231834,5.4,8.599999999999998,-2.280000000000001,-5.0,3.0,0.65,1.0,0.32,5.0,1.8,1.6,12.0,5.0,1.0,0.8,0.8,1.4,0.45,0.35,0.2,0.35,0.55,0.2,7.0,5.4,cost_risk_heatmap
hybrid_support,Hybrid,high,8.021937716262977,8.599999999999998,8.021937716262977,4.943871972318339,5.4,8.599999999999998,-2.280000000000001,-5.0,3.0,0.65,1.2,0.32,5.0,1.8,1.6,12.0,5.0,1.0,0.8,0.8,1.4,0.45,0.35,0.2,0.35,0.55,0.2,7.0,5.4,cost_risk_heatmap
hybrid_support,Hybrid,high,7.9319377162629765,8.599999999999998,7.9319377162629765,4.912371972318339,5.4,8.599999999999998,-2.280000000000001,-5.0,3.0,0.65,1.4,0.32,5.0,1.8,1.6,12.0,5.0,1.0,0.8,0.8,1.4,0.45,0.35,0.2,0.35,0.55,0.2,7.0,5.4,cost_risk_heatmap
hybrid_support,Hybrid,high,7.841937716262977,8.599999999999998,7.841937716262977,4.88087197231834,5.4,8.599999999999998,-2.280000000000001,-5.0,3.0,0.65,1.6,0.32,5.0,1.8,1.6,12.0,5.0,1.0,0.8,0.8,1.4,0.45,0.35,0.2,0.35,0.55,0.2,7.0,5.4,cost_risk_heatmap
hybrid_support,Hybrid,high,7.751937716262977,8.599999999999998,7.751937716262977,4.849371972318339,5.4,8.599999999999998,-2.280000000000001,-5.0,3.0,0.65,1.8,0.32,5.0,1.8,1.6,12.0,5.0,1.0,0.8,0.8,1.4,0.45,0.35,0.2,0.35,0.55,0.2,7.0,5.4,cost_risk_heatmap
hybrid_support,Hybrid,high,7.661937716262976,8.599999999999998,7.661937716262976,4.81787197231834,5.4,8.599999999999998,-2.280000000000001,-5.0,3.0,0.65,2.0,0.32,5.0,1.8,1.6,12.0,5.0,1.0,0.8,0.8,1.4,0.45,0.35,0.2,0.35,0.55,0.2,7.0,5.4,cost_risk_heatmap
hybrid_support,Hybrid,high,7.571937716262976,8.599999999999998,7.571937716262976,4.7863719723183396,5.4,8.599999999999998,-2.280000000000001,-5.0,3.0,0.65,2.2,0.32,5.0,1.8,1.6,12.0,5.0,1.0,0.8,0.8,1.4,0.45,0.35,0.2,0.35,0.55,0.2,7.0,5.4,cost_risk_heatmap
hybrid_support,Hybrid,high,7.481937716262976,8.599999999999998,7.481937716262976,4.754871972318339,5.4,8.599999999999998,-2.280000000000001,-5.0,3.0,0.65,2.4,0.32,5.0,1.8,1.6,12.0,5.0,1.0,0.8,0.8,1.4,0.45,0.35,0.2,0.35,0.55,0.2,7.0,5.4,cost_risk_heatmap
hybrid_support,Hybrid,high,7.3919377162629765,8.599999999999998,7.3919377162629765,4.72337197231834,5.4,8.599999999999998,-2.280000000000001,-5.0,3.0,0.65,2.6,0.32,5.0,1.8,1.6,12.0,5.0,1.0,0.8,0.8,1.4,0.45,0.35,0.2,0.35,0.55,0.2,7.0,5.4,cost_risk_heatmap
hybrid_support,Hybrid,high,7.301937716262977,8.599999999999998,7.301937716262977,4.6918719723183395,5.4,8.599999999999998,-2.280000000000001,-5.0,3.0,0.65,2.8,0.32,5.0,1.8,1.6,12.0,5.0,1.0,0.8,0.8,1.4,0.45,0.35,0.2,0.35,0.55,0.2,7.0,5.4,cost_risk_heatmap
hybrid_support,Hybrid,high,7.211937716262977,8.599999999999998,7.211937716262977,4.660371972318339,5.4,8.599999999999998,-2.280000000000001,-5.0,3.0,0.65,3.0,0.32,5.0,1.8,1.6,12.0,5.0,1.0,0.8,0.8,1.4,0.45,0.35,0.2,0.35,0.55,0.2,7.0,5.4,cost_risk_heatmap
hybrid_support,Hybrid,high,7.121937716262977,8.599999999999998,7.121937716262977,4.62887197231834,5.4,8.599999999999998,-2.280000000000001,-5.0,3.0,0.65,3.2,0.32,5.0,1.8,1.6,12.0,5.0,1.0,0.8,0.8,1.4,0.45,0.35,0.2,0.35,0.55,0.2,7.0,5.4,cost_risk_heatmap
hybrid_support,Hybrid,high,7.031937716262977,8.599999999999998,7.031937716262977,4.5973719723183395,5.4,8.599999999999998,-2.280000000000001,-5.0,3.0,0.65,3.4,0.32,5.0,1.8,1.6,12.0,5.0,1.0,0.8,0.8,1.4,0.45,0.35,0.2,0.35,0.55,0.2,7.0,5.4,cost_risk_heatmap
hybrid_support,Hybrid,high,6.941937716262976,8.599999999999998,6.941937716262976,4.565871972318339,5.4,8.599999999999998,-2.280000000000001,-5.0,3.0,0.65,3.6,0.32,5.0,1.8,1.6,12.0,5.0,1.0,0.8,0.8,1.4,0.45,0.35,0.2,0.35,0.55,0.2,7.0,5.4,cost_risk_heatmap
hybrid_support,Hybrid,high,6.851937716262976,8.599999999999998,6.851937716262976,4.53437197231834,5.4,8.599999999999998,-2.280000000000001,-5.0,3.0,0.65,3.8,0.32,5.0,1.8,1.6,12.0,5.0,1.0,0.8,0.8,1.4,0.45,0.35,0.2,0.35,0.55,0.2,7.0,5.4,cost_risk_heatmap
hybrid_support,Hybrid,high,6.761937716262977,8.599999999999998,6.761937716262977,4.5028719723183395,5.4,8.599999999999998,-2.280000000000001,-5.0,3.0,0.65,4.0,0.32,5.0,1.8,1.6,12.0,5.0,1.0,0.8,0.8,1.4,0.45,0.35,0.2,0.35,0.55,0.2,7.0,5.4,cost_risk_heatmap
hybrid_support,Hybrid,high,8.446712802768168,8.599999999999998,8.446712802768168,5.081020761245675,5.4,8.599999999999998,-2.280000000000001,-5.0,3.333,0.65,0.0,0.32,5.0,1.8,1.6,12.0,5.0,1.0,0.8,0.8,1.4,0.45,0.35,0.2,0.35,0.55,0.2,7.0,5.4,cost_risk_heatmap
hybrid_support,Hybrid,high,8.356712802768168,8.599999999999998,8.356712802768168,5.049520761245675,5.4,8.599999999999998,-2.280000000000001,-5.0,3.333,0.65,0.2,0.32,5.0,1.8,1.6,12.0,5.0,1.0,0.8,0.8,1.4,0.45,0.35,0.2,0.35,0.55,0.2,7.0,5.4,cost_risk_heatmap
hybrid_support,Hybrid,high,8.266712802768168,8.599999999999998,8.266712802768168,5.018020761245675,5.4,8.599999999999998,-2.280000000000001,-5.0,3.333,0.65,0.4,0.32,5.0,1.8,1.6,12.0,5.0,1.0,0.8,0.8,1.4,0.45,0.35,0.2,0.35,0.55,0.2,7.0,5.4,cost_risk_heatmap
hybrid_support,Hybrid,high,8.176712802768169,8.599999999999998,8.176712802768169,4.986520761245675,5.4,8.599999999999998,-2.280000000000001,-5.0,3.333,0.65,0.6,0.32,5.0,1.8,1.6,12.0,5.0,1.0,0.8,0.8,1.4,0.45,0.35,0.2,0.35,0.55,0.2,7.0,5.4,cost_risk_heatmap
hybrid_support,Hybrid,high,8.086712802768169,8.599999999999998,8.086712802768169,4.955020761245675,5.4,8.599999999999998,-2.280000000000001,-5.0,3.333,0.65,0.8,0.32,5.0,1.8,1.6,12.0,5.0,1.0,0.8,0.8,1.4,0.45,0.35,0.2,0.35,0.55,0.2,7.0,5.4,cost_risk_heatmap
hybrid_support,Hybrid,high,7.996712802768168,8.599999999999998,7.996712802768168,4.923520761245675,5.4,8.599999999999998,-2.280000000000001,-5.0,3.333,0.65,1.0,0.32,5.0,1.8,1.6,12.0,5.0,1.0,0.8,0.8,1.4,0.45,0.35,0.2,0.35,0.55,0.2,7.0,5.4,cost_risk_heatmap
hybrid_support,Hybrid,high,7.906712802768168,8.599999999999998,7.906712802768168,4.892020761245675,5.4,8.599999999999998,-2.280000000000001,-5.0,3.333,0.65,1.2,0.32,5.0,1.8,1.6,12.0,5.0,1.0,0.8,0.8,1.4,0.45,0.35,0.2,0.35,0.55,0.2,7.0,5.4,cost_risk_heatmap
hybrid_support,Hybrid,high,7.816712802768168,8.599999999999998,7.816712802768168,4.860520761245675,5.4,8.599999999999998,-2.280000000000001,-5.0,3.333,0.65,1.4,0.32,5.0,1.8,1.6,12.0,5.0,1.0,0.8,0.8,1.4,0.45,0.35,0.2,0.35,0.55,0.2,7.0,5.4,cost_risk_heatmap
hybrid_support,Hybrid,high,7.726712802768168,8.599999999999998,7.726712802768168,4.829020761245675,5.4,8.599999999999998,-2.280000000000001,-5.0,3.333,0.65,1.6,0.32,5.0,1.8,1.6,12.0,5.0,1.0,0.8,0.8,1.4,0.45,0.35,0.2,0.35,0.55,0.2,7.0,5.4,cost_risk_heatmap
hybrid_support,Hybrid,high,7.6367128027681686,8.599999999999998,7.6367128027681686,4.797520761245675,5.4,8.599999999999998,-2.280000000000001,-5.0,3.333,0.65,1.8,0.32,5.0,1.8,1.6,12.0,5.0,1.0,0.8,0.8,1.4,0.45,0.35,0.2,0.35,0.55,0.2,7.0,5.4,cost_risk_heatmap
hybrid_support,Hybrid,high,7.546712802768168,8.599999999999998,7.546712802768168,4.7660207612456755,5.4,8.599999999999998,-2.280000000000001,-5.0,3.333,0.65,2.0,0.32,5.0,1.8,1.6,12.0,5.0,1.0,0.8,0.8,1.4,0.45,0.35,0.2,0.35,0.55,0.2,7.0,5.4,cost_risk_heatmap
hybrid_support,Hybrid,high,7.456712802768168,8.599999999999998,7.456712802768168,4.734520761245675,5.4,8.599999999999998,-2.280000000000001,-5.0,3.333,0.65,2.2,0.32,5.0,1.8,1.6,12.0,5.0,1.0,0.8,0.8,1.4,0.45,0.35,0.2,0.35,0.55,0.2,7.0,5.4,cost_risk_heatmap
hybrid_support,Hybrid,high,7.366712802768168,8.599999999999998,7.366712802768168,4.703020761245675,5.4,8.599999999999998,-2.280000000000001,-5.0,3.333,0.65,2.4,0.32,5.0,1.8,1.6,12.0,5.0,1.0,0.8,0.8,1.4,0.45,0.35,0.2,0.35,0.55,0.2,7.0,5.4,cost_risk_heatmap
hybrid_support,Hybrid,high,7.276712802768168,8.599999999999998,7.276712802768168,4.6715207612456755,5.4,8.599999999999998,-2.280000000000001,-5.0,3.333,0.65,2.6,0.32,5.0,1.8,1.6,12.0,5.0,1.0,0.8,0.8,1.4,0.45,0.35,0.2,0.35,0.55,0.2,7.0,5.4,cost_risk_heatmap
hybrid_support,Hybrid,high,7.186712802768168,8.599999999999998,7.186712802768168,4.640020761245675,5.4,8.599999999999998,-2.280000000000001,-5.0,3.333,0.65,2.8,0.32,5.0,1.8,1.6,12.0,5.0,1.0,0.8,0.8,1.4,0.45,0.35,0.2,0.35,0.55,0.2,7.0,5.4,cost_risk_heatmap
hybrid_support,Hybrid,high,7.0967128027681685,8.599999999999998,7.0967128027681685,4.608520761245675,5.4,8.599999999999998,-2.280000000000001,-5.0,3.333,0.65,3.0,0.32,5.0,1.8,1.6,12.0,5.0,1.0,0.8,0.8,1.4,0.45,0.35,0.2,0.35,0.55,0.2,7.0,5.4,cost_risk_heatmap
hybrid_support,Hybrid,high,7.006712802768169,8.599999999999998,7.006712802768169,4.5770207612456755,5.4,8.599999999999998,-2.280000000000001,-5.0,3.333,0.65,3.2,0.32,5.0,1.8,1.6,12.0,5.0,1.0,0.8,0.8,1.4,0.45,0.35,0.2,0.35,0.55,0.2,7.0,5.4,cost_risk_heatmap
hybrid_support,Hybrid,high,6.916712802768169,8.599999999999998,6.916712802768169,4.545520761245675,5.4,8.599999999999998,-2.280000000000001,-5.0,3.333,0.65,3.4,0.32,5.0,1.8,1.6,12.0,5.0,1.0,0.8,0.8,1.4,0.45,0.35,0.2,0.35,0.55,0.2,7.0,5.4,cost_risk_heatmap
hybrid_support,Hybrid,high,6.826712802768168,8.599999999999998,6.826712802768168,4.514020761245675,5.4,8.599999999999998,-2.280000000000001,-5.0,3.333,0.65,3.6,0.32,5.0,1.8,1.6,12.0,5.0,1.0,0.8,0.8,1.4,0.45,0.35,0.2,0.35,0.55,0.2,7.0,5.4,cost_risk_heatmap
hybrid_support,Hybrid,high,6.736712802768168,8.599999999999998,6.736712802768168,4.4825207612456754,5.4,8.599999999999998,-2.280000000000001,-5.0,3.333,0.65,3.8,0.32,5.0,1.8,1.6,12.0,5.0,1.0,0.8,0.8,1.4,0.45,0.35,0.2,0.35,0.55,0.2,7.0,5.4,cost_risk_heatmap
hybrid_support,Hybrid,high,6.646712802768168,8.599999999999998,6.646712802768168,4.451020761245675,5.4,8.599999999999998,-2.280000000000001,-5.0,3.333,0.65,4.0,0.32,5.0,1.8,1.6,12.0,5.0,1.0,0.8,0.8,1.4,0.45,0.35,0.2,0.35,0.55,0.2,7.0,5.4,cost_risk_heatmap
hybrid_support,Hybrid,high,8.331141868512113,8.599999999999998,8.331141868512113,5.02901384083045,5.4,8.599999999999998,-2.280000000000001,-5.0,3.667,0.65,0.0,0.32,5.0,1.8,1.6,12.0,5.0,1.0,0.8,0.8,1.4,0.45,0.35,0.2,0.35,0.55,0.2,7.0,5.4,cost_risk_heatmap
hybrid_support,Hybrid,high,8.241141868512113,8.599999999999998,8.241141868512113,4.997513840830449,5.4,8.599999999999998,-2.280000000000001,-5.0,3.667,0.65,0.2,0.32,5.0,1.8,1.6,12.0,5.0,1.0,0.8,0.8,1.4,0.45,0.35,0.2,0.35,0.55,0.2,7.0,5.4,cost_risk_heatmap
hybrid_support,Hybrid,high,8.151141868512113,8.599999999999998,8.151141868512113,4.96601384083045,5.4,8.599999999999998,-2.280000000000001,-5.0,3.667,0.65,0.4,0.32,5.0,1.8,1.6,12.0,5.0,1.0,0.8,0.8,1.4,0.45,0.35,0.2,0.35,0.55,0.2,7.0,5.4,cost_risk_heatmap
hybrid_support,Hybrid,high,8.061141868512113,8.599999999999998,8.061141868512113,4.93451384083045,5.4,8.599999999999998,-2.280000000000001,-5.0,3.667,0.65,0.6,0.32,5.0,1.8,1.6,12.0,5.0,1.0,0.8,0.8,1.4,0.45,0.35,0.2,0.35,0.55,0.2,7.0,5.4,cost_risk_heatmap
hybrid_support,Hybrid,high,7.971141868512112,8.599999999999998,7.971141868512112,4.903013840830449,5.4,8.599999999999998,-2.280000000000001,-5.0,3.667,0.65,0.8,0.32,5.0,1.8,1.6,12.0,5.0,1.0,0.8,0.8,1.4,0.45,0.35,0.2,0.35,0.55,0.2,7.0,5.4,cost_risk_heatmap
hybrid_support,Hybrid,high,7.881141868512112,8.599999999999998,7.881141868512112,4.87151384083045,5.4,8.599999999999998,-2.280000000000001,-5.0,3.667,0.65,1.0,0.32,5.0,1.8,1.6,12.0,5.0,1.0,0.8,0.8,1.4,0.45,0.35,0.2,0.35,0.55,0.2,7.0,5.4,cost_risk_heatmap
hybrid_support,Hybrid,high,7.7911418685121125,8.599999999999998,7.7911418685121125,4.84001384083045,5.4,8.599999999999998,-2.280000000000001,-5.0,3.667,0.65,1.2,0.32,5.0,1.8,1.6,12.0,5.0,1.0,0.8,0.8,1.4,0.45,0.35,0.2,0.35,0.55,0.2,7.0,5.4,cost_risk_heatmap
hybrid_support,Hybrid,high,7.701141868512113,8.599999999999998,7.701141868512113,4.808513840830449,5.4,8.599999999999998,-2.280000000000001,-5.0,3.667,0.65,1.4,0.32,5.0,1.8,1.6,12.0,5.0,1.0,0.8,0.8,1.4,0.45,0.35,0.2,0.35,0.55,0.2,7.0,5.4,cost_risk_heatmap
hybrid_support,Hybrid,high,7.611141868512113,8.599999999999998,7.611141868512113,4.77701384083045,5.4,8.599999999999998,-2.280000000000001,-5.0,3.667,0.65,1.6,0.32,5.0,1.8,1.6,12.0,5.0,1.0,0.8,0.8,1.4,0.45,0.35,0.2,0.35,0.55,0.2,7.0,5.4,cost_risk_heatmap
hybrid_support,Hybrid,high,7.521141868512113,8.599999999999998,7.521141868512113,4.74551384083045,5.4,8.599999999999998,-2.280000000000001,-5.0,3.667,0.65,1.8,0.32,5.0,1.8,1.6,12.0,5.0,1.0,0.8,0.8,1.4,0.45,0.35,0.2,0.35,0.55,0.2,7.0,5.4,cost_risk_heatmap
hybrid_support,Hybrid,high,7.431141868512112,8.599999999999998,7.431141868512112,4.71401384083045,5.4,8.599999999999998,-2.280000000000001,-5.0,3.667,0.65,2.0,0.32,5.0,1.8,1.6,12.0,5.0,1.0,0.8,0.8,1.4,0.45,0.35,0.2,0.35,0.55,0.2,7.0,5.4,cost_risk_heatmap
hybrid_support,Hybrid,high,7.341141868512112,8.599999999999998,7.341141868512112,4.68251384083045,5.4,8.599999999999998,-2.280000000000001,-5.0,3.667,0.65,2.2,0.32,5.0,1.8,1.6,12.0,5.0,1.0,0.8,0.8,1.4,0.45,0.35,0.2,0.35,0.55,0.2,7.0,5.4,cost_risk_heatmap
hybrid_support,Hybrid,high,7.2511418685121125,8.599999999999998,7.2511418685121125,4.6510138408304496,5.4,8.599999999999998,-2.280000000000001,-5.0,3.667,0.65,2.4,0.32,5.0,1.8,1.6,12.0,5.0,1.0,0.8,0.8,1.4,0.45,0.35,0.2,0.35,0.55,0.2,7.0,5.4,cost_risk_heatmap
hybrid_support,Hybrid,high,7.161141868512113,8.599999999999998,7.161141868512113,4.61951384083045,5.4,8.599999999999998,-2.280000000000001,-5.0,3.667,0.65,2.6,0.32,5.0,1.8,1.6,12.0,5.0,1.0,0.8,0.8,1.4,0.45,0.35,0.2,0.35,0.55,0.2,7.0,5.4,cost_risk_heatmap
hybrid_support,Hybrid,high,7.071141868512113,8.599999999999998,7.071141868512113,4.58801384083045,5.4,8.599999999999998,-2.280000000000001,-5.0,3.667,0.65,2.8,0.32,5.0,1.8,1.6,12.0,5.0,1.0,0.8,0.8,1.4,0.45,0.35,0.2,0.35,0.55,0.2,7.0,5.4,cost_risk_heatmap
hybrid_support,Hybrid,high,6.981141868512113,8.599999999999998,6.981141868512113,4.5565138408304495,5.4,8.599999999999998,-2.280000000000001,-5.0,3.667,0.65,3.0,0.32,5.0,1.8,1.6,12.0,5.0,1.0,0.8,0.8,1.4,0.45,0.35,0.2,0.35,0.55,0.2,7.0,5.4,cost_risk_heatmap
hybrid_support,Hybrid,high,6.891141868512113,8.599999999999998,6.891141868512113,4.52501384083045,5.4,8.599999999999998,-2.280000000000001,-5.0,3.667,0.65,3.2,0.32,5.0,1.8,1.6,12.0,5.0,1.0,0.8,0.8,1.4,0.45,0.35,0.2,0.35,0.55,0.2,7.0,5.4,cost_risk_heatmap
hybrid_support,Hybrid,high,6.801141868512113,8.599999999999998,6.801141868512113,4.49351384083045,5.4,8.599999999999998,-2.280000000000001,-5.0,3.667,0.65,3.4,0.32,5.0,1.8,1.6,12.0,5.0,1.0,0.8,0.8,1.4,0.45,0.35,0.2,0.35,0.55,0.2,7.0,5.4,cost_risk_heatmap
hybrid_support,Hybrid,high,6.7111418685121125,8.599999999999998,6.7111418685121125,4.4620138408304495,5.4,8.599999999999998,-2.280000000000001,-5.0,3.667,0.65,3.6,0.32,5.0,1.8,1.6,12.0,5.0,1.0,0.8,0.8,1.4,0.45,0.35,0.2,0.35,0.55,0.2,7.0,5.4,cost_risk_heatmap
hybrid_support,Hybrid,high,6.621141868512113,8.599999999999998,6.621141868512113,4.43051384083045,5.4,8.599999999999998,-2.280000000000001,-5.0,3.667,0.65,3.8,0.32,5.0,1.8,1.6,12.0,5.0,1.0,0.8,0.8,1.4,0.45,0.35,0.2,0.35,0.55,0.2,7.0,5.4,cost_risk_heatmap
hybrid_support,Hybrid,high,6.531141868512113,8.599999999999998,6.531141868512113,4.39901384083045,5.4,8.599999999999998,-2.280000000000001,-5.0,3.667,0.65,4.0,0.32,5.0,1.8,1.6,12.0,5.0,1.0,0.8,0.8,1.4,0.45,0.35,0.2,0.35,0.55,0.2,7.0,5.4,cost_risk_heatmap
hybrid_support,Hybrid,high,8.215916955017303,8.599999999999998,8.215916955017303,4.977162629757785,5.4,8.599999999999998,-2.280000000000001,-5.0,4.0,0.65,0.0,0.32,5.0,1.8,1.6,12.0,5.0,1.0,0.8,0.8,1.4,0.45,0.35,0.2,0.35,0.55,0.2,7.0,5.4,cost_risk_heatmap
hybrid_support,Hybrid,high,8.125916955017303,8.599999999999998,8.125916955017303,4.945662629757785,5.4,8.599999999999998,-2.280000000000001,-5.0,4.0,0.65,0.2,0.32,5.0,1.8,1.6,12.0,5.0,1.0,0.8,0.8,1.4,0.45,0.35,0.2,0.35,0.55,0.2,7.0,5.4,cost_risk_heatmap
hybrid_support,Hybrid,high,8.035916955017303,8.599999999999998,8.035916955017303,4.914162629757786,5.4,8.599999999999998,-2.280000000000001,-5.0,4.0,0.65,0.4,0.32,5.0,1.8,1.6,12.0,5.0,1.0,0.8,0.8,1.4,0.45,0.35,0.2,0.35,0.55,0.2,7.0,5.4,cost_risk_heatmap
hybrid_support,Hybrid,high,7.945916955017303,8.599999999999998,7.945916955017303,4.882662629757785,5.4,8.599999999999998,-2.280000000000001,-5.0,4.0,0.65,0.6,0.32,5.0,1.8,1.6,12.0,5.0,1.0,0.8,0.8,1.4,0.45,0.35,0.2,0.35,0.55,0.2,7.0,5.4,cost_risk_heatmap
hybrid_support,Hybrid,high,7.855916955017302,8.599999999999998,7.855916955017302,4.851162629757785,5.4,8.599999999999998,-2.280000000000001,-5.0,4.0,0.65,0.8,0.32,5.0,1.8,1.6,12.0,5.0,1.0,0.8,0.8,1.4,0.45,0.35,0.2,0.35,0.55,0.2,7.0,5.4,cost_risk_heatmap
hybrid_support,Hybrid,high,7.765916955017302,8.599999999999998,7.765916955017302,4.819662629757786,5.4,8.599999999999998,-2.280000000000001,-5.0,4.0,0.65,1.0,0.32,5.0,1.8,1.6,12.0,5.0,1.0,0.8,0.8,1.4,0.45,0.35,0.2,0.35,0.55,0.2,7.0,5.4,cost_risk_heatmap
hybrid_support,Hybrid,high,7.6759169550173025,8.599999999999998,7.6759169550173025,4.788162629757785,5.4,8.599999999999998,-2.280000000000001,-5.0,4.0,0.65,1.2,0.32,5.0,1.8,1.6,12.0,5.0,1.0,0.8,0.8,1.4,0.45,0.35,0.2,0.35,0.55,0.2,7.0,5.4,cost_risk_heatmap
hybrid_support,Hybrid,high,7.585916955017303,8.599999999999998,7.585916955017303,4.756662629757785,5.4,8.599999999999998,-2.280000000000001,-5.0,4.0,0.65,1.4,0.32,5.0,1.8,1.6,12.0,5.0,1.0,0.8,0.8,1.4,0.45,0.35,0.2,0.35,0.55,0.2,7.0,5.4,cost_risk_heatmap
hybrid_support,Hybrid,high,7.495916955017303,8.599999999999998,7.495916955017303,4.725162629757786,5.4,8.599999999999998,-2.280000000000001,-5.0,4.0,0.65,1.6,0.32,5.0,1.8,1.6,12.0,5.0,1.0,0.8,0.8,1.4,0.45,0.35,0.2,0.35,0.55,0.2,7.0,5.4,cost_risk_heatmap
hybrid_support,Hybrid,high,7.405916955017303,8.599999999999998,7.405916955017303,4.693662629757785,5.4,8.599999999999998,-2.280000000000001,-5.0,4.0,0.65,1.8,0.32,5.0,1.8,1.6,12.0,5.0,1.0,0.8,0.8,1.4,0.45,0.35,0.2,0.35,0.55,0.2,7.0,5.4,cost_risk_heatmap
hybrid_support,Hybrid,high,7.315916955017302,8.599999999999998,7.315916955017302,4.662162629757786,5.4,8.599999999999998,-2.280000000000001,-5.0,4.0,0.65,2.0,0.32,5.0,1.8,1.6,12.0,5.0,1.0,0.8,0.8,1.4,0.45,0.35,0.2,0.35,0.55,0.2,7.0,5.4,cost_risk_heatmap
hybrid_support,Hybrid,high,7.225916955017302,8.599999999999998,7.225916955017302,4.6306626297577855,5.4,8.599999999999998,-2.280000000000001,-5.0,4.0,0.65,2.2,0.32,5.0,1.8,1.6,12.0,5.0,1.0,0.8,0.8,1.4,0.45,0.35,0.2,0.35,0.55,0.2,7.0,5.4,cost_risk_heatmap
hybrid_support,Hybrid,high,7.1359169550173025,8.599999999999998,7.1359169550173025,4.599162629757785,5.4,8.599999999999998,-2.280000000000001,-5.0,4.0,0.65,2.4,0.32,5.0,1.8,1.6,12.0,5.0,1.0,0.8,0.8,1.4,0.45,0.35,0.2,0.35,0.55,0.2,7.0,5.4,cost_risk_heatmap
hybrid_support,Hybrid,high,7.045916955017303,8.599999999999998,7.045916955017303,4.567662629757786,5.4,8.599999999999998,-2.280000000000001,-5.0,4.0,0.65,2.6,0.32,5.0,1.8,1.6,12.0,5.0,1.0,0.8,0.8,1.4,0.45,0.35,0.2,0.35,0.55,0.2,7.0,5.4,cost_risk_heatmap
hybrid_support,Hybrid,high,6.955916955017303,8.599999999999998,6.955916955017303,4.5361626297577855,5.4,8.599999999999998,-2.280000000000001,-5.0,4.0,0.65,2.8,0.32,5.0,1.8,1.6,12.0,5.0,1.0,0.8,0.8,1.4,0.45,0.35,0.2,0.35,0.55,0.2,7.0,5.4,cost_risk_heatmap
hybrid_support,Hybrid,high,6.865916955017303,8.599999999999998,6.865916955017303,4.504662629757785,5.4,8.599999999999998,-2.280000000000001,-5.0,4.0,0.65,3.0,0.32,5.0,1.8,1.6,12.0,5.0,1.0,0.8,0.8,1.4,0.45,0.35,0.2,0.35,0.55,0.2,7.0,5.4,cost_risk_heatmap
hybrid_support,Hybrid,high,6.775916955017303,8.599999999999998,6.775916955017303,4.473162629757786,5.4,8.599999999999998,-2.280000000000001,-5.0,4.0,0.65,3.2,0.32,5.0,1.8,1.6,12.0,5.0,1.0,0.8,0.8,1.4,0.45,0.35,0.2,0.35,0.55,0.2,7.0,5.4,cost_risk_heatmap
hybrid_support,Hybrid,high,6.685916955017303,8.599999999999998,6.685916955017303,4.4416626297577855,5.4,8.599999999999998,-2.280000000000001,-5.0,4.0,0.65,3.4,0.32,5.0,1.8,1.6,12.0,5.0,1.0,0.8,0.8,1.4,0.45,0.35,0.2,0.35,0.55,0.2,7.0,5.4,cost_risk_heatmap
hybrid_support,Hybrid,high,6.5959169550173025,8.599999999999998,6.5959169550173025,4.410162629757785,5.4,8.599999999999998,-2.280000000000001,-5.0,4.0,0.65,3.6,0.32,5.0,1.8,1.6,12.0,5.0,1.0,0.8,0.8,1.4,0.45,0.35,0.2,0.35,0.55,0.2,7.0,5.4,cost_risk_heatmap
hybrid_support,Hybrid,high,6.505916955017303,8.599999999999998,6.505916955017303,4.378662629757786,5.4,8.599999999999998,-2.280000000000001,-5.0,4.0,0.65,3.8,0.32,5.0,1.8,1.6,12.0,5.0,1.0,0.8,0.8,1.4,0.45,0.35,0.2,0.35,0.55,0.2,7.0,5.4,cost_risk_heatmap
hybrid_support,Hybrid,high,6.415916955017303,8.599999999999998,6.415916955017303,4.3471626297577854,5.4,8.599999999999998,-2.280000000000001,-5.0,4.0,0.65,4.0,0.32,5.0,1.8,1.6,12.0,5.0,1.0,0.8,0.8,1.4,0.45,0.35,0.2,0.35,0.55,0.2,7.0,5.4,cost_risk_heatmap
hybrid_support,Hybrid,high,8.100692041522493,8.599999999999998,8.100692041522493,4.925311418685121,5.4,8.599999999999998,-2.280000000000001,-5.0,4.333,0.65,0.0,0.32,5.0,1.8,1.6,12.0,5.0,1.0,0.8,0.8,1.4,0.45,0.35,0.2,0.35,0.55,0.2,7.0,5.4,cost_risk_heatmap
hybrid_support,Hybrid,high,8.010692041522493,8.599999999999998,8.010692041522493,4.893811418685121,5.4,8.599999999999998,-2.280000000000001,-5.0,4.333,0.65,0.2,0.32,5.0,1.8,1.6,12.0,5.0,1.0,0.8,0.8,1.4,0.45,0.35,0.2,0.35,0.55,0.2,7.0,5.4,cost_risk_heatmap
hybrid_support,Hybrid,high,7.920692041522493,8.599999999999998,7.920692041522493,4.862311418685121,5.4,8.599999999999998,-2.280000000000001,-5.0,4.333,0.65,0.4,0.32,5.0,1.8,1.6,12.0,5.0,1.0,0.8,0.8,1.4,0.45,0.35,0.2,0.35,0.55,0.2,7.0,5.4,cost_risk_heatmap
hybrid_support,Hybrid,high,7.830692041522493,8.599999999999998,7.830692041522493,4.830811418685121,5.4,8.599999999999998,-2.280000000000001,-5.0,4.333,0.65,0.6,0.32,5.0,1.8,1.6,12.0,5.0,1.0,0.8,0.8,1.4,0.45,0.35,0.2,0.35,0.55,0.2,7.0,5.4,cost_risk_heatmap
hybrid_support,Hybrid,high,7.740692041522492,8.599999999999998,7.740692041522492,4.799311418685121,5.4,8.599999999999998,-2.280000000000001,-5.0,4.333,0.65,0.8,0.32,5.0,1.8,1.6,12.0,5.0,1.0,0.8,0.8,1.4,0.45,0.35,0.2,0.35,0.55,0.2,7.0,5.4,cost_risk_heatmap
hybrid_support,Hybrid,high,7.650692041522492,8.599999999999998,7.650692041522492,4.767811418685121,5.4,8.599999999999998,-2.280000000000001,-5.0,4.333,0.65,1.0,0.32,5.0,1.8,1.6,12.0,5.0,1.0,0.8,0.8,1.4,0.45,0.35,0.2,0.35,0.55,0.2,7.0,5.4,cost_risk_heatmap
hybrid_support,Hybrid,high,7.5606920415224925,8.599999999999998,7.5606920415224925,4.736311418685121,5.4,8.599999999999998,-2.280000000000001,-5.0,4.333,0.65,1.2,0.32,5.0,1.8,1.6,12.0,5.0,1.0,0.8,0.8,1.4,0.45,0.35,0.2,0.35,0.55,0.2,7.0,5.4,cost_risk_heatmap
hybrid_support,Hybrid,high,7.470692041522493,8.599999999999998,7.470692041522493,4.704811418685121,5.4,8.599999999999998,-2.280000000000001,-5.0,4.333,0.65,1.4,0.32,5.0,1.8,1.6,12.0,5.0,1.0,0.8,0.8,1.4,0.45,0.35,0.2,0.35,0.55,0.2,7.0,5.4,cost_risk_heatmap
hybrid_support,Hybrid,high,7.380692041522493,8.599999999999998,7.380692041522493,4.673311418685121,5.4,8.599999999999998,-2.280000000000001,-5.0,4.333,0.65,1.6,0.32,5.0,1.8,1.6,12.0,5.0,1.0,0.8,0.8,1.4,0.45,0.35,0.2,0.35,0.55,0.2,7.0,5.4,cost_risk_heatmap
hybrid_support,Hybrid,high,7.290692041522493,8.599999999999998,7.290692041522493,4.641811418685121,5.4,8.599999999999998,-2.280000000000001,-5.0,4.333,0.65,1.8,0.32,5.0,1.8,1.6,12.0,5.0,1.0,0.8,0.8,1.4,0.45,0.35,0.2,0.35,0.55,0.2,7.0,5.4,cost_risk_heatmap
hybrid_support,Hybrid,high,7.200692041522492,8.599999999999998,7.200692041522492,4.6103114186851215,5.4,8.599999999999998,-2.280000000000001,-5.0,4.333,0.65,2.0,0.32,5.0,1.8,1.6,12.0,5.0,1.0,0.8,0.8,1.4,0.45,0.35,0.2,0.35,0.55,0.2,7.0,5.4,cost_risk_heatmap
hybrid_support,Hybrid,high,7.110692041522492,8.599999999999998,7.110692041522492,4.578811418685121,5.4,8.599999999999998,-2.280000000000001,-5.0,4.333,0.65,2.2,0.32,5.0,1.8,1.6,12.0,5.0,1.0,0.8,0.8,1.4,0.45,0.35,0.2,0.35,0.55,0.2,7.0,5.4,cost_risk_heatmap
hybrid_support,Hybrid,high,7.0206920415224925,8.599999999999998,7.0206920415224925,4.547311418685121,5.4,8.599999999999998,-2.280000000000001,-5.0,4.333,0.65,2.4,0.32,5.0,1.8,1.6,12.0,5.0,1.0,0.8,0.8,1.4,0.45,0.35,0.2,0.35,0.55,0.2,7.0,5.4,cost_risk_heatmap
hybrid_support,Hybrid,high,6.930692041522493,8.599999999999998,6.930692041522493,4.5158114186851215,5.4,8.599999999999998,-2.280000000000001,-5.0,4.333,0.65,2.6,0.32,5.0,1.8,1.6,12.0,5.0,1.0,0.8,0.8,1.4,0.45,0.35,0.2,0.35,0.55,0.2,7.0,5.4,cost_risk_heatmap
hybrid_support,Hybrid,high,6.840692041522493,8.599999999999998,6.840692041522493,4.484311418685121,5.4,8.599999999999998,-2.280000000000001,-5.0,4.333,0.65,2.8,0.32,5.0,1.8,1.6,12.0,5.0,1.0,0.8,0.8,1.4,0.45,0.35,0.2,0.35,0.55,0.2,7.0,5.4,cost_risk_heatmap
hybrid_support,Hybrid,high,6.750692041522493,8.599999999999998,6.750692041522493,4.452811418685121,5.4,8.599999999999998,-2.280000000000001,-5.0,4.333,0.65,3.0,0.32,5.0,1.8,1.6,12.0,5.0,1.0,0.8,0.8,1.4,0.45,0.35,0.2,0.35,0.55,0.2,7.0,5.4,cost_risk_heatmap
hybrid_support,Hybrid,high,6.660692041522493,8.599999999999998,6.660692041522493,4.4213114186851215,5.4,8.599999999999998,-2.280000000000001,-5.0,4.333,0.65,3.2,0.32,5.0,1.8,1.6,12.0,5.0,1.0,0.8,0.8,1.4,0.45,0.35,0.2,0.35,0.55,0.2,7.0,5.4,cost_risk_heatmap
hybrid_support,Hybrid,high,6.570692041522493,8.599999999999998,6.570692041522493,4.389811418685121,5.4,8.599999999999998,-2.280000000000001,-5.0,4.333,0.65,3.4,0.32,5.0,1.8,1.6,12.0,5.0,1.0,0.8,0.8,1.4,0.45,0.35,0.2,0.35,0.55,0.2,7.0,5.4,cost_risk_heatmap
hybrid_support,Hybrid,high,6.4806920415224925,8.599999999999998,6.4806920415224925,4.358311418685121,5.4,8.599999999999998,-2.280000000000001,-5.0,4.333,0.65,3.6,0.32,5.0,1.8,1.6,12.0,5.0,1.0,0.8,0.8,1.4,0.45,0.35,0.2,0.35,0.55,0.2,7.0,5.4,cost_risk_heatmap
hybrid_support,Hybrid,high,6.390692041522493,8.599999999999998,6.390692041522493,4.326811418685121,5.4,8.599999999999998,-2.280000000000001,-5.0,4.333,0.65,3.8,0.32,5.0,1.8,1.6,12.0,5.0,1.0,0.8,0.8,1.4,0.45,0.35,0.2,0.35,0.55,0.2,7.0,5.4,cost_risk_heatmap
hybrid_support,Hybrid,high,6.300692041522493,8.599999999999998,6.300692041522493,4.295311418685121,5.4,8.599999999999998,-2.280000000000001,-5.0,4.333,0.65,4.0,0.32,5.0,1.8,1.6,12.0,5.0,1.0,0.8,0.8,1.4,0.45,0.35,0.2,0.35,0.55,0.2,7.0,5.4,cost_risk_heatmap
hybrid_support,Hybrid,high,7.985121107266437,8.599999999999998,7.985121107266437,4.873304498269896,5.4,8.599999999999998,-2.280000000000001,-5.0,4.667,0.65,0.0,0.32,5.0,1.8,1.6,12.0,5.0,1.0,0.8,0.8,1.4,0.45,0.35,0.2,0.35,0.55,0.2,7.0,5.4,cost_risk_heatmap
hybrid_support,Hybrid,high,7.895121107266437,8.599999999999998,7.895121107266437,4.841804498269895,5.4,8.599999999999998,-2.280000000000001,-5.0,4.667,0.65,0.2,0.32,5.0,1.8,1.6,12.0,5.0,1.0,0.8,0.8,1.4,0.45,0.35,0.2,0.35,0.55,0.2,7.0,5.4,cost_risk_heatmap
hybrid_support,Hybrid,high,7.805121107266437,8.599999999999998,7.805121107266437,4.810304498269896,5.4,8.599999999999998,-2.280000000000001,-5.0,4.667,0.65,0.4,0.32,5.0,1.8,1.6,12.0,5.0,1.0,0.8,0.8,1.4,0.45,0.35,0.2,0.35,0.55,0.2,7.0,5.4,cost_risk_heatmap
hybrid_support,Hybrid,high,7.715121107266437,8.599999999999998,7.715121107266437,4.778804498269896,5.4,8.599999999999998,-2.280000000000001,-5.0,4.667,0.65,0.6,0.32,5.0,1.8,1.6,12.0,5.0,1.0,0.8,0.8,1.4,0.45,0.35,0.2,0.35,0.55,0.2,7.0,5.4,cost_risk_heatmap
hybrid_support,Hybrid,high,7.625121107266437,8.599999999999998,7.625121107266437,4.747304498269895,5.4,8.599999999999998,-2.280000000000001,-5.0,4.667,0.65,0.8,0.32,5.0,1.8,1.6,12.0,5.0,1.0,0.8,0.8,1.4,0.45,0.35,0.2,0.35,0.55,0.2,7.0,5.4,cost_risk_heatmap
hybrid_support,Hybrid,high,7.535121107266437,8.599999999999998,7.535121107266437,4.715804498269896,5.4,8.599999999999998,-2.280000000000001,-5.0,4.667,0.65,1.0,0.32,5.0,1.8,1.6,12.0,5.0,1.0,0.8,0.8,1.4,0.45,0.35,0.2,0.35,0.55,0.2,7.0,5.4,cost_risk_heatmap
hybrid_support,Hybrid,high,7.445121107266437,8.599999999999998,7.445121107266437,4.684304498269896,5.4,8.599999999999998,-2.280000000000001,-5.0,4.667,0.65,1.2,0.32,5.0,1.8,1.6,12.0,5.0,1.0,0.8,0.8,1.4,0.45,0.35,0.2,0.35,0.55,0.2,7.0,5.4,cost_risk_heatmap
hybrid_support,Hybrid,high,7.355121107266437,8.599999999999998,7.355121107266437,4.652804498269895,5.4,8.599999999999998,-2.280000000000001,-5.0,4.667,0.65,1.4,0.32,5.0,1.8,1.6,12.0,5.0,1.0,0.8,0.8,1.4,0.45,0.35,0.2,0.35,0.55,0.2,7.0,5.4,cost_risk_heatmap
hybrid_support,Hybrid,high,7.265121107266437,8.599999999999998,7.265121107266437,4.621304498269896,5.4,8.599999999999998,-2.280000000000001,-5.0,4.667,0.65,1.6,0.32,5.0,1.8,1.6,12.0,5.0,1.0,0.8,0.8,1.4,0.45,0.35,0.2,0.35,0.55,0.2,7.0,5.4,cost_risk_heatmap
hybrid_support,Hybrid,high,7.175121107266437,8.599999999999998,7.175121107266437,4.589804498269896,5.4,8.599999999999998,-2.280000000000001,-5.0,4.667,0.65,1.8,0.32,5.0,1.8,1.6,12.0,5.0,1.0,0.8,0.8,1.4,0.45,0.35,0.2,0.35,0.55,0.2,7.0,5.4,cost_risk_heatmap
hybrid_support,Hybrid,high,7.085121107266437,8.599999999999998,7.085121107266437,4.558304498269896,5.4,8.599999999999998,-2.280000000000001,-5.0,4.667,0.65,2.0,0.32,5.0,1.8,1.6,12.0,5.0,1.0,0.8,0.8,1.4,0.45,0.35,0.2,0.35,0.55,0.2,7.0,5.4,cost_risk_heatmap
hybrid_support,Hybrid,high,6.995121107266437,8.599999999999998,6.995121107266437,4.526804498269896,5.4,8.599999999999998,-2.280000000000001,-5.0,4.667,0.65,2.2,0.32,5.0,1.8,1.6,12.0,5.0,1.0,0.8,0.8,1.4,0.45,0.35,0.2,0.35,0.55,0.2,7.0,5.4,cost_risk_heatmap
hybrid_support,Hybrid,high,6.905121107266437,8.599999999999998,6.905121107266437,4.4953044982698955,5.4,8.599999999999998,-2.280000000000001,-5.0,4.667,0.65,2.4,0.32,5.0,1.8,1.6,12.0,5.0,1.0,0.8,0.8,1.4,0.45,0.35,0.2,0.35,0.55,0.2,7.0,5.4,cost_risk_heatmap
hybrid_support,Hybrid,high,6.815121107266437,8.599999999999998,6.815121107266437,4.463804498269896,5.4,8.599999999999998,-2.280000000000001,-5.0,4.667,0.65,2.6,0.32,5.0,1.8,1.6,12.0,5.0,1.0,0.8,0.8,1.4,0.45,0.35,0.2,0.35,0.55,0.2,7.0,5.4,cost_risk_heatmap
hybrid_support,Hybrid,high,6.725121107266437,8.599999999999998,6.725121107266437,4.432304498269896,5.4,8.599999999999998,-2.280000000000001,-5.0,4.667,0.65,2.8,0.32,5.0,1.8,1.6,12.0,5.0,1.0,0.8,0.8,1.4,0.45,0.35,0.2,0.35,0.55,0.2,7.0,5.4,cost_risk_heatmap
hybrid_support,Hybrid,high,6.635121107266437,8.599999999999998,6.635121107266437,4.4008044982698955,5.4,8.599999999999998,-2.280000000000001,-5.0,4.667,0.65,3.0,0.32,5.0,1.8,1.6,12.0,5.0,1.0,0.8,0.8,1.4,0.45,0.35,0.2,0.35,0.55,0.2,7.0,5.4,cost_risk_heatmap
hybrid_support,Hybrid,high,6.5451211072664375,8.599999999999998,6.5451211072664375,4.369304498269896,5.4,8.599999999999998,-2.280000000000001,-5.0,4.667,0.65,3.2,0.32,5.0,1.8,1.6,12.0,5.0,1.0,0.8,0.8,1.4,0.45,0.35,0.2,0.35,0.55,0.2,7.0,5.4,cost_risk_heatmap
hybrid_support,Hybrid,high,6.455121107266438,8.599999999999998,6.455121107266438,4.337804498269896,5.4,8.599999999999998,-2.280000000000001,-5.0,4.667,0.65,3.4,0.32,5.0,1.8,1.6,12.0,5.0,1.0,0.8,0.8,1.4,0.45,0.35,0.2,0.35,0.55,0.2,7.0,5.4,cost_risk_heatmap
hybrid_support,Hybrid,high,6.365121107266437,8.599999999999998,6.365121107266437,4.3063044982698955,5.4,8.599999999999998,-2.280000000000001,-5.0,4.667,0.65,3.6,0.32,5.0,1.8,1.6,12.0,5.0,1.0,0.8,0.8,1.4,0.45,0.35,0.2,0.35,0.55,0.2,7.0,5.4,cost_risk_heatmap
hybrid_support,Hybrid,high,6.275121107266437,8.599999999999998,6.275121107266437,4.274804498269896,5.4,8.599999999999998,-2.280000000000001,-5.0,4.667,0.65,3.8,0.32,5.0,1.8,1.6,12.0,5.0,1.0,0.8,0.8,1.4,0.45,0.35,0.2,0.35,0.55,0.2,7.0,5.4,cost_risk_heatmap
hybrid_support,Hybrid,high,6.185121107266437,8.599999999999998,6.185121107266437,4.243304498269896,5.4,8.599999999999998,-2.280000000000001,-5.0,4.667,0.65,4.0,0.32,5.0,1.8,1.6,12.0,5.0,1.0,0.8,0.8,1.4,0.45,0.35,0.2,0.35,0.55,0.2,7.0,5.4,cost_risk_heatmap
hybrid_support,Hybrid,high,7.869896193771628,8.599999999999998,7.869896193771628,4.821453287197231,5.4,8.599999999999998,-2.280000000000001,-5.0,5.0,0.65,0.0,0.32,5.0,1.8,1.6,12.0,5.0,1.0,0.8,0.8,1.4,0.45,0.35,0.2,0.35,0.55,0.2,7.0,5.4,cost_risk_heatmap
hybrid_support,Hybrid,high,7.779896193771628,8.599999999999998,7.779896193771628,4.789953287197231,5.4,8.599999999999998,-2.280000000000001,-5.0,5.0,0.65,0.2,0.32,5.0,1.8,1.6,12.0,5.0,1.0,0.8,0.8,1.4,0.45,0.35,0.2,0.35,0.55,0.2,7.0,5.4,cost_risk_heatmap
hybrid_support,Hybrid,high,7.689896193771628,8.599999999999998,7.689896193771628,4.758453287197232,5.4,8.599999999999998,-2.280000000000001,-5.0,5.0,0.65,0.4,0.32,5.0,1.8,1.6,12.0,5.0,1.0,0.8,0.8,1.4,0.45,0.35,0.2,0.35,0.55,0.2,7.0,5.4,cost_risk_heatmap
hybrid_support,Hybrid,high,7.599896193771628,8.599999999999998,7.599896193771628,4.726953287197231,5.4,8.599999999999998,-2.280000000000001,-5.0,5.0,0.65,0.6,0.32,5.0,1.8,1.6,12.0,5.0,1.0,0.8,0.8,1.4,0.45,0.35,0.2,0.35,0.55,0.2,7.0,5.4,cost_risk_heatmap
hybrid_support,Hybrid,high,7.5098961937716275,8.599999999999998,7.5098961937716275,4.695453287197231,5.4,8.599999999999998,-2.280000000000001,-5.0,5.0,0.65,0.8,0.32,5.0,1.8,1.6,12.0,5.0,1.0,0.8,0.8,1.4,0.45,0.35,0.2,0.35,0.55,0.2,7.0,5.4,cost_risk_heatmap
hybrid_support,Hybrid,high,7.419896193771628,8.599999999999998,7.419896193771628,4.663953287197232,5.4,8.599999999999998,-2.280000000000001,-5.0,5.0,0.65,1.0,0.32,5.0,1.8,1.6,12.0,5.0,1.0,0.8,0.8,1.4,0.45,0.35,0.2,0.35,0.55,0.2,7.0,5.4,cost_risk_heatmap
hybrid_support,Hybrid,high,7.329896193771628,8.599999999999998,7.329896193771628,4.632453287197231,5.4,8.599999999999998,-2.280000000000001,-5.0,5.0,0.65,1.2,0.32,5.0,1.8,1.6,12.0,5.0,1.0,0.8,0.8,1.4,0.45,0.35,0.2,0.35,0.55,0.2,7.0,5.4,cost_risk_heatmap
hybrid_support,Hybrid,high,7.239896193771628,8.599999999999998,7.239896193771628,4.600953287197231,5.4,8.599999999999998,-2.280000000000001,-5.0,5.0,0.65,1.4,0.32,5.0,1.8,1.6,12.0,5.0,1.0,0.8,0.8,1.4,0.45,0.35,0.2,0.35,0.55,0.2,7.0,5.4,cost_risk_heatmap
hybrid_support,Hybrid,high,7.149896193771628,8.599999999999998,7.149896193771628,4.5694532871972315,5.4,8.599999999999998,-2.280000000000001,-5.0,5.0,0.65,1.6,0.32,5.0,1.8,1.6,12.0,5.0,1.0,0.8,0.8,1.4,0.45,0.35,0.2,0.35,0.55,0.2,7.0,5.4,cost_risk_heatmap
hybrid_support,Hybrid,high,7.059896193771628,8.599999999999998,7.059896193771628,4.537953287197231,5.4,8.599999999999998,-2.280000000000001,-5.0,5.0,0.65,1.8,0.32,5.0,1.8,1.6,12.0,5.0,1.0,0.8,0.8,1.4,0.45,0.35,0.2,0.35,0.55,0.2,7.0,5.4,cost_risk_heatmap
hybrid_support,Hybrid,high,6.969896193771628,8.599999999999998,6.969896193771628,4.506453287197232,5.4,8.599999999999998,-2.280000000000001,-5.0,5.0,0.65,2.0,0.32,5.0,1.8,1.6,12.0,5.0,1.0,0.8,0.8,1.4,0.45,0.35,0.2,0.35,0.55,0.2,7.0,5.4,cost_risk_heatmap
hybrid_support,Hybrid,high,6.879896193771628,8.599999999999998,6.879896193771628,4.4749532871972315,5.4,8.599999999999998,-2.280000000000001,-5.0,5.0,0.65,2.2,0.32,5.0,1.8,1.6,12.0,5.0,1.0,0.8,0.8,1.4,0.45,0.35,0.2,0.35,0.55,0.2,7.0,5.4,cost_risk_heatmap
hybrid_support,Hybrid,high,6.789896193771628,8.599999999999998,6.789896193771628,4.443453287197231,5.4,8.599999999999998,-2.280000000000001,-5.0,5.0,0.65,2.4,0.32,5.0,1.8,1.6,12.0,5.0,1.0,0.8,0.8,1.4,0.45,0.35,0.2,0.35,0.55,0.2,7.0,5.4,cost_risk_heatmap
hybrid_support,Hybrid,high,6.699896193771628,8.599999999999998,6.699896193771628,4.411953287197232,5.4,8.599999999999998,-2.280000000000001,-5.0,5.0,0.65,2.6,0.32,5.0,1.8,1.6,12.0,5.0,1.0,0.8,0.8,1.4,0.45,0.35,0.2,0.35,0.55,0.2,7.0,5.4,cost_risk_heatmap
hybrid_support,Hybrid,high,6.609896193771628,8.599999999999998,6.609896193771628,4.3804532871972315,5.4,8.599999999999998,-2.280000000000001,-5.0,5.0,0.65,2.8,0.32,5.0,1.8,1.6,12.0,5.0,1.0,0.8,0.8,1.4,0.45,0.35,0.2,0.35,0.55,0.2,7.0,5.4,cost_risk_heatmap
hybrid_support,Hybrid,high,6.519896193771628,8.599999999999998,6.519896193771628,4.348953287197231,5.4,8.599999999999998,-2.280000000000001,-5.0,5.0,0.65,3.0,0.32,5.0,1.8,1.6,12.0,5.0,1.0,0.8,0.8,1.4,0.45,0.35,0.2,0.35,0.55,0.2,7.0,5.4,cost_risk_heatmap
hybrid_support,Hybrid,high,6.4298961937716275,8.599999999999998,6.4298961937716275,4.317453287197232,5.4,8.599999999999998,-2.280000000000001,-5.0,5.0,0.65,3.2,0.32,5.0,1.8,1.6,12.0,5.0,1.0,0.8,0.8,1.4,0.45,0.35,0.2,0.35,0.55,0.2,7.0,5.4,cost_risk_heatmap
hybrid_support,Hybrid,high,6.339896193771628,8.599999999999998,6.339896193771628,4.2859532871972315,5.4,8.599999999999998,-2.280000000000001,-5.0,5.0,0.65,3.4,0.32,5.0,1.8,1.6,12.0,5.0,1.0,0.8,0.8,1.4,0.45,0.35,0.2,0.35,0.55,0.2,7.0,5.4,cost_risk_heatmap
hybrid_support,Hybrid,high,6.249896193771628,8.599999999999998,6.249896193771628,4.254453287197231,5.4,8.599999999999998,-2.280000000000001,-5.0,5.0,0.65,3.6,0.32,5.0,1.8,1.6,12.0,5.0,1.0,0.8,0.8,1.4,0.45,0.35,0.2,0.35,0.55,0.2,7.0,5.4,cost_risk_heatmap
hybrid_support,Hybrid,high,6.159896193771628,8.599999999999998,6.159896193771628,4.222953287197232,5.4,8.599999999999998,-2.280000000000001,-5.0,5.0,0.65,3.8,0.32,5.0,1.8,1.6,12.0,5.0,1.0,0.8,0.8,1.4,0.45,0.35,0.2,0.35,0.55,0.2,7.0,5.4,cost_risk_heatmap
hybrid_support,Hybrid,high,6.069896193771628,8.599999999999998,6.069896193771628,4.191453287197231,5.4,8.599999999999998,-2.280000000000001,-5.0,5.0,0.65,4.0,0.32,5.0,1.8,1.6,12.0,5.0,1.0,0.8,0.8,1.4,0.45,0.35,0.2,0.35,0.55,0.2,7.0,5.4,cost_risk_heatmap
hybrid_support,Hybrid,high,7.754671280276818,8.599999999999998,7.754671280276818,4.769602076124567,5.4,8.599999999999998,-2.280000000000001,-5.0,5.333,0.65,0.0,0.32,5.0,1.8,1.6,12.0,5.0,1.0,0.8,0.8,1.4,0.45,0.35,0.2,0.35,0.55,0.2,7.0,5.4,cost_risk_heatmap
hybrid_support,Hybrid,high,7.664671280276818,8.599999999999998,7.664671280276818,4.738102076124567,5.4,8.599999999999998,-2.280000000000001,-5.0,5.333,0.65,0.2,0.32,5.0,1.8,1.6,12.0,5.0,1.0,0.8,0.8,1.4,0.45,0.35,0.2,0.35,0.55,0.2,7.0,5.4,cost_risk_heatmap
hybrid_support,Hybrid,high,7.574671280276818,8.599999999999998,7.574671280276818,4.706602076124567,5.4,8.599999999999998,-2.280000000000001,-5.0,5.333,0.65,0.4,0.32,5.0,1.8,1.6,12.0,5.0,1.0,0.8,0.8,1.4,0.45,0.35,0.2,0.35,0.55,0.2,7.0,5.4,cost_risk_heatmap
hybrid_support,Hybrid,high,7.484671280276818,8.599999999999998,7.484671280276818,4.675102076124567,5.4,8.599999999999998,-2.280000000000001,-5.0,5.333,0.65,0.6,0.32,5.0,1.8,1.6,12.0,5.0,1.0,0.8,0.8,1.4,0.45,0.35,0.2,0.35,0.55,0.2,7.0,5.4,cost_risk_heatmap
hybrid_support,Hybrid,high,7.3946712802768175,8.599999999999998,7.3946712802768175,4.643602076124567,5.4,8.599999999999998,-2.280000000000001,-5.0,5.333,0.65,0.8,0.32,5.0,1.8,1.6,12.0,5.0,1.0,0.8,0.8,1.4,0.45,0.35,0.2,0.35,0.55,0.2,7.0,5.4,cost_risk_heatmap
hybrid_support,Hybrid,high,7.304671280276818,8.599999999999998,7.304671280276818,4.612102076124567,5.4,8.599999999999998,-2.280000000000001,-5.0,5.333,0.65,1.0,0.32,5.0,1.8,1.6,12.0,5.0,1.0,0.8,0.8,1.4,0.45,0.35,0.2,0.35,0.55,0.2,7.0,5.4,cost_risk_heatmap
hybrid_support,Hybrid,high,7.214671280276818,8.599999999999998,7.214671280276818,4.580602076124567,5.4,8.599999999999998,-2.280000000000001,-5.0,5.333,0.65,1.2,0.32,5.0,1.8,1.6,12.0,5.0,1.0,0.8,0.8,1.4,0.45,0.35,0.2,0.35,0.55,0.2,7.0,5.4,cost_risk_heatmap
hybrid_support,Hybrid,high,7.124671280276818,8.599999999999998,7.124671280276818,4.549102076124567,5.4,8.599999999999998,-2.280000000000001,-5.0,5.333,0.65,1.4,0.32,5.0,1.8,1.6,12.0,5.0,1.0,0.8,0.8,1.4,0.45,0.35,0.2,0.35,0.55,0.2,7.0,5.4,cost_risk_heatmap
hybrid_support,Hybrid,high,7.034671280276818,8.599999999999998,7.034671280276818,4.517602076124567,5.4,8.599999999999998,-2.280000000000001,-5.0,5.333,0.65,1.6,0.32,5.0,1.8,1.6,12.0,5.0,1.0,0.8,0.8,1.4,0.45,0.35,0.2,0.35,0.55,0.2,7.0,5.4,cost_risk_heatmap
hybrid_support,Hybrid,high,6.944671280276818,8.599999999999998,6.944671280276818,4.486102076124567,5.4,8.599999999999998,-2.280000000000001,-5.0,5.333,0.65,1.8,0.32,5.0,1.8,1.6,12.0,5.0,1.0,0.8,0.8,1.4,0.45,0.35,0.2,0.35,0.55,0.2,7.0,5.4,cost_risk_heatmap
hybrid_support,Hybrid,high,6.854671280276818,8.599999999999998,6.854671280276818,4.4546020761245675,5.4,8.599999999999998,-2.280000000000001,-5.0,5.333,0.65,2.0,0.32,5.0,1.8,1.6,12.0,5.0,1.0,0.8,0.8,1.4,0.45,0.35,0.2,0.35,0.55,0.2,7.0,5.4,cost_risk_heatmap
hybrid_support,Hybrid,high,6.764671280276818,8.599999999999998,6.764671280276818,4.423102076124567,5.4,8.599999999999998,-2.280000000000001,-5.0,5.333,0.65,2.2,0.32,5.0,1.8,1.6,12.0,5.0,1.0,0.8,0.8,1.4,0.45,0.35,0.2,0.35,0.55,0.2,7.0,5.4,cost_risk_heatmap
hybrid_support,Hybrid,high,6.674671280276818,8.599999999999998,6.674671280276818,4.391602076124567,5.4,8.599999999999998,-2.280000000000001,-5.0,5.333,0.65,2.4,0.32,5.0,1.8,1.6,12.0,5.0,1.0,0.8,0.8,1.4,0.45,0.35,0.2,0.35,0.55,0.2,7.0,5.4,cost_risk_heatmap
hybrid_support,Hybrid,high,6.584671280276818,8.599999999999998,6.584671280276818,4.3601020761245675,5.4,8.599999999999998,-2.280000000000001,-5.0,5.333,0.65,2.6,0.32,5.0,1.8,1.6,12.0,5.0,1.0,0.8,0.8,1.4,0.45,0.35,0.2,0.35,0.55,0.2,7.0,5.4,cost_risk_heatmap
hybrid_support,Hybrid,high,6.494671280276818,8.599999999999998,6.494671280276818,4.328602076124567,5.4,8.599999999999998,-2.280000000000001,-5.0,5.333,0.65,2.8,0.32,5.0,1.8,1.6,12.0,5.0,1.0,0.8,0.8,1.4,0.45,0.35,0.2,0.35,0.55,0.2,7.0,5.4,cost_risk_heatmap
hybrid_support,Hybrid,high,6.404671280276818,8.599999999999998,6.404671280276818,4.297102076124567,5.4,8.599999999999998,-2.280000000000001,-5.0,5.333,0.65,3.0,0.32,5.0,1.8,1.6,12.0,5.0,1.0,0.8,0.8,1.4,0.45,0.35,0.2,0.35,0.55,0.2,7.0,5.4,cost_risk_heatmap
hybrid_support,Hybrid,high,6.3146712802768175,8.599999999999998,6.3146712802768175,4.265602076124567,5.4,8.599999999999998,-2.280000000000001,-5.0,5.333,0.65,3.2,0.32,5.0,1.8,1.6,12.0,5.0,1.0,0.8,0.8,1.4,0.45,0.35,0.2,0.35,0.55,0.2,7.0,5.4,cost_risk_heatmap
hybrid_support,Hybrid,high,6.224671280276818,8.599999999999998,6.224671280276818,4.234102076124567,5.4,8.599999999999998,-2.280000000000001,-5.0,5.333,0.65,3.4,0.32,5.0,1.8,1.6,12.0,5.0,1.0,0.8,0.8,1.4,0.45,0.35,0.2,0.35,0.55,0.2,7.0,5.4,cost_risk_heatmap
hybrid_support,Hybrid,high,6.134671280276818,8.599999999999998,6.134671280276818,4.202602076124567,5.4,8.599999999999998,-2.280000000000001,-5.0,5.333,0.65,3.6,0.32,5.0,1.8,1.6,12.0,5.0,1.0,0.8,0.8,1.4,0.45,0.35,0.2,0.35,0.55,0.2,7.0,5.4,cost_risk_heatmap
hybrid_support,Hybrid,high,6.044671280276818,8.599999999999998,6.044671280276818,4.171102076124567,5.4,8.599999999999998,-2.280000000000001,-5.0,5.333,0.65,3.8,0.32,5.0,1.8,1.6,12.0,5.0,1.0,0.8,0.8,1.4,0.45,0.35,0.2,0.35,0.55,0.2,7.0,5.4,cost_risk_heatmap
hybrid_support,Hybrid,high,5.954671280276818,8.599999999999998,5.954671280276818,4.139602076124567,5.4,8.599999999999998,-2.280000000000001,-5.0,5.333,0.65,4.0,0.32,5.0,1.8,1.6,12.0,5.0,1.0,0.8,0.8,1.4,0.45,0.35,0.2,0.35,0.55,0.2,7.0,5.4,cost_risk_heatmap
hybrid_support,Hybrid,high,7.639100346020762,8.599999999999998,7.639100346020762,4.717595155709343,5.4,8.599999999999998,-2.280000000000001,-5.0,5.667,0.65,0.0,0.32,5.0,1.8,1.6,12.0,5.0,1.0,0.8,0.8,1.4,0.45,0.35,0.2,0.35,0.55,0.2,7.0,5.4,cost_risk_heatmap
hybrid_support,Hybrid,high,7.549100346020762,8.599999999999998,7.549100346020762,4.686095155709343,5.4,8.599999999999998,-2.280000000000001,-5.0,5.667,0.65,0.2,0.32,5.0,1.8,1.6,12.0,5.0,1.0,0.8,0.8,1.4,0.45,0.35,0.2,0.35,0.55,0.2,7.0,5.4,cost_risk_heatmap
hybrid_support,Hybrid,high,7.4591003460207626,8.599999999999998,7.4591003460207626,4.654595155709344,5.4,8.599999999999998,-2.280000000000001,-5.0,5.667,0.65,0.4,0.32,5.0,1.8,1.6,12.0,5.0,1.0,0.8,0.8,1.4,0.45,0.35,0.2,0.35,0.55,0.2,7.0,5.4,cost_risk_heatmap
hybrid_support,Hybrid,high,7.369100346020763,8.599999999999998,7.369100346020763,4.623095155709343,5.4,8.599999999999998,-2.280000000000001,-5.0,5.667,0.65,0.6,0.32,5.0,1.8,1.6,12.0,5.0,1.0,0.8,0.8,1.4,0.45,0.35,0.2,0.35,0.55,0.2,7.0,5.4,cost_risk_heatmap
hybrid_support,Hybrid,high,7.279100346020762,8.599999999999998,7.279100346020762,4.591595155709343,5.4,8.599999999999998,-2.280000000000001,-5.0,5.667,0.65,0.8,0.32,5.0,1.8,1.6,12.0,5.0,1.0,0.8,0.8,1.4,0.45,0.35,0.2,0.35,0.55,0.2,7.0,5.4,cost_risk_heatmap
hybrid_support,Hybrid,high,7.189100346020762,8.599999999999998,7.189100346020762,4.560095155709344,5.4,8.599999999999998,-2.280000000000001,-5.0,5.667,0.65,1.0,0.32,5.0,1.8,1.6,12.0,5.0,1.0,0.8,0.8,1.4,0.45,0.35,0.2,0.35,0.55,0.2,7.0,5.4,cost_risk_heatmap
hybrid_support,Hybrid,high,7.099100346020762,8.599999999999998,7.099100346020762,4.528595155709343,5.4,8.599999999999998,-2.280000000000001,-5.0,5.667,0.65,1.2,0.32,5.0,1.8,1.6,12.0,5.0,1.0,0.8,0.8,1.4,0.45,0.35,0.2,0.35,0.55,0.2,7.0,5.4,cost_risk_heatmap
hybrid_support,Hybrid,high,7.009100346020762,8.599999999999998,7.009100346020762,4.497095155709343,5.4,8.599999999999998,-2.280000000000001,-5.0,5.667,0.65,1.4,0.32,5.0,1.8,1.6,12.0,5.0,1.0,0.8,0.8,1.4,0.45,0.35,0.2,0.35,0.55,0.2,7.0,5.4,cost_risk_heatmap
hybrid_support,Hybrid,high,6.9191003460207625,8.599999999999998,6.9191003460207625,4.465595155709344,5.4,8.599999999999998,-2.280000000000001,-5.0,5.667,0.65,1.6,0.32,5.0,1.8,1.6,12.0,5.0,1.0,0.8,0.8,1.4,0.45,0.35,0.2,0.35,0.55,0.2,7.0,5.4,cost_risk_heatmap
hybrid_support,Hybrid,high,6.829100346020763,8.599999999999998,6.829100346020763,4.434095155709343,5.4,8.599999999999998,-2.280000000000001,-5.0,5.667,0.65,1.8,0.32,5.0,1.8,1.6,12.0,5.0,1.0,0.8,0.8,1.4,0.45,0.35,0.2,0.35,0.55,0.2,7.0,5.4,cost_risk_heatmap
hybrid_support,Hybrid,high,6.739100346020763,8.599999999999998,6.739100346020763,4.402595155709344,5.4,8.599999999999998,-2.280000000000001,-5.0,5.667,0.65,2.0,0.32,5.0,1.8,1.6,12.0,5.0,1.0,0.8,0.8,1.4,0.45,0.35,0.2,0.35,0.55,0.2,7.0,5.4,cost_risk_heatmap
hybrid_support,Hybrid,high,6.649100346020762,8.599999999999998,6.649100346020762,4.371095155709344,5.4,8.599999999999998,-2.280000000000001,-5.0,5.667,0.65,2.2,0.32,5.0,1.8,1.6,12.0,5.0,1.0,0.8,0.8,1.4,0.45,0.35,0.2,0.35,0.55,0.2,7.0,5.4,cost_risk_heatmap
hybrid_support,Hybrid,high,6.559100346020762,8.599999999999998,6.559100346020762,4.339595155709343,5.4,8.599999999999998,-2.280000000000001,-5.0,5.667,0.65,2.4,0.32,5.0,1.8,1.6,12.0,5.0,1.0,0.8,0.8,1.4,0.45,0.35,0.2,0.35,0.55,0.2,7.0,5.4,cost_risk_heatmap
hybrid_support,Hybrid,high,6.469100346020762,8.599999999999998,6.469100346020762,4.308095155709344,5.4,8.599999999999998,-2.280000000000001,-5.0,5.667,0.65,2.6,0.32,5.0,1.8,1.6,12.0,5.0,1.0,0.8,0.8,1.4,0.45,0.35,0.2,0.35,0.55,0.2,7.0,5.4,cost_risk_heatmap
hybrid_support,Hybrid,high,6.3791003460207625,8.599999999999998,6.3791003460207625,4.276595155709344,5.4,8.599999999999998,-2.280000000000001,-5.0,5.667,0.65,2.8,0.32,5.0,1.8,1.6,12.0,5.0,1.0,0.8,0.8,1.4,0.45,0.35,0.2,0.35,0.55,0.2,7.0,5.4,cost_risk_heatmap
hybrid_support,Hybrid,high,6.289100346020763,8.599999999999998,6.289100346020763,4.245095155709343,5.4,8.599999999999998,-2.280000000000001,-5.0,5.667,0.65,3.0,0.32,5.0,1.8,1.6,12.0,5.0,1.0,0.8,0.8,1.4,0.45,0.35,0.2,0.35,0.55,0.2,7.0,5.4,cost_risk_heatmap
hybrid_support,Hybrid,high,6.199100346020762,8.599999999999998,6.199100346020762,4.213595155709344,5.4,8.599999999999998,-2.280000000000001,-5.0,5.667,0.65,3.2,0.32,5.0,1.8,1.6,12.0,5.0,1.0,0.8,0.8,1.4,0.45,0.35,0.2,0.35,0.55,0.2,7.0,5.4,cost_risk_heatmap
hybrid_support,Hybrid,high,6.109100346020762,8.599999999999998,6.109100346020762,4.1820951557093435,5.4,8.599999999999998,-2.280000000000001,-5.0,5.667,0.65,3.4,0.32,5.0,1.8,1.6,12.0,5.0,1.0,0.8,0.8,1.4,0.45,0.35,0.2,0.35,0.55,0.2,7.0,5.4,cost_risk_heatmap
hybrid_support,Hybrid,high,6.019100346020762,8.599999999999998,6.019100346020762,4.150595155709343,5.4,8.599999999999998,-2.280000000000001,-5.0,5.667,0.65,3.6,0.32,5.0,1.8,1.6,12.0,5.0,1.0,0.8,0.8,1.4,0.45,0.35,0.2,0.35,0.55,0.2,7.0,5.4,cost_risk_heatmap
hybrid_support,Hybrid,high,5.929100346020762,8.599999999999998,5.929100346020762,4.119095155709344,5.4,8.599999999999998,-2.280000000000001,-5.0,5.667,0.65,3.8,0.32,5.0,1.8,1.6,12.0,5.0,1.0,0.8,0.8,1.4,0.45,0.35,0.2,0.35,0.55,0.2,7.0,5.4,cost_risk_heatmap
hybrid_support,Hybrid,high,5.8391003460207624,8.599999999999998,5.8391003460207624,4.0875951557093435,5.4,8.599999999999998,-2.280000000000001,-5.0,5.667,0.65,4.0,0.32,5.0,1.8,1.6,12.0,5.0,1.0,0.8,0.8,1.4,0.45,0.35,0.2,0.35,0.55,0.2,7.0,5.4,cost_risk_heatmap
hybrid_support,Hybrid,high,7.523875432525953,8.599999999999998,7.523875432525953,4.665743944636679,5.4,8.599999999999998,-2.280000000000001,-5.0,6.0,0.65,0.0,0.32,5.0,1.8,1.6,12.0,5.0,1.0,0.8,0.8,1.4,0.45,0.35,0.2,0.35,0.55,0.2,7.0,5.4,cost_risk_heatmap
hybrid_support,Hybrid,high,7.433875432525953,8.599999999999998,7.433875432525953,4.634243944636679,5.4,8.599999999999998,-2.280000000000001,-5.0,6.0,0.65,0.2,0.32,5.0,1.8,1.6,12.0,5.0,1.0,0.8,0.8,1.4,0.45,0.35,0.2,0.35,0.55,0.2,7.0,5.4,cost_risk_heatmap
hybrid_support,Hybrid,high,7.343875432525953,8.599999999999998,7.343875432525953,4.602743944636679,5.4,8.599999999999998,-2.280000000000001,-5.0,6.0,0.65,0.4,0.32,5.0,1.8,1.6,12.0,5.0,1.0,0.8,0.8,1.4,0.45,0.35,0.2,0.35,0.55,0.2,7.0,5.4,cost_risk_heatmap
hybrid_support,Hybrid,high,7.253875432525954,8.599999999999998,7.253875432525954,4.571243944636679,5.4,8.599999999999998,-2.280000000000001,-5.0,6.0,0.65,0.6,0.32,5.0,1.8,1.6,12.0,5.0,1.0,0.8,0.8,1.4,0.45,0.35,0.2,0.35,0.55,0.2,7.0,5.4,cost_risk_heatmap
hybrid_support,Hybrid,high,7.163875432525953,8.599999999999998,7.163875432525953,4.539743944636679,5.4,8.599999999999998,-2.280000000000001,-5.0,6.0,0.65,0.8,0.32,5.0,1.8,1.6,12.0,5.0,1.0,0.8,0.8,1.4,0.45,0.35,0.2,0.35,0.55,0.2,7.0,5.4,cost_risk_heatmap
hybrid_support,Hybrid,high,7.073875432525953,8.599999999999998,7.073875432525953,4.508243944636679,5.4,8.599999999999998,-2.280000000000001,-5.0,6.0,0.65,1.0,0.32,5.0,1.8,1.6,12.0,5.0,1.0,0.8,0.8,1.4,0.45,0.35,0.2,0.35,0.55,0.2,7.0,5.4,cost_risk_heatmap
hybrid_support,Hybrid,high,6.983875432525953,8.599999999999998,6.983875432525953,4.476743944636679,5.4,8.599999999999998,-2.280000000000001,-5.0,6.0,0.65,1.2,0.32,5.0,1.8,1.6,12.0,5.0,1.0,0.8,0.8,1.4,0.45,0.35,0.2,0.35,0.55,0.2,7.0,5.4,cost_risk_heatmap
hybrid_support,Hybrid,high,6.893875432525953,8.599999999999998,6.893875432525953,4.445243944636679,5.4,8.599999999999998,-2.280000000000001,-5.0,6.0,0.65,1.4,0.32,5.0,1.8,1.6,12.0,5.0,1.0,0.8,0.8,1.4,0.45,0.35,0.2,0.35,0.55,0.2,7.0,5.4,cost_risk_heatmap
hybrid_support,Hybrid,high,6.803875432525953,8.599999999999998,6.803875432525953,4.413743944636679,5.4,8.599999999999998,-2.280000000000001,-5.0,6.0,0.65,1.6,0.32,5.0,1.8,1.6,12.0,5.0,1.0,0.8,0.8,1.4,0.45,0.35,0.2,0.35,0.55,0.2,7.0,5.4,cost_risk_heatmap
hybrid_support,Hybrid,high,6.7138754325259535,8.599999999999998,6.7138754325259535,4.382243944636679,5.4,8.599999999999998,-2.280000000000001,-5.0,6.0,0.65,1.8,0.32,5.0,1.8,1.6,12.0,5.0,1.0,0.8,0.8,1.4,0.45,0.35,0.2,0.35,0.55,0.2,7.0,5.4,cost_risk_heatmap
hybrid_support,Hybrid,high,6.623875432525953,8.599999999999998,6.623875432525953,4.35074394463668,5.4,8.599999999999998,-2.280000000000001,-5.0,6.0,0.65,2.0,0.32,5.0,1.8,1.6,12.0,5.0,1.0,0.8,0.8,1.4,0.45,0.35,0.2,0.35,0.55,0.2,7.0,5.4,cost_risk_heatmap
hybrid_support,Hybrid,high,6.533875432525953,8.599999999999998,6.533875432525953,4.319243944636679,5.4,8.599999999999998,-2.280000000000001,-5.0,6.0,0.65,2.2,0.32,5.0,1.8,1.6,12.0,5.0,1.0,0.8,0.8,1.4,0.45,0.35,0.2,0.35,0.55,0.2,7.0,5.4,cost_risk_heatmap
hybrid_support,Hybrid,high,6.443875432525953,8.599999999999998,6.443875432525953,4.287743944636679,5.4,8.599999999999998,-2.280000000000001,-5.0,6.0,0.65,2.4,0.32,5.0,1.8,1.6,12.0,5.0,1.0,0.8,0.8,1.4,0.45,0.35,0.2,0.35,0.55,0.2,7.0,5.4,cost_risk_heatmap
hybrid_support,Hybrid,high,6.353875432525953,8.599999999999998,6.353875432525953,4.2562439446366795,5.4,8.599999999999998,-2.280000000000001,-5.0,6.0,0.65,2.6,0.32,5.0,1.8,1.6,12.0,5.0,1.0,0.8,0.8,1.4,0.45,0.35,0.2,0.35,0.55,0.2,7.0,5.4,cost_risk_heatmap
hybrid_support,Hybrid,high,6.263875432525953,8.599999999999998,6.263875432525953,4.224743944636679,5.4,8.599999999999998,-2.280000000000001,-5.0,6.0,0.65,2.8,0.32,5.0,1.8,1.6,12.0,5.0,1.0,0.8,0.8,1.4,0.45,0.35,0.2,0.35,0.55,0.2,7.0,5.4,cost_risk_heatmap
hybrid_support,Hybrid,high,6.1738754325259535,8.599999999999998,6.1738754325259535,4.193243944636679,5.4,8.599999999999998,-2.280000000000001,-5.0,6.0,0.65,3.0,0.32,5.0,1.8,1.6,12.0,5.0,1.0,0.8,0.8,1.4,0.45,0.35,0.2,0.35,0.55,0.2,7.0,5.4,cost_risk_heatmap
hybrid_support,Hybrid,high,6.083875432525954,8.599999999999998,6.083875432525954,4.1617439446366795,5.4,8.599999999999998,-2.280000000000001,-5.0,6.0,0.65,3.2,0.32,5.0,1.8,1.6,12.0,5.0,1.0,0.8,0.8,1.4,0.45,0.35,0.2,0.35,0.55,0.2,7.0,5.4,cost_risk_heatmap
hybrid_support,Hybrid,high,5.993875432525954,8.599999999999998,5.993875432525954,4.130243944636679,5.4,8.599999999999998,-2.280000000000001,-5.0,6.0,0.65,3.4,0.32,5.0,1.8,1.6,12.0,5.0,1.0,0.8,0.8,1.4,0.45,0.35,0.2,0.35,0.55,0.2,7.0,5.4,cost_risk_heatmap
hybrid_support,Hybrid,high,5.903875432525953,8.599999999999998,5.903875432525953,4.098743944636679,5.4,8.599999999999998,-2.280000000000001,-5.0,6.0,0.65,3.6,0.32,5.0,1.8,1.6,12.0,5.0,1.0,0.8,0.8,1.4,0.45,0.35,0.2,0.35,0.55,0.2,7.0,5.4,cost_risk_heatmap
hybrid_support,Hybrid,high,5.813875432525953,8.599999999999998,5.813875432525953,4.0672439446366795,5.4,8.599999999999998,-2.280000000000001,-5.0,6.0,0.65,3.8,0.32,5.0,1.8,1.6,12.0,5.0,1.0,0.8,0.8,1.4,0.45,0.35,0.2,0.35,0.55,0.2,7.0,5.4,cost_risk_heatmap
hybrid_support,Hybrid,high,5.723875432525953,8.599999999999998,5.723875432525953,4.035743944636679,5.4,8.599999999999998,-2.280000000000001,-5.0,6.0,0.65,4.0,0.32,5.0,1.8,1.6,12.0,5.0,1.0,0.8,0.8,1.4,0.45,0.35,0.2,0.35,0.55,0.2,7.0,5.4,cost_risk_heatmap
hybrid_support,Hybrid,high,7.408650519031143,8.599999999999998,7.408650519031143,4.613892733564015,5.4,8.599999999999998,-2.280000000000001,-5.0,6.333,0.65,0.0,0.32,5.0,1.8,1.6,12.0,5.0,1.0,0.8,0.8,1.4,0.45,0.35,0.2,0.35,0.55,0.2,7.0,5.4,cost_risk_heatmap
hybrid_support,Hybrid,high,7.318650519031143,8.599999999999998,7.318650519031143,4.582392733564014,5.4,8.599999999999998,-2.280000000000001,-5.0,6.333,0.65,0.2,0.32,5.0,1.8,1.6,12.0,5.0,1.0,0.8,0.8,1.4,0.45,0.35,0.2,0.35,0.55,0.2,7.0,5.4,cost_risk_heatmap
hybrid_support,Hybrid,high,7.228650519031143,8.599999999999998,7.228650519031143,4.550892733564015,5.4,8.599999999999998,-2.280000000000001,-5.0,6.333,0.65,0.4,0.32,5.0,1.8,1.6,12.0,5.0,1.0,0.8,0.8,1.4,0.45,0.35,0.2,0.35,0.55,0.2,7.0,5.4,cost_risk_heatmap
hybrid_support,Hybrid,high,7.138650519031144,8.599999999999998,7.138650519031144,4.519392733564015,5.4,8.599999999999998,-2.280000000000001,-5.0,6.333,0.65,0.6,0.32,5.0,1.8,1.6,12.0,5.0,1.0,0.8,0.8,1.4,0.45,0.35,0.2,0.35,0.55,0.2,7.0,5.4,cost_risk_heatmap
hybrid_support,Hybrid,high,7.048650519031143,8.599999999999998,7.048650519031143,4.487892733564014,5.4,8.599999999999998,-2.280000000000001,-5.0,6.333,0.65,0.8,0.32,5.0,1.8,1.6,12.0,5.0,1.0,0.8,0.8,1.4,0.45,0.35,0.2,0.35,0.55,0.2,7.0,5.4,cost_risk_heatmap
hybrid_support,Hybrid,high,6.958650519031143,8.599999999999998,6.958650519031143,4.456392733564015,5.4,8.599999999999998,-2.280000000000001,-5.0,6.333,0.65,1.0,0.32,5.0,1.8,1.6,12.0,5.0,1.0,0.8,0.8,1.4,0.45,0.35,0.2,0.35,0.55,0.2,7.0,5.4,cost_risk_heatmap
hybrid_support,Hybrid,high,6.868650519031143,8.599999999999998,6.868650519031143,4.424892733564015,5.4,8.599999999999998,-2.280000000000001,-5.0,6.333,0.65,1.2,0.32,5.0,1.8,1.6,12.0,5.0,1.0,0.8,0.8,1.4,0.45,0.35,0.2,0.35,0.55,0.2,7.0,5.4,cost_risk_heatmap
hybrid_support,Hybrid,high,6.778650519031143,8.599999999999998,6.778650519031143,4.393392733564014,5.4,8.599999999999998,-2.280000000000001,-5.0,6.333,0.65,1.4,0.32,5.0,1.8,1.6,12.0,5.0,1.0,0.8,0.8,1.4,0.45,0.35,0.2,0.35,0.55,0.2,7.0,5.4,cost_risk_heatmap
hybrid_support,Hybrid,high,6.688650519031143,8.599999999999998,6.688650519031143,4.361892733564015,5.4,8.599999999999998,-2.280000000000001,-5.0,6.333,0.65,1.6,0.32,5.0,1.8,1.6,12.0,5.0,1.0,0.8,0.8,1.4,0.45,0.35,0.2,0.35,0.55,0.2,7.0,5.4,cost_risk_heatmap
hybrid_support,Hybrid,high,6.5986505190311435,8.599999999999998,6.5986505190311435,4.330392733564015,5.4,8.599999999999998,-2.280000000000001,-5.0,6.333,0.65,1.8,0.32,5.0,1.8,1.6,12.0,5.0,1.0,0.8,0.8,1.4,0.45,0.35,0.2,0.35,0.55,0.2,7.0,5.4,cost_risk_heatmap
hybrid_support,Hybrid,high,6.508650519031143,8.599999999999998,6.508650519031143,4.298892733564015,5.4,8.599999999999998,-2.280000000000001,-5.0,6.333,0.65,2.0,0.32,5.0,1.8,1.6,12.0,5.0,1.0,0.8,0.8,1.4,0.45,0.35,0.2,0.35,0.55,0.2,7.0,5.4,cost_risk_heatmap
hybrid_support,Hybrid,high,6.418650519031143,8.599999999999998,6.418650519031143,4.267392733564015,5.4,8.599999999999998,-2.280000000000001,-5.0,6.333,0.65,2.2,0.32,5.0,1.8,1.6,12.0,5.0,1.0,0.8,0.8,1.4,0.45,0.35,0.2,0.35,0.55,0.2,7.0,5.4,cost_risk_heatmap
hybrid_support,Hybrid,high,6.328650519031143,8.599999999999998,6.328650519031143,4.235892733564015,5.4,8.599999999999998,-2.280000000000001,-5.0,6.333,0.65,2.4,0.32,5.0,1.8,1.6,12.0,5.0,1.0,0.8,0.8,1.4,0.45,0.35,0.2,0.35,0.55,0.2,7.0,5.4,cost_risk_heatmap
hybrid_support,Hybrid,high,6.238650519031143,8.599999999999998,6.238650519031143,4.204392733564015,5.4,8.599999999999998,-2.280000000000001,-5.0,6.333,0.65,2.6,0.32,5.0,1.8,1.6,12.0,5.0,1.0,0.8,0.8,1.4,0.45,0.35,0.2,0.35,0.55,0.2,7.0,5.4,cost_risk_heatmap
hybrid_support,Hybrid,high,6.148650519031143,8.599999999999998,6.148650519031143,4.172892733564015,5.4,8.599999999999998,-2.280000000000001,-5.0,6.333,0.65,2.8,0.32,5.0,1.8,1.6,12.0,5.0,1.0,0.8,0.8,1.4,0.45,0.35,0.2,0.35,0.55,0.2,7.0,5.4,cost_risk_heatmap
hybrid_support,Hybrid,high,6.0586505190311435,8.599999999999998,6.0586505190311435,4.141392733564015,5.4,8.599999999999998,-2.280000000000001,-5.0,6.333,0.65,3.0,0.32,5.0,1.8,1.6,12.0,5.0,1.0,0.8,0.8,1.4,0.45,0.35,0.2,0.35,0.55,0.2,7.0,5.4,cost_risk_heatmap
hybrid_support,Hybrid,high,5.968650519031144,8.599999999999998,5.968650519031144,4.109892733564015,5.4,8.599999999999998,-2.280000000000001,-5.0,6.333,0.65,3.2,0.32,5.0,1.8,1.6,12.0,5.0,1.0,0.8,0.8,1.4,0.45,0.35,0.2,0.35,0.55,0.2,7.0,5.4,cost_risk_heatmap
hybrid_support,Hybrid,high,5.878650519031144,8.599999999999998,5.878650519031144,4.078392733564015,5.4,8.599999999999998,-2.280000000000001,-5.0,6.333,0.65,3.4,0.32,5.0,1.8,1.6,12.0,5.0,1.0,0.8,0.8,1.4,0.45,0.35,0.2,0.35,0.55,0.2,7.0,5.4,cost_risk_heatmap
hybrid_support,Hybrid,high,5.788650519031143,8.599999999999998,5.788650519031143,4.046892733564015,5.4,8.599999999999998,-2.280000000000001,-5.0,6.333,0.65,3.6,0.32,5.0,1.8,1.6,12.0,5.0,1.0,0.8,0.8,1.4,0.45,0.35,0.2,0.35,0.55,0.2,7.0,5.4,cost_risk_heatmap
hybrid_support,Hybrid,high,5.698650519031143,8.599999999999998,5.698650519031143,4.015392733564015,5.4,8.599999999999998,-2.280000000000001,-5.0,6.333,0.65,3.8,0.32,5.0,1.8,1.6,12.0,5.0,1.0,0.8,0.8,1.4,0.45,0.35,0.2,0.35,0.55,0.2,7.0,5.4,cost_risk_heatmap
hybrid_support,Hybrid,high,5.608650519031143,8.599999999999998,5.608650519031143,3.983892733564015,5.4,8.599999999999998,-2.280000000000001,-5.0,6.333,0.65,4.0,0.32,5.0,1.8,1.6,12.0,5.0,1.0,0.8,0.8,1.4,0.45,0.35,0.2,0.35,0.55,0.2,7.0,5.4,cost_risk_heatmap
hybrid_support,Hybrid,high,7.2930795847750876,8.599999999999998,7.2930795847750876,4.561885813148789,5.4,8.599999999999998,-2.280000000000001,-5.0,6.667,0.65,0.0,0.32,5.0,1.8,1.6,12.0,5.0,1.0,0.8,0.8,1.4,0.45,0.35,0.2,0.35,0.55,0.2,7.0,5.4,cost_risk_heatmap
hybrid_support,Hybrid,high,7.203079584775088,8.599999999999998,7.203079584775088,4.530385813148789,5.4,8.599999999999998,-2.280000000000001,-5.0,6.667,0.65,0.2,0.32,5.0,1.8,1.6,12.0,5.0,1.0,0.8,0.8,1.4,0.45,0.35,0.2,0.35,0.55,0.2,7.0,5.4,cost_risk_heatmap
hybrid_support,Hybrid,high,7.113079584775088,8.599999999999998,7.113079584775088,4.49888581314879,5.4,8.599999999999998,-2.280000000000001,-5.0,6.667,0.65,0.4,0.32,5.0,1.8,1.6,12.0,5.0,1.0,0.8,0.8,1.4,0.45,0.35,0.2,0.35,0.55,0.2,7.0,5.4,cost_risk_heatmap
hybrid_support,Hybrid,high,7.023079584775088,8.599999999999998,7.023079584775088,4.467385813148789,5.4,8.599999999999998,-2.280000000000001,-5.0,6.667,0.65,0.6,0.32,5.0,1.8,1.6,12.0,5.0,1.0,0.8,0.8,1.4,0.45,0.35,0.2,0.35,0.55,0.2,7.0,5.4,cost_risk_heatmap
hybrid_support,Hybrid,high,6.933079584775087,8.599999999999998,6.933079584775087,4.435885813148789,5.4,8.599999999999998,-2.280000000000001,-5.0,6.667,0.65,0.8,0.32,5.0,1.8,1.6,12.0,5.0,1.0,0.8,0.8,1.4,0.45,0.35,0.2,0.35,0.55,0.2,7.0,5.4,cost_risk_heatmap
hybrid_support,Hybrid,high,6.843079584775087,8.599999999999998,6.843079584775087,4.40438581314879,5.4,8.599999999999998,-2.280000000000001,-5.0,6.667,0.65,1.0,0.32,5.0,1.8,1.6,12.0,5.0,1.0,0.8,0.8,1.4,0.45,0.35,0.2,0.35,0.55,0.2,7.0,5.4,cost_risk_heatmap
hybrid_support,Hybrid,high,6.7530795847750875,8.599999999999998,6.7530795847750875,4.372885813148789,5.4,8.599999999999998,-2.280000000000001,-5.0,6.667,0.65,1.2,0.32,5.0,1.8,1.6,12.0,5.0,1.0,0.8,0.8,1.4,0.45,0.35,0.2,0.35,0.55,0.2,7.0,5.4,cost_risk_heatmap
hybrid_support,Hybrid,high,6.663079584775088,8.599999999999998,6.663079584775088,4.341385813148789,5.4,8.599999999999998,-2.280000000000001,-5.0,6.667,0.65,1.4,0.32,5.0,1.8,1.6,12.0,5.0,1.0,0.8,0.8,1.4,0.45,0.35,0.2,0.35,0.55,0.2,7.0,5.4,cost_risk_heatmap
hybrid_support,Hybrid,high,6.573079584775088,8.599999999999998,6.573079584775088,4.30988581314879,5.4,8.599999999999998,-2.280000000000001,-5.0,6.667,0.65,1.6,0.32,5.0,1.8,1.6,12.0,5.0,1.0,0.8,0.8,1.4,0.45,0.35,0.2,0.35,0.55,0.2,7.0,5.4,cost_risk_heatmap
hybrid_support,Hybrid,high,6.483079584775088,8.599999999999998,6.483079584775088,4.278385813148789,5.4,8.599999999999998,-2.280000000000001,-5.0,6.667,0.65,1.8,0.32,5.0,1.8,1.6,12.0,5.0,1.0,0.8,0.8,1.4,0.45,0.35,0.2,0.35,0.55,0.2,7.0,5.4,cost_risk_heatmap
hybrid_support,Hybrid,high,6.393079584775087,8.599999999999998,6.393079584775087,4.24688581314879,5.4,8.599999999999998,-2.280000000000001,-5.0,6.667,0.65,2.0,0.32,5.0,1.8,1.6,12.0,5.0,1.0,0.8,0.8,1.4,0.45,0.35,0.2,0.35,0.55,0.2,7.0,5.4,cost_risk_heatmap
hybrid_support,Hybrid,high,6.303079584775087,8.599999999999998,6.303079584775087,4.21538581314879,5.4,8.599999999999998,-2.280000000000001,-5.0,6.667,0.65,2.2,0.32,5.0,1.8,1.6,12.0,5.0,1.0,0.8,0.8,1.4,0.45,0.35,0.2,0.35,0.55,0.2,7.0,5.4,cost_risk_heatmap
hybrid_support,Hybrid,high,6.2130795847750875,8.599999999999998,6.2130795847750875,4.183885813148789,5.4,8.599999999999998,-2.280000000000001,-5.0,6.667,0.65,2.4,0.32,5.0,1.8,1.6,12.0,5.0,1.0,0.8,0.8,1.4,0.45,0.35,0.2,0.35,0.55,0.2,7.0,5.4,cost_risk_heatmap
hybrid_support,Hybrid,high,6.123079584775088,8.599999999999998,6.123079584775088,4.15238581314879,5.4,8.599999999999998,-2.280000000000001,-5.0,6.667,0.65,2.6,0.32,5.0,1.8,1.6,12.0,5.0,1.0,0.8,0.8,1.4,0.45,0.35,0.2,0.35,0.55,0.2,7.0,5.4,cost_risk_heatmap
hybrid_support,Hybrid,high,6.033079584775088,8.599999999999998,6.033079584775088,4.1208858131487895,5.4,8.599999999999998,-2.280000000000001,-5.0,6.667,0.65,2.8,0.32,5.0,1.8,1.6,12.0,5.0,1.0,0.8,0.8,1.4,0.45,0.35,0.2,0.35,0.55,0.2,7.0,5.4,cost_risk_heatmap
hybrid_support,Hybrid,high,5.943079584775088,8.599999999999998,5.943079584775088,4.089385813148789,5.4,8.599999999999998,-2.280000000000001,-5.0,6.667,0.65,3.0,0.32,5.0,1.8,1.6,12.0,5.0,1.0,0.8,0.8,1.4,0.45,0.35,0.2,0.35,0.55,0.2,7.0,5.4,cost_risk_heatmap
hybrid_support,Hybrid,high,5.853079584775088,8.599999999999998,5.853079584775088,4.05788581314879,5.4,8.599999999999998,-2.280000000000001,-5.0,6.667,0.65,3.2,0.32,5.0,1.8,1.6,12.0,5.0,1.0,0.8,0.8,1.4,0.45,0.35,0.2,0.35,0.55,0.2,7.0,5.4,cost_risk_heatmap
hybrid_support,Hybrid,high,5.763079584775088,8.599999999999998,5.763079584775088,4.0263858131487895,5.4,8.599999999999998,-2.280000000000001,-5.0,6.667,0.65,3.4,0.32,5.0,1.8,1.6,12.0,5.0,1.0,0.8,0.8,1.4,0.45,0.35,0.2,0.35,0.55,0.2,7.0,5.4,cost_risk_heatmap
hybrid_support,Hybrid,high,5.6730795847750874,8.599999999999998,5.6730795847750874,3.994885813148789,5.4,8.599999999999998,-2.280000000000001,-5.0,6.667,0.65,3.6,0.32,5.0,1.8,1.6,12.0,5.0,1.0,0.8,0.8,1.4,0.45,0.35,0.2,0.35,0.55,0.2,7.0,5.4,cost_risk_heatmap
hybrid_support,Hybrid,high,5.583079584775088,8.599999999999998,5.583079584775088,3.9633858131487893,5.4,8.599999999999998,-2.280000000000001,-5.0,6.667,0.65,3.8,0.32,5.0,1.8,1.6,12.0,5.0,1.0,0.8,0.8,1.4,0.45,0.35,0.2,0.35,0.55,0.2,7.0,5.4,cost_risk_heatmap
hybrid_support,Hybrid,high,5.493079584775088,8.599999999999998,5.493079584775088,3.9318858131487895,5.4,8.599999999999998,-2.280000000000001,-5.0,6.667,0.65,4.0,0.32,5.0,1.8,1.6,12.0,5.0,1.0,0.8,0.8,1.4,0.45,0.35,0.2,0.35,0.55,0.2,7.0,5.4,cost_risk_heatmap
hybrid_support,Hybrid,high,7.1778546712802775,8.599999999999998,7.1778546712802775,4.510034602076125,5.4,8.599999999999998,-2.280000000000001,-5.0,7.0,0.65,0.0,0.32,5.0,1.8,1.6,12.0,5.0,1.0,0.8,0.8,1.4,0.45,0.35,0.2,0.35,0.55,0.2,7.0,5.4,cost_risk_heatmap
hybrid_support,Hybrid,high,7.087854671280278,8.599999999999998,7.087854671280278,4.478534602076125,5.4,8.599999999999998,-2.280000000000001,-5.0,7.0,0.65,0.2,0.32,5.0,1.8,1.6,12.0,5.0,1.0,0.8,0.8,1.4,0.45,0.35,0.2,0.35,0.55,0.2,7.0,5.4,cost_risk_heatmap
hybrid_support,Hybrid,high,6.997854671280278,8.599999999999998,6.997854671280278,4.447034602076125,5.4,8.599999999999998,-2.280000000000001,-5.0,7.0,0.65,0.4,0.32,5.0,1.8,1.6,12.0,5.0,1.0,0.8,0.8,1.4,0.45,0.35,0.2,0.35,0.55,0.2,7.0,5.4,cost_risk_heatmap
hybrid_support,Hybrid,high,6.907854671280278,8.599999999999998,6.907854671280278,4.415534602076125,5.4,8.599999999999998,-2.280000000000001,-5.0,7.0,0.65,0.6,0.32,5.0,1.8,1.6,12.0,5.0,1.0,0.8,0.8,1.4,0.45,0.35,0.2,0.35,0.55,0.2,7.0,5.4,cost_risk_heatmap
hybrid_support,Hybrid,high,6.817854671280277,8.599999999999998,6.817854671280277,4.384034602076125,5.4,8.599999999999998,-2.280000000000001,-5.0,7.0,0.65,0.8,0.32,5.0,1.8,1.6,12.0,5.0,1.0,0.8,0.8,1.4,0.45,0.35,0.2,0.35,0.55,0.2,7.0,5.4,cost_risk_heatmap
hybrid_support,Hybrid,high,6.727854671280277,8.599999999999998,6.727854671280277,4.352534602076125,5.4,8.599999999999998,-2.280000000000001,-5.0,7.0,0.65,1.0,0.32,5.0,1.8,1.6,12.0,5.0,1.0,0.8,0.8,1.4,0.45,0.35,0.2,0.35,0.55,0.2,7.0,5.4,cost_risk_heatmap
hybrid_support,Hybrid,high,6.6378546712802775,8.599999999999998,6.6378546712802775,4.321034602076125,5.4,8.599999999999998,-2.280000000000001,-5.0,7.0,0.65,1.2,0.32,5.0,1.8,1.6,12.0,5.0,1.0,0.8,0.8,1.4,0.45,0.35,0.2,0.35,0.55,0.2,7.0,5.4,cost_risk_heatmap
hybrid_support,Hybrid,high,6.547854671280278,8.599999999999998,6.547854671280278,4.289534602076125,5.4,8.599999999999998,-2.280000000000001,-5.0,7.0,0.65,1.4,0.32,5.0,1.8,1.6,12.0,5.0,1.0,0.8,0.8,1.4,0.45,0.35,0.2,0.35,0.55,0.2,7.0,5.4,cost_risk_heatmap
hybrid_support,Hybrid,high,6.457854671280278,8.599999999999998,6.457854671280278,4.258034602076125,5.4,8.599999999999998,-2.280000000000001,-5.0,7.0,0.65,1.6,0.32,5.0,1.8,1.6,12.0,5.0,1.0,0.8,0.8,1.4,0.45,0.35,0.2,0.35,0.55,0.2,7.0,5.4,cost_risk_heatmap
hybrid_support,Hybrid,high,6.367854671280278,8.599999999999998,6.367854671280278,4.226534602076125,5.4,8.599999999999998,-2.280000000000001,-5.0,7.0,0.65,1.8,0.32,5.0,1.8,1.6,12.0,5.0,1.0,0.8,0.8,1.4,0.45,0.35,0.2,0.35,0.55,0.2,7.0,5.4,cost_risk_heatmap
hybrid_support,Hybrid,high,6.277854671280277,8.599999999999998,6.277854671280277,4.1950346020761256,5.4,8.599999999999998,-2.280000000000001,-5.0,7.0,0.65,2.0,0.32,5.0,1.8,1.6,12.0,5.0,1.0,0.8,0.8,1.4,0.45,0.35,0.2,0.35,0.55,0.2,7.0,5.4,cost_risk_heatmap
hybrid_support,Hybrid,high,6.187854671280277,8.599999999999998,6.187854671280277,4.163534602076125,5.4,8.599999999999998,-2.280000000000001,-5.0,7.0,0.65,2.2,0.32,5.0,1.8,1.6,12.0,5.0,1.0,0.8,0.8,1.4,0.45,0.35,0.2,0.35,0.55,0.2,7.0,5.4,cost_risk_heatmap
hybrid_support,Hybrid,high,6.0978546712802775,8.599999999999998,6.0978546712802775,4.132034602076125,5.4,8.599999999999998,-2.280000000000001,-5.0,7.0,0.65,2.4,0.32,5.0,1.8,1.6,12.0,5.0,1.0,0.8,0.8,1.4,0.45,0.35,0.2,0.35,0.55,0.2,7.0,5.4,cost_risk_heatmap
hybrid_support,Hybrid,high,6.007854671280278,8.599999999999998,6.007854671280278,4.1005346020761255,5.4,8.599999999999998,-2.280000000000001,-5.0,7.0,0.65,2.6,0.32,5.0,1.8,1.6,12.0,5.0,1.0,0.8,0.8,1.4,0.45,0.35,0.2,0.35,0.55,0.2,7.0,5.4,cost_risk_heatmap
hybrid_support,Hybrid,high,5.917854671280278,8.599999999999998,5.917854671280278,4.069034602076125,5.4,8.599999999999998,-2.280000000000001,-5.0,7.0,0.65,2.8,0.32,5.0,1.8,1.6,12.0,5.0,1.0,0.8,0.8,1.4,0.45,0.35,0.2,0.35,0.55,0.2,7.0,5.4,cost_risk_heatmap
hybrid_support,Hybrid,high,5.827854671280278,8.599999999999998,5.827854671280278,4.037534602076125,5.4,8.599999999999998,-2.280000000000001,-5.0,7.0,0.65,3.0,0.32,5.0,1.8,1.6,12.0,5.0,1.0,0.8,0.8,1.4,0.45,0.35,0.2,0.35,0.55,0.2,7.0,5.4,cost_risk_heatmap
hybrid_support,Hybrid,high,5.737854671280278,8.599999999999998,5.737854671280278,4.0060346020761255,5.4,8.599999999999998,-2.280000000000001,-5.0,7.0,0.65,3.2,0.32,5.0,1.8,1.6,12.0,5.0,1.0,0.8,0.8,1.4,0.45,0.35,0.2,0.35,0.55,0.2,7.0,5.4,cost_risk_heatmap
hybrid_support,Hybrid,high,5.647854671280278,8.599999999999998,5.647854671280278,3.974534602076125,5.4,8.599999999999998,-2.280000000000001,-5.0,7.0,0.65,3.4,0.32,5.0,1.8,1.6,12.0,5.0,1.0,0.8,0.8,1.4,0.45,0.35,0.2,0.35,0.55,0.2,7.0,5.4,cost_risk_heatmap
hybrid_support,Hybrid,high,5.557854671280277,8.599999999999998,5.557854671280277,3.943034602076125,5.4,8.599999999999998,-2.280000000000001,-5.0,7.0,0.65,3.6,0.32,5.0,1.8,1.6,12.0,5.0,1.0,0.8,0.8,1.4,0.45,0.35,0.2,0.35,0.55,0.2,7.0,5.4,cost_risk_heatmap
hybrid_support,Hybrid,high,5.467854671280278,8.599999999999998,5.467854671280278,3.911534602076125,5.4,8.599999999999998,-2.280000000000001,-5.0,7.0,0.65,3.8,0.32,5.0,1.8,1.6,12.0,5.0,1.0,0.8,0.8,1.4,0.45,0.35,0.2,0.35,0.55,0.2,7.0,5.4,cost_risk_heatmap
hybrid_support,Hybrid,none,5.4,-5.0,5.377854671280278,3.880034602076125,5.4,8.599999999999998,-2.280000000000001,-5.0,7.0,0.65,4.0,0.32,5.0,1.8,1.6,12.0,5.0,1.0,0.8,0.8,1.4,0.45,0.35,0.2,0.35,0.55,0.2,7.0,5.4,cost_risk_heatmap
hybrid_support,Hybrid,high,7.062629757785468,8.599999999999998,7.062629757785468,4.458183391003461,5.4,8.599999999999998,-2.280000000000001,-5.0,7.333,0.65,0.0,0.32,5.0,1.8,1.6,12.0,5.0,1.0,0.8,0.8,1.4,0.45,0.35,0.2,0.35,0.55,0.2,7.0,5.4,cost_risk_heatmap
hybrid_support,Hybrid,high,6.972629757785469,8.599999999999998,6.972629757785469,4.42668339100346,5.4,8.599999999999998,-2.280000000000001,-5.0,7.333,0.65,0.2,0.32,5.0,1.8,1.6,12.0,5.0,1.0,0.8,0.8,1.4,0.45,0.35,0.2,0.35,0.55,0.2,7.0,5.4,cost_risk_heatmap
hybrid_support,Hybrid,high,6.882629757785469,8.599999999999998,6.882629757785469,4.395183391003461,5.4,8.599999999999998,-2.280000000000001,-5.0,7.333,0.65,0.4,0.32,5.0,1.8,1.6,12.0,5.0,1.0,0.8,0.8,1.4,0.45,0.35,0.2,0.35,0.55,0.2,7.0,5.4,cost_risk_heatmap
hybrid_support,Hybrid,high,6.792629757785469,8.599999999999998,6.792629757785469,4.363683391003461,5.4,8.599999999999998,-2.280000000000001,-5.0,7.333,0.65,0.6,0.32,5.0,1.8,1.6,12.0,5.0,1.0,0.8,0.8,1.4,0.45,0.35,0.2,0.35,0.55,0.2,7.0,5.4,cost_risk_heatmap
hybrid_support,Hybrid,high,6.702629757785468,8.599999999999998,6.702629757785468,4.33218339100346,5.4,8.599999999999998,-2.280000000000001,-5.0,7.333,0.65,0.8,0.32,5.0,1.8,1.6,12.0,5.0,1.0,0.8,0.8,1.4,0.45,0.35,0.2,0.35,0.55,0.2,7.0,5.4,cost_risk_heatmap
hybrid_support,Hybrid,high,6.612629757785468,8.599999999999998,6.612629757785468,4.300683391003461,5.4,8.599999999999998,-2.280000000000001,-5.0,7.333,0.65,1.0,0.32,5.0,1.8,1.6,12.0,5.0,1.0,0.8,0.8,1.4,0.45,0.35,0.2,0.35,0.55,0.2,7.0,5.4,cost_risk_heatmap
hybrid_support,Hybrid,high,6.522629757785468,8.599999999999998,6.522629757785468,4.269183391003461,5.4,8.599999999999998,-2.280000000000001,-5.0,7.333,0.65,1.2,0.32,5.0,1.8,1.6,12.0,5.0,1.0,0.8,0.8,1.4,0.45,0.35,0.2,0.35,0.55,0.2,7.0,5.4,cost_risk_heatmap
hybrid_support,Hybrid,high,6.4326297577854685,8.599999999999998,6.4326297577854685,4.23768339100346,5.4,8.599999999999998,-2.280000000000001,-5.0,7.333,0.65,1.4,0.32,5.0,1.8,1.6,12.0,5.0,1.0,0.8,0.8,1.4,0.45,0.35,0.2,0.35,0.55,0.2,7.0,5.4,cost_risk_heatmap
hybrid_support,Hybrid,high,6.342629757785469,8.599999999999998,6.342629757785469,4.206183391003461,5.4,8.599999999999998,-2.280000000000001,-5.0,7.333,0.65,1.6,0.32,5.0,1.8,1.6,12.0,5.0,1.0,0.8,0.8,1.4,0.45,0.35,0.2,0.35,0.55,0.2,7.0,5.4,cost_risk_heatmap
hybrid_support,Hybrid,high,6.252629757785469,8.599999999999998,6.252629757785469,4.174683391003461,5.4,8.599999999999998,-2.280000000000001,-5.0,7.333,0.65,1.8,0.32,5.0,1.8,1.6,12.0,5.0,1.0,0.8,0.8,1.4,0.45,0.35,0.2,0.35,0.55,0.2,7.0,5.4,cost_risk_heatmap
hybrid_support,Hybrid,high,6.162629757785469,8.599999999999998,6.162629757785469,4.143183391003461,5.4,8.599999999999998,-2.280000000000001,-5.0,7.333,0.65,2.0,0.32,5.0,1.8,1.6,12.0,5.0,1.0,0.8,0.8,1.4,0.45,0.35,0.2,0.35,0.55,0.2,7.0,5.4,cost_risk_heatmap
hybrid_support,Hybrid,high,6.072629757785468,8.599999999999998,6.072629757785468,4.111683391003461,5.4,8.599999999999998,-2.280000000000001,-5.0,7.333,0.65,2.2,0.32,5.0,1.8,1.6,12.0,5.0,1.0,0.8,0.8,1.4,0.45,0.35,0.2,0.35,0.55,0.2,7.0,5.4,cost_risk_heatmap
hybrid_support,Hybrid,high,5.982629757785468,8.599999999999998,5.982629757785468,4.080183391003461,5.4,8.599999999999998,-2.280000000000001,-5.0,7.333,0.65,2.4,0.32,5.0,1.8,1.6,12.0,5.0,1.0,0.8,0.8,1.4,0.45,0.35,0.2,0.35,0.55,0.2,7.0,5.4,cost_risk_heatmap
hybrid_support,Hybrid,high,5.8926297577854685,8.599999999999998,5.8926297577854685,4.048683391003461,5.4,8.599999999999998,-2.280000000000001,-5.0,7.333,0.65,2.6,0.32,5.0,1.8,1.6,12.0,5.0,1.0,0.8,0.8,1.4,0.45,0.35,0.2,0.35,0.55,0.2,7.0,5.4,cost_risk_heatmap
hybrid_support,Hybrid,high,5.802629757785469,8.599999999999998,5.802629757785469,4.017183391003461,5.4,8.599999999999998,-2.280000000000001,-5.0,7.333,0.65,2.8,0.32,5.0,1.8,1.6,12.0,5.0,1.0,0.8,0.8,1.4,0.45,0.35,0.2,0.35,0.55,0.2,7.0,5.4,cost_risk_heatmap
hybrid_support,Hybrid,high,5.712629757785469,8.599999999999998,5.712629757785469,3.9856833910034606,5.4,8.599999999999998,-2.280000000000001,-5.0,7.333,0.65,3.0,0.32,5.0,1.8,1.6,12.0,5.0,1.0,0.8,0.8,1.4,0.45,0.35,0.2,0.35,0.55,0.2,7.0,5.4,cost_risk_heatmap
hybrid_support,Hybrid,high,5.622629757785468,8.599999999999998,5.622629757785468,3.9541833910034607,5.4,8.599999999999998,-2.280000000000001,-5.0,7.333,0.65,3.2,0.32,5.0,1.8,1.6,12.0,5.0,1.0,0.8,0.8,1.4,0.45,0.35,0.2,0.35,0.55,0.2,7.0,5.4,cost_risk_heatmap
hybrid_support,Hybrid,high,5.532629757785468,8.599999999999998,5.532629757785468,3.922683391003461,5.4,8.599999999999998,-2.280000000000001,-5.0,7.333,0.65,3.4,0.32,5.0,1.8,1.6,12.0,5.0,1.0,0.8,0.8,1.4,0.45,0.35,0.2,0.35,0.55,0.2,7.0,5.4,cost_risk_heatmap
hybrid_support,Hybrid,high,5.442629757785468,8.599999999999998,5.442629757785468,3.8911833910034606,5.4,8.599999999999998,-2.280000000000001,-5.0,7.333,0.65,3.6,0.32,5.0,1.8,1.6,12.0,5.0,1.0,0.8,0.8,1.4,0.45,0.35,0.2,0.35,0.55,0.2,7.0,5.4,cost_risk_heatmap
hybrid_support,Hybrid,none,5.4,-5.0,5.3526297577854685,3.8596833910034607,5.4,8.599999999999998,-2.280000000000001,-5.0,7.333,0.65,3.8,0.32,5.0,1.8,1.6,12.0,5.0,1.0,0.8,0.8,1.4,0.45,0.35,0.2,0.35,0.55,0.2,7.0,5.4,cost_risk_heatmap
hybrid_support,Hybrid,none,5.4,-5.0,5.262629757785469,3.828183391003461,5.4,8.599999999999998,-2.280000000000001,-5.0,7.333,0.65,4.0,0.32,5.0,1.8,1.6,12.0,5.0,1.0,0.8,0.8,1.4,0.45,0.35,0.2,0.35,0.55,0.2,7.0,5.4,cost_risk_heatmap
hybrid_support,Hybrid,high,6.947058823529413,8.599999999999998,6.947058823529413,4.406176470588235,5.4,8.599999999999998,-2.280000000000001,-5.0,7.667,0.65,0.0,0.32,5.0,1.8,1.6,12.0,5.0,1.0,0.8,0.8,1.4,0.45,0.35,0.2,0.35,0.55,0.2,7.0,5.4,cost_risk_heatmap
hybrid_support,Hybrid,high,6.857058823529413,8.599999999999998,6.857058823529413,4.374676470588235,5.4,8.599999999999998,-2.280000000000001,-5.0,7.667,0.65,0.2,0.32,5.0,1.8,1.6,12.0,5.0,1.0,0.8,0.8,1.4,0.45,0.35,0.2,0.35,0.55,0.2,7.0,5.4,cost_risk_heatmap
hybrid_support,Hybrid,high,6.767058823529413,8.599999999999998,6.767058823529413,4.343176470588236,5.4,8.599999999999998,-2.280000000000001,-5.0,7.667,0.65,0.4,0.32,5.0,1.8,1.6,12.0,5.0,1.0,0.8,0.8,1.4,0.45,0.35,0.2,0.35,0.55,0.2,7.0,5.4,cost_risk_heatmap
hybrid_support,Hybrid,high,6.677058823529413,8.599999999999998,6.677058823529413,4.311676470588235,5.4,8.599999999999998,-2.280000000000001,-5.0,7.667,0.65,0.6,0.32,5.0,1.8,1.6,12.0,5.0,1.0,0.8,0.8,1.4,0.45,0.35,0.2,0.35,0.55,0.2,7.0,5.4,cost_risk_heatmap
hybrid_support,Hybrid,high,6.5870588235294125,8.599999999999998,6.5870588235294125,4.280176470588235,5.4,8.599999999999998,-2.280000000000001,-5.0,7.667,0.65,0.8,0.32,5.0,1.8,1.6,12.0,5.0,1.0,0.8,0.8,1.4,0.45,0.35,0.2,0.35,0.55,0.2,7.0,5.4,cost_risk_heatmap
hybrid_support,Hybrid,high,6.497058823529413,8.599999999999998,6.497058823529413,4.248676470588236,5.4,8.599999999999998,-2.280000000000001,-5.0,7.667,0.65,1.0,0.32,5.0,1.8,1.6,12.0,5.0,1.0,0.8,0.8,1.4,0.45,0.35,0.2,0.35,0.55,0.2,7.0,5.4,cost_risk_heatmap
hybrid_support,Hybrid,high,6.407058823529413,8.599999999999998,6.407058823529413,4.217176470588235,5.4,8.599999999999998,-2.280000000000001,-5.0,7.667,0.65,1.2,0.32,5.0,1.8,1.6,12.0,5.0,1.0,0.8,0.8,1.4,0.45,0.35,0.2,0.35,0.55,0.2,7.0,5.4,cost_risk_heatmap
hybrid_support,Hybrid,high,6.317058823529413,8.599999999999998,6.317058823529413,4.185676470588235,5.4,8.599999999999998,-2.280000000000001,-5.0,7.667,0.65,1.4,0.32,5.0,1.8,1.6,12.0,5.0,1.0,0.8,0.8,1.4,0.45,0.35,0.2,0.35,0.55,0.2,7.0,5.4,cost_risk_heatmap
hybrid_support,Hybrid,high,6.227058823529413,8.599999999999998,6.227058823529413,4.154176470588236,5.4,8.599999999999998,-2.280000000000001,-5.0,7.667,0.65,1.6,0.32,5.0,1.8,1.6,12.0,5.0,1.0,0.8,0.8,1.4,0.45,0.35,0.2,0.35,0.55,0.2,7.0,5.4,cost_risk_heatmap
hybrid_support,Hybrid,high,6.137058823529413,8.599999999999998,6.137058823529413,4.122676470588235,5.4,8.599999999999998,-2.280000000000001,-5.0,7.667,0.65,1.8,0.32,5.0,1.8,1.6,12.0,5.0,1.0,0.8,0.8,1.4,0.45,0.35,0.2,0.35,0.55,0.2,7.0,5.4,cost_risk_heatmap
hybrid_support,Hybrid,high,6.047058823529413,8.599999999999998,6.047058823529413,4.091176470588236,5.4,8.599999999999998,-2.280000000000001,-5.0,7.667,0.65,2.0,0.32,5.0,1.8,1.6,12.0,5.0,1.0,0.8,0.8,1.4,0.45,0.35,0.2,0.35,0.55,0.2,7.0,5.4,cost_risk_heatmap
hybrid_support,Hybrid,high,5.957058823529413,8.599999999999998,5.957058823529413,4.0596764705882356,5.4,8.599999999999998,-2.280000000000001,-5.0,7.667,0.65,2.2,0.32,5.0,1.8,1.6,12.0,5.0,1.0,0.8,0.8,1.4,0.45,0.35,0.2,0.35,0.55,0.2,7.0,5.4,cost_risk_heatmap
hybrid_support,Hybrid,high,5.867058823529413,8.599999999999998,5.867058823529413,4.028176470588235,5.4,8.599999999999998,-2.280000000000001,-5.0,7.667,0.65,2.4,0.32,5.0,1.8,1.6,12.0,5.0,1.0,0.8,0.8,1.4,0.45,0.35,0.2,0.35,0.55,0.2,7.0,5.4,cost_risk_heatmap
hybrid_support,Hybrid,high,5.777058823529413,8.599999999999998,5.777058823529413,3.9966764705882354,5.4,8.599999999999998,-2.280000000000001,-5.0,7.667,0.65,2.6,0.32,5.0,1.8,1.6,12.0,5.0,1.0,0.8,0.8,1.4,0.45,0.35,0.2,0.35,0.55,0.2,7.0,5.4,cost_risk_heatmap
hybrid_support,Hybrid,high,5.687058823529413,8.599999999999998,5.687058823529413,3.9651764705882355,5.4,8.599999999999998,-2.280000000000001,-5.0,7.667,0.65,2.8,0.32,5.0,1.8,1.6,12.0,5.0,1.0,0.8,0.8,1.4,0.45,0.35,0.2,0.35,0.55,0.2,7.0,5.4,cost_risk_heatmap
hybrid_support,Hybrid,high,5.597058823529413,8.599999999999998,5.597058823529413,3.933676470588235,5.4,8.599999999999998,-2.280000000000001,-5.0,7.667,0.65,3.0,0.32,5.0,1.8,1.6,12.0,5.0,1.0,0.8,0.8,1.4,0.45,0.35,0.2,0.35,0.55,0.2,7.0,5.4,cost_risk_heatmap
hybrid_support,Hybrid,high,5.5070588235294125,8.599999999999998,5.5070588235294125,3.9021764705882354,5.4,8.599999999999998,-2.280000000000001,-5.0,7.667,0.65,3.2,0.32,5.0,1.8,1.6,12.0,5.0,1.0,0.8,0.8,1.4,0.45,0.35,0.2,0.35,0.55,0.2,7.0,5.4,cost_risk_heatmap
hybrid_support,Hybrid,high,5.417058823529413,8.599999999999998,5.417058823529413,3.8706764705882355,5.4,8.599999999999998,-2.280000000000001,-5.0,7.667,0.65,3.4,0.32,5.0,1.8,1.6,12.0,5.0,1.0,0.8,0.8,1.4,0.45,0.35,0.2,0.35,0.55,0.2,7.0,5.4,cost_risk_heatmap
hybrid_support,Hybrid,none,5.4,-5.0,5.327058823529413,3.839176470588235,5.4,8.599999999999998,-2.280000000000001,-5.0,7.667,0.65,3.6,0.32,5.0,1.8,1.6,12.0,5.0,1.0,0.8,0.8,1.4,0.45,0.35,0.2,0.35,0.55,0.2,7.0,5.4,cost_risk_heatmap
hybrid_support,Hybrid,none,5.4,-5.0,5.237058823529413,3.8076764705882353,5.4,8.599999999999998,-2.280000000000001,-5.0,7.667,0.65,3.8,0.32,5.0,1.8,1.6,12.0,5.0,1.0,0.8,0.8,1.4,0.45,0.35,0.2,0.35,0.55,0.2,7.0,5.4,cost_risk_heatmap
hybrid_support,Hybrid,none,5.4,-5.0,5.147058823529413,3.7761764705882355,5.4,8.599999999999998,-2.280000000000001,-5.0,7.667,0.65,4.0,0.32,5.0,1.8,1.6,12.0,5.0,1.0,0.8,0.8,1.4,0.45,0.35,0.2,0.35,0.55,0.2,7.0,5.4,cost_risk_heatmap
hybrid_support,Hybrid,high,6.831833910034604,8.599999999999998,6.831833910034604,4.354325259515571,5.4,8.599999999999998,-2.280000000000001,-5.0,8.0,0.65,0.0,0.32,5.0,1.8,1.6,12.0,5.0,1.0,0.8,0.8,1.4,0.45,0.35,0.2,0.35,0.55,0.2,7.0,5.4,cost_risk_heatmap
hybrid_support,Hybrid,high,6.741833910034604,8.599999999999998,6.741833910034604,4.322825259515571,5.4,8.599999999999998,-2.280000000000001,-5.0,8.0,0.65,0.2,0.32,5.0,1.8,1.6,12.0,5.0,1.0,0.8,0.8,1.4,0.45,0.35,0.2,0.35,0.55,0.2,7.0,5.4,cost_risk_heatmap
hybrid_support,Hybrid,high,6.651833910034604,8.599999999999998,6.651833910034604,4.291325259515571,5.4,8.599999999999998,-2.280000000000001,-5.0,8.0,0.65,0.4,0.32,5.0,1.8,1.6,12.0,5.0,1.0,0.8,0.8,1.4,0.45,0.35,0.2,0.35,0.55,0.2,7.0,5.4,cost_risk_heatmap
hybrid_support,Hybrid,high,6.561833910034604,8.599999999999998,6.561833910034604,4.259825259515571,5.4,8.599999999999998,-2.280000000000001,-5.0,8.0,0.65,0.6,0.32,5.0,1.8,1.6,12.0,5.0,1.0,0.8,0.8,1.4,0.45,0.35,0.2,0.35,0.55,0.2,7.0,5.4,cost_risk_heatmap
hybrid_support,Hybrid,high,6.471833910034603,8.599999999999998,6.471833910034603,4.228325259515571,5.4,8.599999999999998,-2.280000000000001,-5.0,8.0,0.65,0.8,0.32,5.0,1.8,1.6,12.0,5.0,1.0,0.8,0.8,1.4,0.45,0.35,0.2,0.35,0.55,0.2,7.0,5.4,cost_risk_heatmap
hybrid_support,Hybrid,high,6.3818339100346035,8.599999999999998,6.3818339100346035,4.196825259515571,5.4,8.599999999999998,-2.280000000000001,-5.0,8.0,0.65,1.0,0.32,5.0,1.8,1.6,12.0,5.0,1.0,0.8,0.8,1.4,0.45,0.35,0.2,0.35,0.55,0.2,7.0,5.4,cost_risk_heatmap
hybrid_support,Hybrid,high,6.291833910034604,8.599999999999998,6.291833910034604,4.165325259515571,5.4,8.599999999999998,-2.280000000000001,-5.0,8.0,0.65,1.2,0.32,5.0,1.8,1.6,12.0,5.0,1.0,0.8,0.8,1.4,0.45,0.35,0.2,0.35,0.55,0.2,7.0,5.4,cost_risk_heatmap
hybrid_support,Hybrid,high,6.201833910034604,8.599999999999998,6.201833910034604,4.133825259515571,5.4,8.599999999999998,-2.280000000000001,-5.0,8.0,0.65,1.4,0.32,5.0,1.8,1.6,12.0,5.0,1.0,0.8,0.8,1.4,0.45,0.35,0.2,0.35,0.55,0.2,7.0,5.4,cost_risk_heatmap
hybrid_support,Hybrid,high,6.111833910034604,8.599999999999998,6.111833910034604,4.102325259515571,5.4,8.599999999999998,-2.280000000000001,-5.0,8.0,0.65,1.6,0.32,5.0,1.8,1.6,12.0,5.0,1.0,0.8,0.8,1.4,0.45,0.35,0.2,0.35,0.55,0.2,7.0,5.4,cost_risk_heatmap
hybrid_support,Hybrid,high,6.021833910034604,8.599999999999998,6.021833910034604,4.070825259515571,5.4,8.599999999999998,-2.280000000000001,-5.0,8.0,0.65,1.8,0.32,5.0,1.8,1.6,12.0,5.0,1.0,0.8,0.8,1.4,0.45,0.35,0.2,0.35,0.55,0.2,7.0,5.4,cost_risk_heatmap
hybrid_support,Hybrid,high,5.931833910034603,8.599999999999998,5.931833910034603,4.0393252595155715,5.4,8.599999999999998,-2.280000000000001,-5.0,8.0,0.65,2.0,0.32,5.0,1.8,1.6,12.0,5.0,1.0,0.8,0.8,1.4,0.45,0.35,0.2,0.35,0.55,0.2,7.0,5.4,cost_risk_heatmap
hybrid_support,Hybrid,high,5.8418339100346035,8.599999999999998,5.8418339100346035,4.007825259515571,5.4,8.599999999999998,-2.280000000000001,-5.0,8.0,0.65,2.2,0.32,5.0,1.8,1.6,12.0,5.0,1.0,0.8,0.8,1.4,0.45,0.35,0.2,0.35,0.55,0.2,7.0,5.4,cost_risk_heatmap
hybrid_support,Hybrid,high,5.751833910034604,8.599999999999998,5.751833910034604,3.976325259515571,5.4,8.599999999999998,-2.280000000000001,-5.0,8.0,0.65,2.4,0.32,5.0,1.8,1.6,12.0,5.0,1.0,0.8,0.8,1.4,0.45,0.35,0.2,0.35,0.55,0.2,7.0,5.4,cost_risk_heatmap
hybrid_support,Hybrid,high,5.661833910034604,8.599999999999998,5.661833910034604,3.944825259515571,5.4,8.599999999999998,-2.280000000000001,-5.0,8.0,0.65,2.6,0.32,5.0,1.8,1.6,12.0,5.0,1.0,0.8,0.8,1.4,0.45,0.35,0.2,0.35,0.55,0.2,7.0,5.4,cost_risk_heatmap
hybrid_support,Hybrid,high,5.571833910034604,8.599999999999998,5.571833910034604,3.913325259515571,5.4,8.599999999999998,-2.280000000000001,-5.0,8.0,0.65,2.8,0.32,5.0,1.8,1.6,12.0,5.0,1.0,0.8,0.8,1.4,0.45,0.35,0.2,0.35,0.55,0.2,7.0,5.4,cost_risk_heatmap
hybrid_support,Hybrid,high,5.481833910034604,8.599999999999998,5.481833910034604,3.881825259515571,5.4,8.599999999999998,-2.280000000000001,-5.0,8.0,0.65,3.0,0.32,5.0,1.8,1.6,12.0,5.0,1.0,0.8,0.8,1.4,0.45,0.35,0.2,0.35,0.55,0.2,7.0,5.4,cost_risk_heatmap
hybrid_support,Hybrid,none,5.4,-5.0,5.391833910034604,3.850325259515571,5.4,8.599999999999998,-2.280000000000001,-5.0,8.0,0.65,3.2,0.32,5.0,1.8,1.6,12.0,5.0,1.0,0.8,0.8,1.4,0.45,0.35,0.2,0.35,0.55,0.2,7.0,5.4,cost_risk_heatmap
hybrid_support,Hybrid,none,5.4,-5.0,5.301833910034604,3.818825259515571,5.4,8.599999999999998,-2.280000000000001,-5.0,8.0,0.65,3.4,0.32,5.0,1.8,1.6,12.0,5.0,1.0,0.8,0.8,1.4,0.45,0.35,0.2,0.35,0.55,0.2,7.0,5.4,cost_risk_heatmap
hybrid_support,Hybrid,none,5.4,-5.0,5.211833910034604,3.787325259515571,5.4,8.599999999999998,-2.280000000000001,-5.0,8.0,0.65,3.6,0.32,5.0,1.8,1.6,12.0,5.0,1.0,0.8,0.8,1.4,0.45,0.35,0.2,0.35,0.55,0.2,7.0,5.4,cost_risk_heatmap
hybrid_support,Hybrid,none,5.4,-5.0,5.121833910034604,3.755825259515571,5.4,8.599999999999998,-2.280000000000001,-5.0,8.0,0.65,3.8,0.32,5.0,1.8,1.6,12.0,5.0,1.0,0.8,0.8,1.4,0.45,0.35,0.2,0.35,0.55,0.2,7.0,5.4,cost_risk_heatmap
hybrid_support,Hybrid,none,5.4,-5.0,5.031833910034604,3.724325259515571,5.4,8.599999999999998,-2.280000000000001,-5.0,8.0,0.65,4.0,0.32,5.0,1.8,1.6,12.0,5.0,1.0,0.8,0.8,1.4,0.45,0.35,0.2,0.35,0.55,0.2,7.0,5.4,cost_risk_heatmap
hybrid_support,Hybrid,high,6.716608996539794,8.599999999999998,6.716608996539794,4.302474048442907,5.4,8.599999999999998,-2.280000000000001,-5.0,8.333,0.65,0.0,0.32,5.0,1.8,1.6,12.0,5.0,1.0,0.8,0.8,1.4,0.45,0.35,0.2,0.35,0.55,0.2,7.0,5.4,cost_risk_heatmap
hybrid_support,Hybrid,high,6.626608996539794,8.599999999999998,6.626608996539794,4.270974048442906,5.4,8.599999999999998,-2.280000000000001,-5.0,8.333,0.65,0.2,0.32,5.0,1.8,1.6,12.0,5.0,1.0,0.8,0.8,1.4,0.45,0.35,0.2,0.35,0.55,0.2,7.0,5.4,cost_risk_heatmap
hybrid_support,Hybrid,high,6.536608996539794,8.599999999999998,6.536608996539794,4.239474048442907,5.4,8.599999999999998,-2.280000000000001,-5.0,8.333,0.65,0.4,0.32,5.0,1.8,1.6,12.0,5.0,1.0,0.8,0.8,1.4,0.45,0.35,0.2,0.35,0.55,0.2,7.0,5.4,cost_risk_heatmap
hybrid_support,Hybrid,high,6.446608996539794,8.599999999999998,6.446608996539794,4.207974048442907,5.4,8.599999999999998,-2.280000000000001,-5.0,8.333,0.65,0.6,0.32,5.0,1.8,1.6,12.0,5.0,1.0,0.8,0.8,1.4,0.45,0.35,0.2,0.35,0.55,0.2,7.0,5.4,cost_risk_heatmap
hybrid_support,Hybrid,high,6.356608996539793,8.599999999999998,6.356608996539793,4.176474048442906,5.4,8.599999999999998,-2.280000000000001,-5.0,8.333,0.65,0.8,0.32,5.0,1.8,1.6,12.0,5.0,1.0,0.8,0.8,1.4,0.45,0.35,0.2,0.35,0.55,0.2,7.0,5.4,cost_risk_heatmap
hybrid_support,Hybrid,high,6.2666089965397935,8.599999999999998,6.2666089965397935,4.144974048442907,5.4,8.599999999999998,-2.280000000000001,-5.0,8.333,0.65,1.0,0.32,5.0,1.8,1.6,12.0,5.0,1.0,0.8,0.8,1.4,0.45,0.35,0.2,0.35,0.55,0.2,7.0,5.4,cost_risk_heatmap
hybrid_support,Hybrid,high,6.176608996539794,8.599999999999998,6.176608996539794,4.113474048442907,5.4,8.599999999999998,-2.280000000000001,-5.0,8.333,0.65,1.2,0.32,5.0,1.8,1.6,12.0,5.0,1.0,0.8,0.8,1.4,0.45,0.35,0.2,0.35,0.55,0.2,7.0,5.4,cost_risk_heatmap
hybrid_support,Hybrid,high,6.086608996539794,8.599999999999998,6.086608996539794,4.081974048442906,5.4,8.599999999999998,-2.280000000000001,-5.0,8.333,0.65,1.4,0.32,5.0,1.8,1.6,12.0,5.0,1.0,0.8,0.8,1.4,0.45,0.35,0.2,0.35,0.55,0.2,7.0,5.4,cost_risk_heatmap
hybrid_support,Hybrid,high,5.996608996539794,8.599999999999998,5.996608996539794,4.050474048442907,5.4,8.599999999999998,-2.280000000000001,-5.0,8.333,0.65,1.6,0.32,5.0,1.8,1.6,12.0,5.0,1.0,0.8,0.8,1.4,0.45,0.35,0.2,0.35,0.55,0.2,7.0,5.4,cost_risk_heatmap
hybrid_support,Hybrid,high,5.906608996539794,8.599999999999998,5.906608996539794,4.018974048442907,5.4,8.599999999999998,-2.280000000000001,-5.0,8.333,0.65,1.8,0.32,5.0,1.8,1.6,12.0,5.0,1.0,0.8,0.8,1.4,0.45,0.35,0.2,0.35,0.55,0.2,7.0,5.4,cost_risk_heatmap
hybrid_support,Hybrid,high,5.816608996539793,8.599999999999998,5.816608996539793,3.9874740484429068,5.4,8.599999999999998,-2.280000000000001,-5.0,8.333,0.65,2.0,0.32,5.0,1.8,1.6,12.0,5.0,1.0,0.8,0.8,1.4,0.45,0.35,0.2,0.35,0.55,0.2,7.0,5.4,cost_risk_heatmap
hybrid_support,Hybrid,high,5.7266089965397935,8.599999999999998,5.7266089965397935,3.955974048442907,5.4,8.599999999999998,-2.280000000000001,-5.0,8.333,0.65,2.2,0.32,5.0,1.8,1.6,12.0,5.0,1.0,0.8,0.8,1.4,0.45,0.35,0.2,0.35,0.55,0.2,7.0,5.4,cost_risk_heatmap
hybrid_support,Hybrid,high,5.636608996539794,8.599999999999998,5.636608996539794,3.9244740484429066,5.4,8.599999999999998,-2.280000000000001,-5.0,8.333,0.65,2.4,0.32,5.0,1.8,1.6,12.0,5.0,1.0,0.8,0.8,1.4,0.45,0.35,0.2,0.35,0.55,0.2,7.0,5.4,cost_risk_heatmap
hybrid_support,Hybrid,high,5.546608996539794,8.599999999999998,5.546608996539794,3.8929740484429067,5.4,8.599999999999998,-2.280000000000001,-5.0,8.333,0.65,2.6,0.32,5.0,1.8,1.6,12.0,5.0,1.0,0.8,0.8,1.4,0.45,0.35,0.2,0.35,0.55,0.2,7.0,5.4,cost_risk_heatmap
hybrid_support,Hybrid,high,5.456608996539794,8.599999999999998,5.456608996539794,3.861474048442907,5.4,8.599999999999998,-2.280000000000001,-5.0,8.333,0.65,2.8,0.32,5.0,1.8,1.6,12.0,5.0,1.0,0.8,0.8,1.4,0.45,0.35,0.2,0.35,0.55,0.2,7.0,5.4,cost_risk_heatmap
hybrid_support,Hybrid,none,5.4,-5.0,5.366608996539794,3.8299740484429066,5.4,8.599999999999998,-2.280000000000001,-5.0,8.333,0.65,3.0,0.32,5.0,1.8,1.6,12.0,5.0,1.0,0.8,0.8,1.4,0.45,0.35,0.2,0.35,0.55,0.2,7.0,5.4,cost_risk_heatmap
hybrid_support,Hybrid,none,5.4,-5.0,5.276608996539794,3.7984740484429067,5.4,8.599999999999998,-2.280000000000001,-5.0,8.333,0.65,3.2,0.32,5.0,1.8,1.6,12.0,5.0,1.0,0.8,0.8,1.4,0.45,0.35,0.2,0.35,0.55,0.2,7.0,5.4,cost_risk_heatmap
hybrid_support,Hybrid,none,5.4,-5.0,5.186608996539794,3.766974048442907,5.4,8.599999999999998,-2.280000000000001,-5.0,8.333,0.65,3.4,0.32,5.0,1.8,1.6,12.0,5.0,1.0,0.8,0.8,1.4,0.45,0.35,0.2,0.35,0.55,0.2,7.0,5.4,cost_risk_heatmap
hybrid_support,Hybrid,none,5.4,-5.0,5.096608996539794,3.7354740484429065,5.4,8.599999999999998,-2.280000000000001,-5.0,8.333,0.65,3.6,0.32,5.0,1.8,1.6,12.0,5.0,1.0,0.8,0.8,1.4,0.45,0.35,0.2,0.35,0.55,0.2,7.0,5.4,cost_risk_heatmap
hybrid_support,Hybrid,none,5.4,-5.0,5.006608996539794,3.7039740484429067,5.4,8.599999999999998,-2.280000000000001,-5.0,8.333,0.65,3.8,0.32,5.0,1.8,1.6,12.0,5.0,1.0,0.8,0.8,1.4,0.45,0.35,0.2,0.35,0.55,0.2,7.0,5.4,cost_risk_heatmap
hybrid_support,Hybrid,none,5.4,-5.0,4.916608996539794,3.672474048442907,5.4,8.599999999999998,-2.280000000000001,-5.0,8.333,0.65,4.0,0.32,5.0,1.8,1.6,12.0,5.0,1.0,0.8,0.8,1.4,0.45,0.35,0.2,0.35,0.55,0.2,7.0,5.4,cost_risk_heatmap
hybrid_support,Hybrid,high,6.601038062283738,8.599999999999998,6.601038062283738,4.250467128027681,5.4,8.599999999999998,-2.280000000000001,-5.0,8.667,0.65,0.0,0.32,5.0,1.8,1.6,12.0,5.0,1.0,0.8,0.8,1.4,0.45,0.35,0.2,0.35,0.55,0.2,7.0,5.4,cost_risk_heatmap
hybrid_support,Hybrid,high,6.511038062283738,8.599999999999998,6.511038062283738,4.218967128027681,5.4,8.599999999999998,-2.280000000000001,-5.0,8.667,0.65,0.2,0.32,5.0,1.8,1.6,12.0,5.0,1.0,0.8,0.8,1.4,0.45,0.35,0.2,0.35,0.55,0.2,7.0,5.4,cost_risk_heatmap
hybrid_support,Hybrid,high,6.421038062283738,8.599999999999998,6.421038062283738,4.187467128027682,5.4,8.599999999999998,-2.280000000000001,-5.0,8.667,0.65,0.4,0.32,5.0,1.8,1.6,12.0,5.0,1.0,0.8,0.8,1.4,0.45,0.35,0.2,0.35,0.55,0.2,7.0,5.4,cost_risk_heatmap
hybrid_support,Hybrid,high,6.3310380622837386,8.599999999999998,6.3310380622837386,4.155967128027681,5.4,8.599999999999998,-2.280000000000001,-5.0,8.667,0.65,0.6,0.32,5.0,1.8,1.6,12.0,5.0,1.0,0.8,0.8,1.4,0.45,0.35,0.2,0.35,0.55,0.2,7.0,5.4,cost_risk_heatmap
hybrid_support,Hybrid,high,6.241038062283738,8.599999999999998,6.241038062283738,4.124467128027681,5.4,8.599999999999998,-2.280000000000001,-5.0,8.667,0.65,0.8,0.32,5.0,1.8,1.6,12.0,5.0,1.0,0.8,0.8,1.4,0.45,0.35,0.2,0.35,0.55,0.2,7.0,5.4,cost_risk_heatmap
hybrid_support,Hybrid,high,6.151038062283738,8.599999999999998,6.151038062283738,4.092967128027682,5.4,8.599999999999998,-2.280000000000001,-5.0,8.667,0.65,1.0,0.32,5.0,1.8,1.6,12.0,5.0,1.0,0.8,0.8,1.4,0.45,0.35,0.2,0.35,0.55,0.2,7.0,5.4,cost_risk_heatmap
hybrid_support,Hybrid,high,6.061038062283738,8.599999999999998,6.061038062283738,4.061467128027681,5.4,8.599999999999998,-2.280000000000001,-5.0,8.667,0.65,1.2,0.32,5.0,1.8,1.6,12.0,5.0,1.0,0.8,0.8,1.4,0.45,0.35,0.2,0.35,0.55,0.2,7.0,5.4,cost_risk_heatmap
hybrid_support,Hybrid,high,5.971038062283738,8.599999999999998,5.971038062283738,4.029967128027681,5.4,8.599999999999998,-2.280000000000001,-5.0,8.667,0.65,1.4,0.32,5.0,1.8,1.6,12.0,5.0,1.0,0.8,0.8,1.4,0.45,0.35,0.2,0.35,0.55,0.2,7.0,5.4,cost_risk_heatmap
hybrid_support,Hybrid,high,5.881038062283738,8.599999999999998,5.881038062283738,3.9984671280276816,5.4,8.599999999999998,-2.280000000000001,-5.0,8.667,0.65,1.6,0.32,5.0,1.8,1.6,12.0,5.0,1.0,0.8,0.8,1.4,0.45,0.35,0.2,0.35,0.55,0.2,7.0,5.4,cost_risk_heatmap
hybrid_support,Hybrid,high,5.7910380622837385,8.599999999999998,5.7910380622837385,3.9669671280276813,5.4,8.599999999999998,-2.280000000000001,-5.0,8.667,0.65,1.8,0.32,5.0,1.8,1.6,12.0,5.0,1.0,0.8,0.8,1.4,0.45,0.35,0.2,0.35,0.55,0.2,7.0,5.4,cost_risk_heatmap
hybrid_support,Hybrid,high,5.701038062283738,8.599999999999998,5.701038062283738,3.9354671280276814,5.4,8.599999999999998,-2.280000000000001,-5.0,8.667,0.65,2.0,0.32,5.0,1.8,1.6,12.0,5.0,1.0,0.8,0.8,1.4,0.45,0.35,0.2,0.35,0.55,0.2,7.0,5.4,cost_risk_heatmap
hybrid_support,Hybrid,high,5.611038062283738,8.599999999999998,5.611038062283738,3.9039671280276815,5.4,8.599999999999998,-2.280000000000001,-5.0,8.667,0.65,2.2,0.32,5.0,1.8,1.6,12.0,5.0,1.0,0.8,0.8,1.4,0.45,0.35,0.2,0.35,0.55,0.2,7.0,5.4,cost_risk_heatmap
hybrid_support,Hybrid,high,5.521038062283738,8.599999999999998,5.521038062283738,3.8724671280276812,5.4,8.599999999999998,-2.280000000000001,-5.0,8.667,0.65,2.4,0.32,5.0,1.8,1.6,12.0,5.0,1.0,0.8,0.8,1.4,0.45,0.35,0.2,0.35,0.55,0.2,7.0,5.4,cost_risk_heatmap
hybrid_support,Hybrid,high,5.431038062283738,8.599999999999998,5.431038062283738,3.8409671280276814,5.4,8.599999999999998,-2.280000000000001,-5.0,8.667,0.65,2.6,0.32,5.0,1.8,1.6,12.0,5.0,1.0,0.8,0.8,1.4,0.45,0.35,0.2,0.35,0.55,0.2,7.0,5.4,cost_risk_heatmap
hybrid_support,Hybrid,none,5.4,-5.0,5.341038062283738,3.8094671280276815,5.4,8.599999999999998,-2.280000000000001,-5.0,8.667,0.65,2.8,0.32,5.0,1.8,1.6,12.0,5.0,1.0,0.8,0.8,1.4,0.45,0.35,0.2,0.35,0.55,0.2,7.0,5.4,cost_risk_heatmap
hybrid_support,Hybrid,none,5.4,-5.0,5.2510380622837385,3.777967128027681,5.4,8.599999999999998,-2.280000000000001,-5.0,8.667,0.65,3.0,0.32,5.0,1.8,1.6,12.0,5.0,1.0,0.8,0.8,1.4,0.45,0.35,0.2,0.35,0.55,0.2,7.0,5.4,cost_risk_heatmap
hybrid_support,Hybrid,none,5.4,-5.0,5.161038062283739,3.7464671280276813,5.4,8.599999999999998,-2.280000000000001,-5.0,8.667,0.65,3.2,0.32,5.0,1.8,1.6,12.0,5.0,1.0,0.8,0.8,1.4,0.45,0.35,0.2,0.35,0.55,0.2,7.0,5.4,cost_risk_heatmap
hybrid_support,Hybrid,none,5.4,-5.0,5.071038062283739,3.7149671280276815,5.4,8.599999999999998,-2.280000000000001,-5.0,8.667,0.65,3.4,0.32,5.0,1.8,1.6,12.0,5.0,1.0,0.8,0.8,1.4,0.45,0.35,0.2,0.35,0.55,0.2,7.0,5.4,cost_risk_heatmap
hybrid_support,Hybrid,none,5.4,-5.0,4.981038062283738,3.683467128027681,5.4,8.599999999999998,-2.280000000000001,-5.0,8.667,0.65,3.6,0.32,5.0,1.8,1.6,12.0,5.0,1.0,0.8,0.8,1.4,0.45,0.35,0.2,0.35,0.55,0.2,7.0,5.4,cost_risk_heatmap
hybrid_support,Hybrid,none,5.4,-5.0,4.891038062283738,3.6519671280276813,5.4,8.599999999999998,-2.280000000000001,-5.0,8.667,0.65,3.8,0.32,5.0,1.8,1.6,12.0,5.0,1.0,0.8,0.8,1.4,0.45,0.35,0.2,0.35,0.55,0.2,7.0,5.4,cost_risk_heatmap
hybrid_support,Hybrid,none,5.4,-5.0,4.801038062283738,3.6204671280276814,5.4,8.599999999999998,-2.280000000000001,-5.0,8.667,0.65,4.0,0.32,5.0,1.8,1.6,12.0,5.0,1.0,0.8,0.8,1.4,0.45,0.35,0.2,0.35,0.55,0.2,7.0,5.4,cost_risk_heatmap
hybrid_support,Hybrid,high,6.485813148788928,8.599999999999998,6.485813148788928,4.198615916955017,5.4,8.599999999999998,-2.280000000000001,-5.0,9.0,0.65,0.0,0.32,5.0,1.8,1.6,12.0,5.0,1.0,0.8,0.8,1.4,0.45,0.35,0.2,0.35,0.55,0.2,7.0,5.4,cost_risk_heatmap
hybrid_support,Hybrid,high,6.395813148788928,8.599999999999998,6.395813148788928,4.167115916955017,5.4,8.599999999999998,-2.280000000000001,-5.0,9.0,0.65,0.2,0.32,5.0,1.8,1.6,12.0,5.0,1.0,0.8,0.8,1.4,0.45,0.35,0.2,0.35,0.55,0.2,7.0,5.4,cost_risk_heatmap
hybrid_support,Hybrid,high,6.305813148788928,8.599999999999998,6.305813148788928,4.135615916955017,5.4,8.599999999999998,-2.280000000000001,-5.0,9.0,0.65,0.4,0.32,5.0,1.8,1.6,12.0,5.0,1.0,0.8,0.8,1.4,0.45,0.35,0.2,0.35,0.55,0.2,7.0,5.4,cost_risk_heatmap
hybrid_support,Hybrid,high,6.2158131487889285,8.599999999999998,6.2158131487889285,4.104115916955017,5.4,8.599999999999998,-2.280000000000001,-5.0,9.0,0.65,0.6,0.32,5.0,1.8,1.6,12.0,5.0,1.0,0.8,0.8,1.4,0.45,0.35,0.2,0.35,0.55,0.2,7.0,5.4,cost_risk_heatmap
hybrid_support,Hybrid,high,6.125813148788928,8.599999999999998,6.125813148788928,4.072615916955017,5.4,8.599999999999998,-2.280000000000001,-5.0,9.0,0.65,0.8,0.32,5.0,1.8,1.6,12.0,5.0,1.0,0.8,0.8,1.4,0.45,0.35,0.2,0.35,0.55,0.2,7.0,5.4,cost_risk_heatmap
hybrid_support,Hybrid,high,6.035813148788928,8.599999999999998,6.035813148788928,4.041115916955017,5.4,8.599999999999998,-2.280000000000001,-5.0,9.0,0.65,1.0,0.32,5.0,1.8,1.6,12.0,5.0,1.0,0.8,0.8,1.4,0.45,0.35,0.2,0.35,0.55,0.2,7.0,5.4,cost_risk_heatmap
hybrid_support,Hybrid,high,5.945813148788928,8.599999999999998,5.945813148788928,4.009615916955017,5.4,8.599999999999998,-2.280000000000001,-5.0,9.0,0.65,1.2,0.32,5.0,1.8,1.6,12.0,5.0,1.0,0.8,0.8,1.4,0.45,0.35,0.2,0.35,0.55,0.2,7.0,5.4,cost_risk_heatmap
hybrid_support,Hybrid,high,5.855813148788928,8.599999999999998,5.855813148788928,3.978115916955017,5.4,8.599999999999998,-2.280000000000001,-5.0,9.0,0.65,1.4,0.32,5.0,1.8,1.6,12.0,5.0,1.0,0.8,0.8,1.4,0.45,0.35,0.2,0.35,0.55,0.2,7.0,5.4,cost_risk_heatmap
hybrid_support,Hybrid,high,5.765813148788928,8.599999999999998,5.765813148788928,3.9466159169550172,5.4,8.599999999999998,-2.280000000000001,-5.0,9.0,0.65,1.6,0.32,5.0,1.8,1.6,12.0,5.0,1.0,0.8,0.8,1.4,0.45,0.35,0.2,0.35,0.55,0.2,7.0,5.4,cost_risk_heatmap
hybrid_support,Hybrid,high,5.6758131487889285,8.599999999999998,5.6758131487889285,3.915115916955017,5.4,8.599999999999998,-2.280000000000001,-5.0,9.0,0.65,1.8,0.32,5.0,1.8,1.6,12.0,5.0,1.0,0.8,0.8,1.4,0.45,0.35,0.2,0.35,0.55,0.2,7.0,5.4,cost_risk_heatmap
hybrid_support,Hybrid,high,5.585813148788928,8.599999999999998,5.585813148788928,3.883615916955017,5.4,8.599999999999998,-2.280000000000001,-5.0,9.0,0.65,2.0,0.32,5.0,1.8,1.6,12.0,5.0,1.0,0.8,0.8,1.4,0.45,0.35,0.2,0.35,0.55,0.2,7.0,5.4,cost_risk_heatmap
hybrid_support,Hybrid,high,5.495813148788928,8.599999999999998,5.495813148788928,3.852115916955017,5.4,8.599999999999998,-2.280000000000001,-5.0,9.0,0.65,2.2,0.32,5.0,1.8,1.6,12.0,5.0,1.0,0.8,0.8,1.4,0.45,0.35,0.2,0.35,0.55,0.2,7.0,5.4,cost_risk_heatmap
hybrid_support,Hybrid,high,5.405813148788928,8.599999999999998,5.405813148788928,3.820615916955017,5.4,8.599999999999998,-2.280000000000001,-5.0,9.0,0.65,2.4,0.32,5.0,1.8,1.6,12.0,5.0,1.0,0.8,0.8,1.4,0.45,0.35,0.2,0.35,0.55,0.2,7.0,5.4,cost_risk_heatmap
hybrid_support,Hybrid,none,5.4,-5.0,5.315813148788928,3.789115916955017,5.4,8.599999999999998,-2.280000000000001,-5.0,9.0,0.65,2.6,0.32,5.0,1.8,1.6,12.0,5.0,1.0,0.8,0.8,1.4,0.45,0.35,0.2,0.35,0.55,0.2,7.0,5.4,cost_risk_heatmap
hybrid_support,Hybrid,none,5.4,-5.0,5.225813148788928,3.757615916955017,5.4,8.599999999999998,-2.280000000000001,-5.0,9.0,0.65,2.8,0.32,5.0,1.8,1.6,12.0,5.0,1.0,0.8,0.8,1.4,0.45,0.35,0.2,0.35,0.55,0.2,7.0,5.4,cost_risk_heatmap
hybrid_support,Hybrid,none,5.4,-5.0,5.1358131487889285,3.726115916955017,5.4,8.599999999999998,-2.280000000000001,-5.0,9.0,0.65,3.0,0.32,5.0,1.8,1.6,12.0,5.0,1.0,0.8,0.8,1.4,0.45,0.35,0.2,0.35,0.55,0.2,7.0,5.4,cost_risk_heatmap
hybrid_support,Hybrid,none,5.4,-5.0,5.045813148788929,3.694615916955017,5.4,8.599999999999998,-2.280000000000001,-5.0,9.0,0.65,3.2,0.32,5.0,1.8,1.6,12.0,5.0,1.0,0.8,0.8,1.4,0.45,0.35,0.2,0.35,0.55,0.2,7.0,5.4,cost_risk_heatmap
hybrid_support,Hybrid,none,5.4,-5.0,4.955813148788929,3.663115916955017,5.4,8.599999999999998,-2.280000000000001,-5.0,9.0,0.65,3.4,0.32,5.0,1.8,1.6,12.0,5.0,1.0,0.8,0.8,1.4,0.45,0.35,0.2,0.35,0.55,0.2,7.0,5.4,cost_risk_heatmap
hybrid_support,Hybrid,none,5.4,-5.0,4.865813148788928,3.631615916955017,5.4,8.599999999999998,-2.280000000000001,-5.0,9.0,0.65,3.6,0.32,5.0,1.8,1.6,12.0,5.0,1.0,0.8,0.8,1.4,0.45,0.35,0.2,0.35,0.55,0.2,7.0,5.4,cost_risk_heatmap
hybrid_support,Hybrid,none,5.4,-5.0,4.775813148788928,3.600115916955017,5.4,8.599999999999998,-2.280000000000001,-5.0,9.0,0.65,3.8,0.32,5.0,1.8,1.6,12.0,5.0,1.0,0.8,0.8,1.4,0.45,0.35,0.2,0.35,0.55,0.2,7.0,5.4,cost_risk_heatmap
hybrid_support,Hybrid,none,5.4,-5.0,4.685813148788928,3.568615916955017,5.4,8.599999999999998,-2.280000000000001,-5.0,9.0,0.65,4.0,0.32,5.0,1.8,1.6,12.0,5.0,1.0,0.8,0.8,1.4,0.45,0.35,0.2,0.35,0.55,0.2,7.0,5.4,cost_risk_heatmap
audit_penalty,Audit/penalty,none,5.4,-5.0,-0.8173076923076912,-0.007788461538461244,5.4,5.65,-2.3200000000000003,-5.0,5.0,0.65,1.5,0.45,7.0,0.35,0.0,6.0,5.0,0.0,0.8,0.0,1.4,0.45,0.35,0.2,0.35,0.15,0.05,7.0,5.4,buyer_value_audit_cost_grid
audit_penalty,Audit/penalty,none,5.4,-5.0,-0.8173076923076912,-0.007788461538461244,5.4,5.5375000000000005,-2.4325,-5.0,5.0,0.65,1.5,0.45,7.0,0.35,0.0,6.0,5.0,0.25,0.8,0.0,1.4,0.45,0.35,0.2,0.35,0.15,0.05,7.0,5.4,buyer_value_audit_cost_grid
audit_penalty,Audit/penalty,none,5.4,-5.0,-0.8173076923076912,-0.007788461538461244,5.4,5.425000000000001,-2.545,-5.0,5.0,0.65,1.5,0.45,7.0,0.35,0.0,6.0,5.0,0.5,0.8,0.0,1.4,0.45,0.35,0.2,0.35,0.15,0.05,7.0,5.4,buyer_value_audit_cost_grid
audit_penalty,Audit/penalty,none,5.4,-5.0,-0.8173076923076912,-0.007788461538461244,5.4,5.3125,-2.6574999999999998,-5.0,5.0,0.65,1.5,0.45,7.0,0.35,0.0,6.0,5.0,0.75,0.8,0.0,1.4,0.45,0.35,0.2,0.35,0.15,0.05,7.0,5.4,buyer_value_audit_cost_grid
audit_penalty,Audit/penalty,none,5.4,-5.0,-0.8173076923076912,-0.007788461538461244,5.4,5.2,-2.7700000000000005,-5.0,5.0,0.65,1.5,0.45,7.0,0.35,0.0,6.0,5.0,1.0,0.8,0.0,1.4,0.45,0.35,0.2,0.35,0.15,0.05,7.0,5.4,buyer_value_audit_cost_grid
audit_penalty,Audit/penalty,none,5.4,-5.0,-0.8173076923076912,-0.007788461538461244,5.4,5.0875,-2.8825000000000003,-5.0,5.0,0.65,1.5,0.45,7.0,0.35,0.0,6.0,5.0,1.25,0.8,0.0,1.4,0.45,0.35,0.2,0.35,0.15,0.05,7.0,5.4,buyer_value_audit_cost_grid
audit_penalty,Audit/penalty,none,5.4,-5.0,-0.8173076923076912,-0.007788461538461244,5.4,4.9750000000000005,-2.995,-5.0,5.0,0.65,1.5,0.45,7.0,0.35,0.0,6.0,5.0,1.5,0.8,0.0,1.4,0.45,0.35,0.2,0.35,0.15,0.05,7.0,5.4,buyer_value_audit_cost_grid
audit_penalty,Audit/penalty,none,5.4,-5.0,-0.8173076923076912,-0.007788461538461244,5.4,4.862500000000001,-3.1075,-5.0,5.0,0.65,1.5,0.45,7.0,0.35,0.0,6.0,5.0,1.75,0.8,0.0,1.4,0.45,0.35,0.2,0.35,0.15,0.05,7.0,5.4,buyer_value_audit_cost_grid
audit_penalty,Audit/penalty,none,5.4,-5.0,-0.8173076923076912,-0.007788461538461244,5.4,4.75,-3.2199999999999998,-5.0,5.0,0.65,1.5,0.45,7.0,0.35,0.0,6.0,5.0,2.0,0.8,0.0,1.4,0.45,0.35,0.2,0.35,0.15,0.05,7.0,5.4,buyer_value_audit_cost_grid
audit_penalty,Audit/penalty,none,5.4,-5.0,-0.8173076923076912,-0.007788461538461244,5.4,4.6375,-3.3325000000000005,-5.0,5.0,0.65,1.5,0.45,7.0,0.35,0.0,6.0,5.0,2.25,0.8,0.0,1.4,0.45,0.35,0.2,0.35,0.15,0.05,7.0,5.4,buyer_value_audit_cost_grid
audit_penalty,Audit/penalty,none,5.4,-5.0,-0.8173076923076912,-0.007788461538461244,5.4,4.525,-3.4450000000000003,-5.0,5.0,0.65,1.5,0.45,7.0,0.35,0.0,6.0,5.0,2.5,0.8,0.0,1.4,0.45,0.35,0.2,0.35,0.15,0.05,7.0,5.4,buyer_value_audit_cost_grid
audit_penalty,Audit/penalty,none,5.4,-5.0,-0.8173076923076912,-0.007788461538461244,5.4,4.4125000000000005,-3.5575,-5.0,5.0,0.65,1.5,0.45,7.0,0.35,0.0,6.0,5.0,2.75,0.8,0.0,1.4,0.45,0.35,0.2,0.35,0.15,0.05,7.0,5.4,buyer_value_audit_cost_grid
audit_penalty,Audit/penalty,none,5.4,-5.0,-0.8173076923076912,-0.007788461538461244,5.4,4.300000000000001,-3.67,-5.0,5.0,0.65,1.5,0.45,7.0,0.35,0.0,6.0,5.0,3.0,0.8,0.0,1.4,0.45,0.35,0.2,0.35,0.15,0.05,7.0,5.4,buyer_value_audit_cost_grid
audit_penalty,Audit/penalty,none,5.4,-5.0,-0.8173076923076912,-0.007788461538461244,5.4,4.1875,-3.7825000000000006,-5.0,5.0,0.65,1.5,0.45,7.0,0.35,0.0,6.0,5.0,3.25,0.8,0.0,1.4,0.45,0.35,0.2,0.35,0.15,0.05,7.0,5.4,buyer_value_audit_cost_grid
audit_penalty,Audit/penalty,none,5.4,-5.0,-0.8173076923076912,-0.007788461538461244,5.4,4.075,-3.8950000000000005,-5.0,5.0,0.65,1.5,0.45,7.0,0.35,0.0,6.0,5.0,3.5,0.8,0.0,1.4,0.45,0.35,0.2,0.35,0.15,0.05,7.0,5.4,buyer_value_audit_cost_grid
audit_penalty,Audit/penalty,none,5.4,-5.0,-0.8173076923076912,-0.007788461538461244,5.4,3.9625000000000004,-4.0075,-5.0,5.0,0.65,1.5,0.45,7.0,0.35,0.0,6.0,5.0,3.75,0.8,0.0,1.4,0.45,0.35,0.2,0.35,0.15,0.05,7.0,5.4,buyer_value_audit_cost_grid
audit_penalty,Audit/penalty,none,5.4,-5.0,-0.8173076923076912,-0.007788461538461244,5.4,3.8500000000000005,-4.12,-5.0,5.0,0.65,1.5,0.45,7.0,0.35,0.0,6.0,5.0,4.0,0.8,0.0,1.4,0.45,0.35,0.2,0.35,0.15,0.05,7.0,5.4,buyer_value_audit_cost_grid
audit_penalty,Audit/penalty,none,5.4,-5.0,-0.8173076923076912,-0.007788461538461244,5.4,6.15,-2.1449999999999996,-5.0,5.0,0.65,1.5,0.45,7.0,0.35,0.0,6.5,5.0,0.0,0.8,0.0,1.4,0.45,0.35,0.2,0.35,0.15,0.05,7.0,5.4,buyer_value_audit_cost_grid
audit_penalty,Audit/penalty,none,5.4,-5.0,-0.8173076923076912,-0.007788461538461244,5.4,6.0375000000000005,-2.2574999999999994,-5.0,5.0,0.65,1.5,0.45,7.0,0.35,0.0,6.5,5.0,0.25,0.8,0.0,1.4,0.45,0.35,0.2,0.35,0.15,0.05,7.0,5.4,buyer_value_audit_cost_grid
audit_penalty,Audit/penalty,none,5.4,-5.0,-0.8173076923076912,-0.007788461538461244,5.4,5.925000000000001,-2.37,-5.0,5.0,0.65,1.5,0.45,7.0,0.35,0.0,6.5,5.0,0.5,0.8,0.0,1.4,0.45,0.35,0.2,0.35,0.15,0.05,7.0,5.4,buyer_value_audit_cost_grid
audit_penalty,Audit/penalty,none,5.4,-5.0,-0.8173076923076912,-0.007788461538461244,5.4,5.8125,-2.4825,-5.0,5.0,0.65,1.5,0.45,7.0,0.35,0.0,6.5,5.0,0.75,0.8,0.0,1.4,0.45,0.35,0.2,0.35,0.15,0.05,7.0,5.4,buyer_value_audit_cost_grid
audit_penalty,Audit/penalty,none,5.4,-5.0,-0.8173076923076912,-0.007788461538461244,5.4,5.7,-2.5949999999999998,-5.0,5.0,0.65,1.5,0.45,7.0,0.35,0.0,6.5,5.0,1.0,0.8,0.0,1.4,0.45,0.35,0.2,0.35,0.15,0.05,7.0,5.4,buyer_value_audit_cost_grid
audit_penalty,Audit/penalty,none,5.4,-5.0,-0.8173076923076912,-0.007788461538461244,5.4,5.5875,-2.7074999999999996,-5.0,5.0,0.65,1.5,0.45,7.0,0.35,0.0,6.5,5.0,1.25,0.8,0.0,1.4,0.45,0.35,0.2,0.35,0.15,0.05,7.0,5.4,buyer_value_audit_cost_grid
audit_penalty,Audit/penalty,none,5.4,-5.0,-0.8173076923076912,-0.007788461538461244,5.4,5.4750000000000005,-2.8200000000000003,-5.0,5.0,0.65,1.5,0.45,7.0,0.35,0.0,6.5,5.0,1.5,0.8,0.0,1.4,0.45,0.35,0.2,0.35,0.15,0.05,7.0,5.4,buyer_value_audit_cost_grid
audit_penalty,Audit/penalty,none,5.4,-5.0,-0.8173076923076912,-0.007788461538461244,5.4,5.362500000000001,-2.9325,-5.0,5.0,0.65,1.5,0.45,7.0,0.35,0.0,6.5,5.0,1.75,0.8,0.0,1.4,0.45,0.35,0.2,0.35,0.15,0.05,7.0,5.4,buyer_value_audit_cost_grid
audit_penalty,Audit/penalty,none,5.4,-5.0,-0.8173076923076912,-0.007788461538461244,5.4,5.25,-3.045,-5.0,5.0,0.65,1.5,0.45,7.0,0.35,0.0,6.5,5.0,2.0,0.8,0.0,1.4,0.45,0.35,0.2,0.35,0.15,0.05,7.0,5.4,buyer_value_audit_cost_grid
audit_penalty,Audit/penalty,none,5.4,-5.0,-0.8173076923076912,-0.007788461538461244,5.4,5.1375,-3.1574999999999998,-5.0,5.0,0.65,1.5,0.45,7.0,0.35,0.0,6.5,5.0,2.25,0.8,0.0,1.4,0.45,0.35,0.2,0.35,0.15,0.05,7.0,5.4,buyer_value_audit_cost_grid
audit_penalty,Audit/penalty,none,5.4,-5.0,-0.8173076923076912,-0.007788461538461244,5.4,5.025,-3.2699999999999996,-5.0,5.0,0.65,1.5,0.45,7.0,0.35,0.0,6.5,5.0,2.5,0.8,0.0,1.4,0.45,0.35,0.2,0.35,0.15,0.05,7.0,5.4,buyer_value_audit_cost_grid
audit_penalty,Audit/penalty,none,5.4,-5.0,-0.8173076923076912,-0.007788461538461244,5.4,4.9125000000000005,-3.3825000000000003,-5.0,5.0,0.65,1.5,0.45,7.0,0.35,0.0,6.5,5.0,2.75,0.8,0.0,1.4,0.45,0.35,0.2,0.35,0.15,0.05,7.0,5.4,buyer_value_audit_cost_grid
audit_penalty,Audit/penalty,none,5.4,-5.0,-0.8173076923076912,-0.007788461538461244,5.4,4.800000000000001,-3.495,-5.0,5.0,0.65,1.5,0.45,7.0,0.35,0.0,6.5,5.0,3.0,0.8,0.0,1.4,0.45,0.35,0.2,0.35,0.15,0.05,7.0,5.4,buyer_value_audit_cost_grid
audit_penalty,Audit/penalty,none,5.4,-5.0,-0.8173076923076912,-0.007788461538461244,5.4,4.6875,-3.6075,-5.0,5.0,0.65,1.5,0.45,7.0,0.35,0.0,6.5,5.0,3.25,0.8,0.0,1.4,0.45,0.35,0.2,0.35,0.15,0.05,7.0,5.4,buyer_value_audit_cost_grid
audit_penalty,Audit/penalty,none,5.4,-5.0,-0.8173076923076912,-0.007788461538461244,5.4,4.575,-3.7199999999999998,-5.0,5.0,0.65,1.5,0.45,7.0,0.35,0.0,6.5,5.0,3.5,0.8,0.0,1.4,0.45,0.35,0.2,0.35,0.15,0.05,7.0,5.4,buyer_value_audit_cost_grid
audit_penalty,Audit/penalty,none,5.4,-5.0,-0.8173076923076912,-0.007788461538461244,5.4,4.4625,-3.8324999999999996,-5.0,5.0,0.65,1.5,0.45,7.0,0.35,0.0,6.5,5.0,3.75,0.8,0.0,1.4,0.45,0.35,0.2,0.35,0.15,0.05,7.0,5.4,buyer_value_audit_cost_grid
audit_penalty,Audit/penalty,none,5.4,-5.0,-0.8173076923076912,-0.007788461538461244,5.4,4.3500000000000005,-3.9450000000000003,-5.0,5.0,0.65,1.5,0.45,7.0,0.35,0.0,6.5,5.0,4.0,0.8,0.0,1.4,0.45,0.35,0.2,0.35,0.15,0.05,7.0,5.4,buyer_value_audit_cost_grid
audit_penalty,Audit/penalty,none,5.4,-5.0,-0.8173076923076912,-0.007788461538461244,5.4,6.65,-1.97,-5.0,5.0,0.65,1.5,0.45,7.0,0.35,0.0,7.0,5.0,0.0,0.8,0.0,1.4,0.45,0.35,0.2,0.35,0.15,0.05,7.0,5.4,buyer_value_audit_cost_grid
audit_penalty,Audit/penalty,none,5.4,-5.0,-0.8173076923076912,-0.007788461538461244,5.4,6.5375000000000005,-2.0824999999999996,-5.0,5.0,0.65,1.5,0.45,7.0,0.35,0.0,7.0,5.0,0.25,0.8,0.0,1.4,0.45,0.35,0.2,0.35,0.15,0.05,7.0,5.4,buyer_value_audit_cost_grid
audit_penalty,Audit/penalty,none,5.4,-5.0,-0.8173076923076912,-0.007788461538461244,5.4,6.425000000000001,-2.1950000000000003,-5.0,5.0,0.65,1.5,0.45,7.0,0.35,0.0,7.0,5.0,0.5,0.8,0.0,1.4,0.45,0.35,0.2,0.35,0.15,0.05,7.0,5.4,buyer_value_audit_cost_grid
audit_penalty,Audit/penalty,none,5.4,-5.0,-0.8173076923076912,-0.007788461538461244,5.4,6.3125,-2.3075,-5.0,5.0,0.65,1.5,0.45,7.0,0.35,0.0,7.0,5.0,0.75,0.8,0.0,1.4,0.45,0.35,0.2,0.35,0.15,0.05,7.0,5.4,buyer_value_audit_cost_grid
audit_penalty,Audit/penalty,none,5.4,-5.0,-0.8173076923076912,-0.007788461538461244,5.4,6.2,-2.42,-5.0,5.0,0.65,1.5,0.45,7.0,0.35,0.0,7.0,5.0,1.0,0.8,0.0,1.4,0.45,0.35,0.2,0.35,0.15,0.05,7.0,5.4,buyer_value_audit_cost_grid
audit_penalty,Audit/penalty,none,5.4,-5.0,-0.8173076923076912,-0.007788461538461244,5.4,6.0875,-2.5324999999999998,-5.0,5.0,0.65,1.5,0.45,7.0,0.35,0.0,7.0,5.0,1.25,0.8,0.0,1.4,0.45,0.35,0.2,0.35,0.15,0.05,7.0,5.4,buyer_value_audit_cost_grid
audit_penalty,Audit/penalty,none,5.4,-5.0,-0.8173076923076912,-0.007788461538461244,5.4,5.9750000000000005,-2.6450000000000005,-5.0,5.0,0.65,1.5,0.45,7.0,0.35,0.0,7.0,5.0,1.5,0.8,0.0,1.4,0.45,0.35,0.2,0.35,0.15,0.05,7.0,5.4,buyer_value_audit_cost_grid
audit_penalty,Audit/penalty,none,5.4,-5.0,-0.8173076923076912,-0.007788461538461244,5.4,5.862500000000001,-2.7575000000000003,-5.0,5.0,0.65,1.5,0.45,7.0,0.35,0.0,7.0,5.0,1.75,0.8,0.0,1.4,0.45,0.35,0.2,0.35,0.15,0.05,7.0,5.4,buyer_value_audit_cost_grid
audit_penalty,Audit/penalty,none,5.4,-5.0,-0.8173076923076912,-0.007788461538461244,5.4,5.75,-2.87,-5.0,5.0,0.65,1.5,0.45,7.0,0.35,0.0,7.0,5.0,2.0,0.8,0.0,1.4,0.45,0.35,0.2,0.35,0.15,0.05,7.0,5.4,buyer_value_audit_cost_grid
audit_penalty,Audit/penalty,none,5.4,-5.0,-0.8173076923076912,-0.007788461538461244,5.4,5.6375,-2.9825,-5.0,5.0,0.65,1.5,0.45,7.0,0.35,0.0,7.0,5.0,2.25,0.8,0.0,1.4,0.45,0.35,0.2,0.35,0.15,0.05,7.0,5.4,buyer_value_audit_cost_grid
audit_penalty,Audit/penalty,none,5.4,-5.0,-0.8173076923076912,-0.007788461538461244,5.4,5.525,-3.0949999999999998,-5.0,5.0,0.65,1.5,0.45,7.0,0.35,0.0,7.0,5.0,2.5,0.8,0.0,1.4,0.45,0.35,0.2,0.35,0.15,0.05,7.0,5.4,buyer_value_audit_cost_grid
audit_penalty,Audit/penalty,none,5.4,-5.0,-0.8173076923076912,-0.007788461538461244,5.4,5.4125000000000005,-3.2075000000000005,-5.0,5.0,0.65,1.5,0.45,7.0,0.35,0.0,7.0,5.0,2.75,0.8,0.0,1.4,0.45,0.35,0.2,0.35,0.15,0.05,7.0,5.4,buyer_value_audit_cost_grid
audit_penalty,Audit/penalty,none,5.4,-5.0,-0.8173076923076912,-0.007788461538461244,5.4,5.300000000000001,-3.3200000000000003,-5.0,5.0,0.65,1.5,0.45,7.0,0.35,0.0,7.0,5.0,3.0,0.8,0.0,1.4,0.45,0.35,0.2,0.35,0.15,0.05,7.0,5.4,buyer_value_audit_cost_grid
audit_penalty,Audit/penalty,none,5.4,-5.0,-0.8173076923076912,-0.007788461538461244,5.4,5.1875,-3.4325,-5.0,5.0,0.65,1.5,0.45,7.0,0.35,0.0,7.0,5.0,3.25,0.8,0.0,1.4,0.45,0.35,0.2,0.35,0.15,0.05,7.0,5.4,buyer_value_audit_cost_grid
audit_penalty,Audit/penalty,none,5.4,-5.0,-0.8173076923076912,-0.007788461538461244,5.4,5.075,-3.545,-5.0,5.0,0.65,1.5,0.45,7.0,0.35,0.0,7.0,5.0,3.5,0.8,0.0,1.4,0.45,0.35,0.2,0.35,0.15,0.05,7.0,5.4,buyer_value_audit_cost_grid
audit_penalty,Audit/penalty,none,5.4,-5.0,-0.8173076923076912,-0.007788461538461244,5.4,4.9625,-3.6575000000000006,-5.0,5.0,0.65,1.5,0.45,7.0,0.35,0.0,7.0,5.0,3.75,0.8,0.0,1.4,0.45,0.35,0.2,0.35,0.15,0.05,7.0,5.4,buyer_value_audit_cost_grid
audit_penalty,Audit/penalty,none,5.4,-5.0,-0.8173076923076912,-0.007788461538461244,5.4,4.8500000000000005,-3.7700000000000005,-5.0,5.0,0.65,1.5,0.45,7.0,0.35,0.0,7.0,5.0,4.0,0.8,0.0,1.4,0.45,0.35,0.2,0.35,0.15,0.05,7.0,5.4,buyer_value_audit_cost_grid
audit_penalty,Audit/penalty,none,5.4,-5.0,-0.8173076923076912,-0.007788461538461244,5.4,7.15,-1.7949999999999997,-5.0,5.0,0.65,1.5,0.45,7.0,0.35,0.0,7.5,5.0,0.0,0.8,0.0,1.4,0.45,0.35,0.2,0.35,0.15,0.05,7.0,5.4,buyer_value_audit_cost_grid
audit_penalty,Audit/penalty,none,5.4,-5.0,-0.8173076923076912,-0.007788461538461244,5.4,7.0375000000000005,-1.9074999999999995,-5.0,5.0,0.65,1.5,0.45,7.0,0.35,0.0,7.5,5.0,0.25,0.8,0.0,1.4,0.45,0.35,0.2,0.35,0.15,0.05,7.0,5.4,buyer_value_audit_cost_grid
audit_penalty,Audit/penalty,none,5.4,-5.0,-0.8173076923076912,-0.007788461538461244,5.4,6.925000000000001,-2.0199999999999996,-5.0,5.0,0.65,1.5,0.45,7.0,0.35,0.0,7.5,5.0,0.5,0.8,0.0,1.4,0.45,0.35,0.2,0.35,0.15,0.05,7.0,5.4,buyer_value_audit_cost_grid
audit_penalty,Audit/penalty,none,5.4,-5.0,-0.8173076923076912,-0.007788461538461244,5.4,6.8125,-2.1324999999999994,-5.0,5.0,0.65,1.5,0.45,7.0,0.35,0.0,7.5,5.0,0.75,0.8,0.0,1.4,0.45,0.35,0.2,0.35,0.15,0.05,7.0,5.4,buyer_value_audit_cost_grid
audit_penalty,Audit/penalty,none,5.4,-5.0,-0.8173076923076912,-0.007788461538461244,5.4,6.7,-2.245,-5.0,5.0,0.65,1.5,0.45,7.0,0.35,0.0,7.5,5.0,1.0,0.8,0.0,1.4,0.45,0.35,0.2,0.35,0.15,0.05,7.0,5.4,buyer_value_audit_cost_grid
audit_penalty,Audit/penalty,none,5.4,-5.0,-0.8173076923076912,-0.007788461538461244,5.4,6.5875,-2.3575,-5.0,5.0,0.65,1.5,0.45,7.0,0.35,0.0,7.5,5.0,1.25,0.8,0.0,1.4,0.45,0.35,0.2,0.35,0.15,0.05,7.0,5.4,buyer_value_audit_cost_grid
audit_penalty,Audit/penalty,none,5.4,-5.0,-0.8173076923076912,-0.007788461538461244,5.4,6.4750000000000005,-2.4699999999999998,-5.0,5.0,0.65,1.5,0.45,7.0,0.35,0.0,7.5,5.0,1.5,0.8,0.0,1.4,0.45,0.35,0.2,0.35,0.15,0.05,7.0,5.4,buyer_value_audit_cost_grid
audit_penalty,Audit/penalty,none,5.4,-5.0,-0.8173076923076912,-0.007788461538461244,5.4,6.362500000000001,-2.5824999999999996,-5.0,5.0,0.65,1.5,0.45,7.0,0.35,0.0,7.5,5.0,1.75,0.8,0.0,1.4,0.45,0.35,0.2,0.35,0.15,0.05,7.0,5.4,buyer_value_audit_cost_grid
audit_penalty,Audit/penalty,none,5.4,-5.0,-0.8173076923076912,-0.007788461538461244,5.4,6.25,-2.6949999999999994,-5.0,5.0,0.65,1.5,0.45,7.0,0.35,0.0,7.5,5.0,2.0,0.8,0.0,1.4,0.45,0.35,0.2,0.35,0.15,0.05,7.0,5.4,buyer_value_audit_cost_grid
audit_penalty,Audit/penalty,none,5.4,-5.0,-0.8173076923076912,-0.007788461538461244,5.4,6.1375,-2.8075,-5.0,5.0,0.65,1.5,0.45,7.0,0.35,0.0,7.5,5.0,2.25,0.8,0.0,1.4,0.45,0.35,0.2,0.35,0.15,0.05,7.0,5.4,buyer_value_audit_cost_grid
audit_penalty,Audit/penalty,none,5.4,-5.0,-0.8173076923076912,-0.007788461538461244,5.4,6.025,-2.92,-5.0,5.0,0.65,1.5,0.45,7.0,0.35,0.0,7.5,5.0,2.5,0.8,0.0,1.4,0.45,0.35,0.2,0.35,0.15,0.05,7.0,5.4,buyer_value_audit_cost_grid
audit_penalty,Audit/penalty,none,5.4,-5.0,-0.8173076923076912,-0.007788461538461244,5.4,5.9125000000000005,-3.0324999999999998,-5.0,5.0,0.65,1.5,0.45,7.0,0.35,0.0,7.5,5.0,2.75,0.8,0.0,1.4,0.45,0.35,0.2,0.35,0.15,0.05,7.0,5.4,buyer_value_audit_cost_grid
audit_penalty,Audit/penalty,none,5.4,-5.0,-0.8173076923076912,-0.007788461538461244,5.4,5.800000000000001,-3.1449999999999996,-5.0,5.0,0.65,1.5,0.45,7.0,0.35,0.0,7.5,5.0,3.0,0.8,0.0,1.4,0.45,0.35,0.2,0.35,0.15,0.05,7.0,5.4,buyer_value_audit_cost_grid
audit_penalty,Audit/penalty,none,5.4,-5.0,-0.8173076923076912,-0.007788461538461244,5.4,5.6875,-3.2575000000000003,-5.0,5.0,0.65,1.5,0.45,7.0,0.35,0.0,7.5,5.0,3.25,0.8,0.0,1.4,0.45,0.35,0.2,0.35,0.15,0.05,7.0,5.4,buyer_value_audit_cost_grid
audit_penalty,Audit/penalty,none,5.4,-5.0,-0.8173076923076912,-0.007788461538461244,5.4,5.575,-3.37,-5.0,5.0,0.65,1.5,0.45,7.0,0.35,0.0,7.5,5.0,3.5,0.8,0.0,1.4,0.45,0.35,0.2,0.35,0.15,0.05,7.0,5.4,buyer_value_audit_cost_grid
audit_penalty,Audit/penalty,none,5.4,-5.0,-0.8173076923076912,-0.007788461538461244,5.4,5.4625,-3.4825,-5.0,5.0,0.65,1.5,0.45,7.0,0.35,0.0,7.5,5.0,3.75,0.8,0.0,1.4,0.45,0.35,0.2,0.35,0.15,0.05,7.0,5.4,buyer_value_audit_cost_grid
audit_penalty,Audit/penalty,none,5.4,-5.0,-0.8173076923076912,-0.007788461538461244,5.4,5.3500000000000005,-3.5949999999999998,-5.0,5.0,0.65,1.5,0.45,7.0,0.35,0.0,7.5,5.0,4.0,0.8,0.0,1.4,0.45,0.35,0.2,0.35,0.15,0.05,7.0,5.4,buyer_value_audit_cost_grid
audit_penalty,Audit/penalty,none,5.4,-5.0,-0.8173076923076912,-0.007788461538461244,5.4,7.65,-1.6199999999999999,-5.0,5.0,0.65,1.5,0.45,7.0,0.35,0.0,8.0,5.0,0.0,0.8,0.0,1.4,0.45,0.35,0.2,0.35,0.15,0.05,7.0,5.4,buyer_value_audit_cost_grid
audit_penalty,Audit/penalty,none,5.4,-5.0,-0.8173076923076912,-0.007788461538461244,5.4,7.5375000000000005,-1.7324999999999997,-5.0,5.0,0.65,1.5,0.45,7.0,0.35,0.0,8.0,5.0,0.25,0.8,0.0,1.4,0.45,0.35,0.2,0.35,0.15,0.05,7.0,5.4,buyer_value_audit_cost_grid
audit_penalty,Audit/penalty,none,5.4,-5.0,-0.8173076923076912,-0.007788461538461244,5.4,7.425000000000001,-1.845,-5.0,5.0,0.65,1.5,0.45,7.0,0.35,0.0,8.0,5.0,0.5,0.8,0.0,1.4,0.45,0.35,0.2,0.35,0.15,0.05,7.0,5.4,buyer_value_audit_cost_grid
audit_penalty,Audit/penalty,none,5.4,-5.0,-0.8173076923076912,-0.007788461538461244,5.4,7.3125,-1.9574999999999998,-5.0,5.0,0.65,1.5,0.45,7.0,0.35,0.0,8.0,5.0,0.75,0.8,0.0,1.4,0.45,0.35,0.2,0.35,0.15,0.05,7.0,5.4,buyer_value_audit_cost_grid
audit_penalty,Audit/penalty,none,5.4,-5.0,-0.8173076923076912,-0.007788461538461244,5.4,7.2,-2.0700000000000003,-5.0,5.0,0.65,1.5,0.45,7.0,0.35,0.0,8.0,5.0,1.0,0.8,0.0,1.4,0.45,0.35,0.2,0.35,0.15,0.05,7.0,5.4,buyer_value_audit_cost_grid
audit_penalty,Audit/penalty,none,5.4,-5.0,-0.8173076923076912,-0.007788461538461244,5.4,7.0875,-2.1825,-5.0,5.0,0.65,1.5,0.45,7.0,0.35,0.0,8.0,5.0,1.25,0.8,0.0,1.4,0.45,0.35,0.2,0.35,0.15,0.05,7.0,5.4,buyer_value_audit_cost_grid
audit_penalty,Audit/penalty,none,5.4,-5.0,-0.8173076923076912,-0.007788461538461244,5.4,6.9750000000000005,-2.295,-5.0,5.0,0.65,1.5,0.45,7.0,0.35,0.0,8.0,5.0,1.5,0.8,0.0,1.4,0.45,0.35,0.2,0.35,0.15,0.05,7.0,5.4,buyer_value_audit_cost_grid
audit_penalty,Audit/penalty,none,5.4,-5.0,-0.8173076923076912,-0.007788461538461244,5.4,6.862500000000001,-2.4074999999999998,-5.0,5.0,0.65,1.5,0.45,7.0,0.35,0.0,8.0,5.0,1.75,0.8,0.0,1.4,0.45,0.35,0.2,0.35,0.15,0.05,7.0,5.4,buyer_value_audit_cost_grid
audit_penalty,Audit/penalty,none,5.4,-5.0,-0.8173076923076912,-0.007788461538461244,5.4,6.75,-2.5199999999999996,-5.0,5.0,0.65,1.5,0.45,7.0,0.35,0.0,8.0,5.0,2.0,0.8,0.0,1.4,0.45,0.35,0.2,0.35,0.15,0.05,7.0,5.4,buyer_value_audit_cost_grid
audit_penalty,Audit/penalty,none,5.4,-5.0,-0.8173076923076912,-0.007788461538461244,5.4,6.6375,-2.6325000000000003,-5.0,5.0,0.65,1.5,0.45,7.0,0.35,0.0,8.0,5.0,2.25,0.8,0.0,1.4,0.45,0.35,0.2,0.35,0.15,0.05,7.0,5.4,buyer_value_audit_cost_grid
audit_penalty,Audit/penalty,none,5.4,-5.0,-0.8173076923076912,-0.007788461538461244,5.4,6.525,-2.745,-5.0,5.0,0.65,1.5,0.45,7.0,0.35,0.0,8.0,5.0,2.5,0.8,0.0,1.4,0.45,0.35,0.2,0.35,0.15,0.05,7.0,5.4,buyer_value_audit_cost_grid
audit_penalty,Audit/penalty,none,5.4,-5.0,-0.8173076923076912,-0.007788461538461244,5.4,6.4125000000000005,-2.8575,-5.0,5.0,0.65,1.5,0.45,7.0,0.35,0.0,8.0,5.0,2.75,0.8,0.0,1.4,0.45,0.35,0.2,0.35,0.15,0.05,7.0,5.4,buyer_value_audit_cost_grid
audit_penalty,Audit/penalty,none,5.4,-5.0,-0.8173076923076912,-0.007788461538461244,5.4,6.300000000000001,-2.9699999999999998,-5.0,5.0,0.65,1.5,0.45,7.0,0.35,0.0,8.0,5.0,3.0,0.8,0.0,1.4,0.45,0.35,0.2,0.35,0.15,0.05,7.0,5.4,buyer_value_audit_cost_grid
audit_penalty,Audit/penalty,none,5.4,-5.0,-0.8173076923076912,-0.007788461538461244,5.4,6.1875,-3.0825000000000005,-5.0,5.0,0.65,1.5,0.45,7.0,0.35,0.0,8.0,5.0,3.25,0.8,0.0,1.4,0.45,0.35,0.2,0.35,0.15,0.05,7.0,5.4,buyer_value_audit_cost_grid
audit_penalty,Audit/penalty,none,5.4,-5.0,-0.8173076923076912,-0.007788461538461244,5.4,6.075,-3.1950000000000003,-5.0,5.0,0.65,1.5,0.45,7.0,0.35,0.0,8.0,5.0,3.5,0.8,0.0,1.4,0.45,0.35,0.2,0.35,0.15,0.05,7.0,5.4,buyer_value_audit_cost_grid
audit_penalty,Audit/penalty,none,5.4,-5.0,-0.8173076923076912,-0.007788461538461244,5.4,5.9625,-3.3075,-5.0,5.0,0.65,1.5,0.45,7.0,0.35,0.0,8.0,5.0,3.75,0.8,0.0,1.4,0.45,0.35,0.2,0.35,0.15,0.05,7.0,5.4,buyer_value_audit_cost_grid
audit_penalty,Audit/penalty,none,5.4,-5.0,-0.8173076923076912,-0.007788461538461244,5.4,5.8500000000000005,-3.42,-5.0,5.0,0.65,1.5,0.45,7.0,0.35,0.0,8.0,5.0,4.0,0.8,0.0,1.4,0.45,0.35,0.2,0.35,0.15,0.05,7.0,5.4,buyer_value_audit_cost_grid
audit_penalty,Audit/penalty,none,5.4,-5.0,-0.8173076923076912,-0.007788461538461244,5.4,8.15,-1.445,-5.0,5.0,0.65,1.5,0.45,7.0,0.35,0.0,8.5,5.0,0.0,0.8,0.0,1.4,0.45,0.35,0.2,0.35,0.15,0.05,7.0,5.4,buyer_value_audit_cost_grid
audit_penalty,Audit/penalty,none,5.4,-5.0,-0.8173076923076912,-0.007788461538461244,5.4,8.0375,-1.5574999999999999,-5.0,5.0,0.65,1.5,0.45,7.0,0.35,0.0,8.5,5.0,0.25,0.8,0.0,1.4,0.45,0.35,0.2,0.35,0.15,0.05,7.0,5.4,buyer_value_audit_cost_grid
audit_penalty,Audit/penalty,none,5.4,-5.0,-0.8173076923076912,-0.007788461538461244,5.4,7.925000000000001,-1.6700000000000002,-5.0,5.0,0.65,1.5,0.45,7.0,0.35,0.0,8.5,5.0,0.5,0.8,0.0,1.4,0.45,0.35,0.2,0.35,0.15,0.05,7.0,5.4,buyer_value_audit_cost_grid
audit_penalty,Audit/penalty,none,5.4,-5.0,-0.8173076923076912,-0.007788461538461244,5.4,7.8125,-1.7825,-5.0,5.0,0.65,1.5,0.45,7.0,0.35,0.0,8.5,5.0,0.75,0.8,0.0,1.4,0.45,0.35,0.2,0.35,0.15,0.05,7.0,5.4,buyer_value_audit_cost_grid
audit_penalty,Audit/penalty,none,5.4,-5.0,-0.8173076923076912,-0.007788461538461244,5.4,7.7,-1.8950000000000002,-5.0,5.0,0.65,1.5,0.45,7.0,0.35,0.0,8.5,5.0,1.0,0.8,0.0,1.4,0.45,0.35,0.2,0.35,0.15,0.05,7.0,5.4,buyer_value_audit_cost_grid
audit_penalty,Audit/penalty,none,5.4,-5.0,-0.8173076923076912,-0.007788461538461244,5.4,7.5875,-2.0075000000000003,-5.0,5.0,0.65,1.5,0.45,7.0,0.35,0.0,8.5,5.0,1.25,0.8,0.0,1.4,0.45,0.35,0.2,0.35,0.15,0.05,7.0,5.4,buyer_value_audit_cost_grid
audit_penalty,Audit/penalty,none,5.4,-5.0,-0.8173076923076912,-0.007788461538461244,5.4,7.4750000000000005,-2.12,-5.0,5.0,0.65,1.5,0.45,7.0,0.35,0.0,8.5,5.0,1.5,0.8,0.0,1.4,0.45,0.35,0.2,0.35,0.15,0.05,7.0,5.4,buyer_value_audit_cost_grid
audit_penalty,Audit/penalty,none,5.4,-5.0,-0.8173076923076912,-0.007788461538461244,5.4,7.362500000000001,-2.2325,-5.0,5.0,0.65,1.5,0.45,7.0,0.35,0.0,8.5,5.0,1.75,0.8,0.0,1.4,0.45,0.35,0.2,0.35,0.15,0.05,7.0,5.4,buyer_value_audit_cost_grid
audit_penalty,Audit/penalty,none,5.4,-5.0,-0.8173076923076912,-0.007788461538461244,5.4,7.25,-2.3449999999999998,-5.0,5.0,0.65,1.5,0.45,7.0,0.35,0.0,8.5,5.0,2.0,0.8,0.0,1.4,0.45,0.35,0.2,0.35,0.15,0.05,7.0,5.4,buyer_value_audit_cost_grid
audit_penalty,Audit/penalty,none,5.4,-5.0,-0.8173076923076912,-0.007788461538461244,5.4,7.1375,-2.4575000000000005,-5.0,5.0,0.65,1.5,0.45,7.0,0.35,0.0,8.5,5.0,2.25,0.8,0.0,1.4,0.45,0.35,0.2,0.35,0.15,0.05,7.0,5.4,buyer_value_audit_cost_grid
audit_penalty,Audit/penalty,none,5.4,-5.0,-0.8173076923076912,-0.007788461538461244,5.4,7.025,-2.5700000000000003,-5.0,5.0,0.65,1.5,0.45,7.0,0.35,0.0,8.5,5.0,2.5,0.8,0.0,1.4,0.45,0.35,0.2,0.35,0.15,0.05,7.0,5.4,buyer_value_audit_cost_grid
audit_penalty,Audit/penalty,none,5.4,-5.0,-0.8173076923076912,-0.007788461538461244,5.4,6.9125000000000005,-2.6825,-5.0,5.0,0.65,1.5,0.45,7.0,0.35,0.0,8.5,5.0,2.75,0.8,0.0,1.4,0.45,0.35,0.2,0.35,0.15,0.05,7.0,5.4,buyer_value_audit_cost_grid
audit_penalty,Audit/penalty,none,5.4,-5.0,-0.8173076923076912,-0.007788461538461244,5.4,6.800000000000001,-2.795,-5.0,5.0,0.65,1.5,0.45,7.0,0.35,0.0,8.5,5.0,3.0,0.8,0.0,1.4,0.45,0.35,0.2,0.35,0.15,0.05,7.0,5.4,buyer_value_audit_cost_grid
audit_penalty,Audit/penalty,none,5.4,-5.0,-0.8173076923076912,-0.007788461538461244,5.4,6.6875,-2.9075000000000006,-5.0,5.0,0.65,1.5,0.45,7.0,0.35,0.0,8.5,5.0,3.25,0.8,0.0,1.4,0.45,0.35,0.2,0.35,0.15,0.05,7.0,5.4,buyer_value_audit_cost_grid
audit_penalty,Audit/penalty,none,5.4,-5.0,-0.8173076923076912,-0.007788461538461244,5.4,6.575,-3.0200000000000005,-5.0,5.0,0.65,1.5,0.45,7.0,0.35,0.0,8.5,5.0,3.5,0.8,0.0,1.4,0.45,0.35,0.2,0.35,0.15,0.05,7.0,5.4,buyer_value_audit_cost_grid
audit_penalty,Audit/penalty,none,5.4,-5.0,-0.8173076923076912,-0.007788461538461244,5.4,6.4625,-3.1325000000000003,-5.0,5.0,0.65,1.5,0.45,7.0,0.35,0.0,8.5,5.0,3.75,0.8,0.0,1.4,0.45,0.35,0.2,0.35,0.15,0.05,7.0,5.4,buyer_value_audit_cost_grid
audit_penalty,Audit/penalty,none,5.4,-5.0,-0.8173076923076912,-0.007788461538461244,5.4,6.3500000000000005,-3.245,-5.0,5.0,0.65,1.5,0.45,7.0,0.35,0.0,8.5,5.0,4.0,0.8,0.0,1.4,0.45,0.35,0.2,0.35,0.15,0.05,7.0,5.4,buyer_value_audit_cost_grid
audit_penalty,Audit/penalty,none,5.4,-5.0,-0.8173076923076912,-0.007788461538461244,5.4,8.65,-1.27,-5.0,5.0,0.65,1.5,0.45,7.0,0.35,0.0,9.0,5.0,0.0,0.8,0.0,1.4,0.45,0.35,0.2,0.35,0.15,0.05,7.0,5.4,buyer_value_audit_cost_grid
audit_penalty,Audit/penalty,none,5.4,-5.0,-0.8173076923076912,-0.007788461538461244,5.4,8.5375,-1.3825,-5.0,5.0,0.65,1.5,0.45,7.0,0.35,0.0,9.0,5.0,0.25,0.8,0.0,1.4,0.45,0.35,0.2,0.35,0.15,0.05,7.0,5.4,buyer_value_audit_cost_grid
audit_penalty,Audit/penalty,none,5.4,-5.0,-0.8173076923076912,-0.007788461538461244,5.4,8.425,-1.4949999999999999,-5.0,5.0,0.65,1.5,0.45,7.0,0.35,0.0,9.0,5.0,0.5,0.8,0.0,1.4,0.45,0.35,0.2,0.35,0.15,0.05,7.0,5.4,buyer_value_audit_cost_grid
audit_penalty,Audit/penalty,none,5.4,-5.0,-0.8173076923076912,-0.007788461538461244,5.4,8.3125,-1.6074999999999997,-5.0,5.0,0.65,1.5,0.45,7.0,0.35,0.0,9.0,5.0,0.75,0.8,0.0,1.4,0.45,0.35,0.2,0.35,0.15,0.05,7.0,5.4,buyer_value_audit_cost_grid
audit_penalty,Audit/penalty,none,5.4,-5.0,-0.8173076923076912,-0.007788461538461244,5.4,8.200000000000001,-1.72,-5.0,5.0,0.65,1.5,0.45,7.0,0.35,0.0,9.0,5.0,1.0,0.8,0.0,1.4,0.45,0.35,0.2,0.35,0.15,0.05,7.0,5.4,buyer_value_audit_cost_grid
audit_penalty,Audit/penalty,none,5.4,-5.0,-0.8173076923076912,-0.007788461538461244,5.4,8.0875,-1.8324999999999998,-5.0,5.0,0.65,1.5,0.45,7.0,0.35,0.0,9.0,5.0,1.25,0.8,0.0,1.4,0.45,0.35,0.2,0.35,0.15,0.05,7.0,5.4,buyer_value_audit_cost_grid
audit_penalty,Audit/penalty,none,5.4,-5.0,-0.8173076923076912,-0.007788461538461244,5.4,7.9750000000000005,-1.945,-5.0,5.0,0.65,1.5,0.45,7.0,0.35,0.0,9.0,5.0,1.5,0.8,0.0,1.4,0.45,0.35,0.2,0.35,0.15,0.05,7.0,5.4,buyer_value_audit_cost_grid
audit_penalty,Audit/penalty,none,5.4,-5.0,-0.8173076923076912,-0.007788461538461244,5.4,7.862500000000001,-2.0575,-5.0,5.0,0.65,1.5,0.45,7.0,0.35,0.0,9.0,5.0,1.75,0.8,0.0,1.4,0.45,0.35,0.2,0.35,0.15,0.05,7.0,5.4,buyer_value_audit_cost_grid
audit_penalty,Audit/penalty,none,5.4,-5.0,-0.8173076923076912,-0.007788461538461244,5.4,7.75,-2.17,-5.0,5.0,0.65,1.5,0.45,7.0,0.35,0.0,9.0,5.0,2.0,0.8,0.0,1.4,0.45,0.35,0.2,0.35,0.15,0.05,7.0,5.4,buyer_value_audit_cost_grid
audit_penalty,Audit/penalty,none,5.4,-5.0,-0.8173076923076912,-0.007788461538461244,5.4,7.6375,-2.2824999999999998,-5.0,5.0,0.65,1.5,0.45,7.0,0.35,0.0,9.0,5.0,2.25,0.8,0.0,1.4,0.45,0.35,0.2,0.35,0.15,0.05,7.0,5.4,buyer_value_audit_cost_grid
audit_penalty,Audit/penalty,none,5.4,-5.0,-0.8173076923076912,-0.007788461538461244,5.4,7.525,-2.3949999999999996,-5.0,5.0,0.65,1.5,0.45,7.0,0.35,0.0,9.0,5.0,2.5,0.8,0.0,1.4,0.45,0.35,0.2,0.35,0.15,0.05,7.0,5.4,buyer_value_audit_cost_grid
audit_penalty,Audit/penalty,none,5.4,-5.0,-0.8173076923076912,-0.007788461538461244,5.4,7.4125000000000005,-2.5075000000000003,-5.0,5.0,0.65,1.5,0.45,7.0,0.35,0.0,9.0,5.0,2.75,0.8,0.0,1.4,0.45,0.35,0.2,0.35,0.15,0.05,7.0,5.4,buyer_value_audit_cost_grid
audit_penalty,Audit/penalty,none,5.4,-5.0,-0.8173076923076912,-0.007788461538461244,5.4,7.300000000000001,-2.62,-5.0,5.0,0.65,1.5,0.45,7.0,0.35,0.0,9.0,5.0,3.0,0.8,0.0,1.4,0.45,0.35,0.2,0.35,0.15,0.05,7.0,5.4,buyer_value_audit_cost_grid
audit_penalty,Audit/penalty,none,5.4,-5.0,-0.8173076923076912,-0.007788461538461244,5.4,7.1875,-2.7325,-5.0,5.0,0.65,1.5,0.45,7.0,0.35,0.0,9.0,5.0,3.25,0.8,0.0,1.4,0.45,0.35,0.2,0.35,0.15,0.05,7.0,5.4,buyer_value_audit_cost_grid
audit_penalty,Audit/penalty,none,5.4,-5.0,-0.8173076923076912,-0.007788461538461244,5.4,7.075,-2.8449999999999998,-5.0,5.0,0.65,1.5,0.45,7.0,0.35,0.0,9.0,5.0,3.5,0.8,0.0,1.4,0.45,0.35,0.2,0.35,0.15,0.05,7.0,5.4,buyer_value_audit_cost_grid
audit_penalty,Audit/penalty,none,5.4,-5.0,-0.8173076923076912,-0.007788461538461244,5.4,6.9625,-2.9574999999999996,-5.0,5.0,0.65,1.5,0.45,7.0,0.35,0.0,9.0,5.0,3.75,0.8,0.0,1.4,0.45,0.35,0.2,0.35,0.15,0.05,7.0,5.4,buyer_value_audit_cost_grid
audit_penalty,Audit/penalty,none,5.4,-5.0,-0.8173076923076912,-0.007788461538461244,5.4,6.8500000000000005,-3.0700000000000003,-5.0,5.0,0.65,1.5,0.45,7.0,0.35,0.0,9.0,5.0,4.0,0.8,0.0,1.4,0.45,0.35,0.2,0.35,0.15,0.05,7.0,5.4,buyer_value_audit_cost_grid
audit_penalty,Audit/penalty,none,5.4,-5.0,-0.8173076923076912,-0.007788461538461244,5.4,9.15,-1.0950000000000002,-5.0,5.0,0.65,1.5,0.45,7.0,0.35,0.0,9.5,5.0,0.0,0.8,0.0,1.4,0.45,0.35,0.2,0.35,0.15,0.05,7.0,5.4,buyer_value_audit_cost_grid
audit_penalty,Audit/penalty,none,5.4,-5.0,-0.8173076923076912,-0.007788461538461244,5.4,9.0375,-1.2075000000000002,-5.0,5.0,0.65,1.5,0.45,7.0,0.35,0.0,9.5,5.0,0.25,0.8,0.0,1.4,0.45,0.35,0.2,0.35,0.15,0.05,7.0,5.4,buyer_value_audit_cost_grid
audit_penalty,Audit/penalty,none,5.4,-5.0,-0.8173076923076912,-0.007788461538461244,5.4,8.925,-1.3200000000000003,-5.0,5.0,0.65,1.5,0.45,7.0,0.35,0.0,9.5,5.0,0.5,0.8,0.0,1.4,0.45,0.35,0.2,0.35,0.15,0.05,7.0,5.4,buyer_value_audit_cost_grid
audit_penalty,Audit/penalty,none,5.4,-5.0,-0.8173076923076912,-0.007788461538461244,5.4,8.8125,-1.4324999999999999,-5.0,5.0,0.65,1.5,0.45,7.0,0.35,0.0,9.5,5.0,0.75,0.8,0.0,1.4,0.45,0.35,0.2,0.35,0.15,0.05,7.0,5.4,buyer_value_audit_cost_grid
audit_penalty,Audit/penalty,none,5.4,-5.0,-0.8173076923076912,-0.007788461538461244,5.4,8.700000000000001,-1.5450000000000002,-5.0,5.0,0.65,1.5,0.45,7.0,0.35,0.0,9.5,5.0,1.0,0.8,0.0,1.4,0.45,0.35,0.2,0.35,0.15,0.05,7.0,5.4,buyer_value_audit_cost_grid
audit_penalty,Audit/penalty,none,5.4,-5.0,-0.8173076923076912,-0.007788461538461244,5.4,8.5875,-1.6575,-5.0,5.0,0.65,1.5,0.45,7.0,0.35,0.0,9.5,5.0,1.25,0.8,0.0,1.4,0.45,0.35,0.2,0.35,0.15,0.05,7.0,5.4,buyer_value_audit_cost_grid
audit_penalty,Audit/penalty,none,5.4,-5.0,-0.8173076923076912,-0.007788461538461244,5.4,8.475,-1.7700000000000002,-5.0,5.0,0.65,1.5,0.45,7.0,0.35,0.0,9.5,5.0,1.5,0.8,0.0,1.4,0.45,0.35,0.2,0.35,0.15,0.05,7.0,5.4,buyer_value_audit_cost_grid
audit_penalty,Audit/penalty,none,5.4,-5.0,-0.8173076923076912,-0.007788461538461244,5.4,8.3625,-1.8825,-5.0,5.0,0.65,1.5,0.45,7.0,0.35,0.0,9.5,5.0,1.75,0.8,0.0,1.4,0.45,0.35,0.2,0.35,0.15,0.05,7.0,5.4,buyer_value_audit_cost_grid
audit_penalty,Audit/penalty,none,5.4,-5.0,-0.8173076923076912,-0.007788461538461244,5.4,8.25,-1.9949999999999999,-5.0,5.0,0.65,1.5,0.45,7.0,0.35,0.0,9.5,5.0,2.0,0.8,0.0,1.4,0.45,0.35,0.2,0.35,0.15,0.05,7.0,5.4,buyer_value_audit_cost_grid
audit_penalty,Audit/penalty,none,5.4,-5.0,-0.8173076923076912,-0.007788461538461244,5.4,8.137500000000001,-2.1075,-5.0,5.0,0.65,1.5,0.45,7.0,0.35,0.0,9.5,5.0,2.25,0.8,0.0,1.4,0.45,0.35,0.2,0.35,0.15,0.05,7.0,5.4,buyer_value_audit_cost_grid
audit_penalty,Audit/penalty,none,5.4,-5.0,-0.8173076923076912,-0.007788461538461244,5.4,8.025,-2.2199999999999998,-5.0,5.0,0.65,1.5,0.45,7.0,0.35,0.0,9.5,5.0,2.5,0.8,0.0,1.4,0.45,0.35,0.2,0.35,0.15,0.05,7.0,5.4,buyer_value_audit_cost_grid
audit_penalty,Audit/penalty,none,5.4,-5.0,-0.8173076923076912,-0.007788461538461244,5.4,7.9125000000000005,-2.3325000000000005,-5.0,5.0,0.65,1.5,0.45,7.0,0.35,0.0,9.5,5.0,2.75,0.8,0.0,1.4,0.45,0.35,0.2,0.35,0.15,0.05,7.0,5.4,buyer_value_audit_cost_grid
audit_penalty,Audit/penalty,none,5.4,-5.0,-0.8173076923076912,-0.007788461538461244,5.4,7.800000000000001,-2.4450000000000003,-5.0,5.0,0.65,1.5,0.45,7.0,0.35,0.0,9.5,5.0,3.0,0.8,0.0,1.4,0.45,0.35,0.2,0.35,0.15,0.05,7.0,5.4,buyer_value_audit_cost_grid
audit_penalty,Audit/penalty,none,5.4,-5.0,-0.8173076923076912,-0.007788461538461244,5.4,7.6875,-2.5575,-5.0,5.0,0.65,1.5,0.45,7.0,0.35,0.0,9.5,5.0,3.25,0.8,0.0,1.4,0.45,0.35,0.2,0.35,0.15,0.05,7.0,5.4,buyer_value_audit_cost_grid
audit_penalty,Audit/penalty,none,5.4,-5.0,-0.8173076923076912,-0.007788461538461244,5.4,7.575,-2.67,-5.0,5.0,0.65,1.5,0.45,7.0,0.35,0.0,9.5,5.0,3.5,0.8,0.0,1.4,0.45,0.35,0.2,0.35,0.15,0.05,7.0,5.4,buyer_value_audit_cost_grid
audit_penalty,Audit/penalty,none,5.4,-5.0,-0.8173076923076912,-0.007788461538461244,5.4,7.4625,-2.7824999999999998,-5.0,5.0,0.65,1.5,0.45,7.0,0.35,0.0,9.5,5.0,3.75,0.8,0.0,1.4,0.45,0.35,0.2,0.35,0.15,0.05,7.0,5.4,buyer_value_audit_cost_grid
audit_penalty,Audit/penalty,none,5.4,-5.0,-0.8173076923076912,-0.007788461538461244,5.4,7.3500000000000005,-2.8950000000000005,-5.0,5.0,0.65,1.5,0.45,7.0,0.35,0.0,9.5,5.0,4.0,0.8,0.0,1.4,0.45,0.35,0.2,0.35,0.15,0.05,7.0,5.4,buyer_value_audit_cost_grid
audit_penalty,Audit/penalty,none,5.4,-5.0,-0.8173076923076912,-0.007788461538461244,5.4,9.65,-0.9199999999999999,-5.0,5.0,0.65,1.5,0.45,7.0,0.35,0.0,10.0,5.0,0.0,0.8,0.0,1.4,0.45,0.35,0.2,0.35,0.15,0.05,7.0,5.4,buyer_value_audit_cost_grid
audit_penalty,Audit/penalty,none,5.4,-5.0,-0.8173076923076912,-0.007788461538461244,5.4,9.5375,-1.0325,-5.0,5.0,0.65,1.5,0.45,7.0,0.35,0.0,10.0,5.0,0.25,0.8,0.0,1.4,0.45,0.35,0.2,0.35,0.15,0.05,7.0,5.4,buyer_value_audit_cost_grid
audit_penalty,Audit/penalty,none,5.4,-5.0,-0.8173076923076912,-0.007788461538461244,5.4,9.425,-1.145,-5.0,5.0,0.65,1.5,0.45,7.0,0.35,0.0,10.0,5.0,0.5,0.8,0.0,1.4,0.45,0.35,0.2,0.35,0.15,0.05,7.0,5.4,buyer_value_audit_cost_grid
audit_penalty,Audit/penalty,none,5.4,-5.0,-0.8173076923076912,-0.007788461538461244,5.4,9.3125,-1.2574999999999998,-5.0,5.0,0.65,1.5,0.45,7.0,0.35,0.0,10.0,5.0,0.75,0.8,0.0,1.4,0.45,0.35,0.2,0.35,0.15,0.05,7.0,5.4,buyer_value_audit_cost_grid
audit_penalty,Audit/penalty,none,5.4,-5.0,-0.8173076923076912,-0.007788461538461244,5.4,9.200000000000001,-1.3699999999999999,-5.0,5.0,0.65,1.5,0.45,7.0,0.35,0.0,10.0,5.0,1.0,0.8,0.0,1.4,0.45,0.35,0.2,0.35,0.15,0.05,7.0,5.4,buyer_value_audit_cost_grid
audit_penalty,Audit/penalty,none,5.4,-5.0,-0.8173076923076912,-0.007788461538461244,5.4,9.0875,-1.4824999999999997,-5.0,5.0,0.65,1.5,0.45,7.0,0.35,0.0,10.0,5.0,1.25,0.8,0.0,1.4,0.45,0.35,0.2,0.35,0.15,0.05,7.0,5.4,buyer_value_audit_cost_grid
audit_penalty,Audit/penalty,none,5.4,-5.0,-0.8173076923076912,-0.007788461538461244,5.4,8.975,-1.5949999999999995,-5.0,5.0,0.65,1.5,0.45,7.0,0.35,0.0,10.0,5.0,1.5,0.8,0.0,1.4,0.45,0.35,0.2,0.35,0.15,0.05,7.0,5.4,buyer_value_audit_cost_grid
audit_penalty,Audit/penalty,none,5.4,-5.0,-0.8173076923076912,-0.007788461538461244,5.4,8.8625,-1.7074999999999998,-5.0,5.0,0.65,1.5,0.45,7.0,0.35,0.0,10.0,5.0,1.75,0.8,0.0,1.4,0.45,0.35,0.2,0.35,0.15,0.05,7.0,5.4,buyer_value_audit_cost_grid
audit_penalty,Audit/penalty,none,5.4,-5.0,-0.8173076923076912,-0.007788461538461244,5.4,8.75,-1.8199999999999996,-5.0,5.0,0.65,1.5,0.45,7.0,0.35,0.0,10.0,5.0,2.0,0.8,0.0,1.4,0.45,0.35,0.2,0.35,0.15,0.05,7.0,5.4,buyer_value_audit_cost_grid
audit_penalty,Audit/penalty,none,5.4,-5.0,-0.8173076923076912,-0.007788461538461244,5.4,8.637500000000001,-1.9324999999999999,-5.0,5.0,0.65,1.5,0.45,7.0,0.35,0.0,10.0,5.0,2.25,0.8,0.0,1.4,0.45,0.35,0.2,0.35,0.15,0.05,7.0,5.4,buyer_value_audit_cost_grid
audit_penalty,Audit/penalty,none,5.4,-5.0,-0.8173076923076912,-0.007788461538461244,5.4,8.525,-2.045,-5.0,5.0,0.65,1.5,0.45,7.0,0.35,0.0,10.0,5.0,2.5,0.8,0.0,1.4,0.45,0.35,0.2,0.35,0.15,0.05,7.0,5.4,buyer_value_audit_cost_grid
audit_penalty,Audit/penalty,none,5.4,-5.0,-0.8173076923076912,-0.007788461538461244,5.4,8.4125,-2.1574999999999998,-5.0,5.0,0.65,1.5,0.45,7.0,0.35,0.0,10.0,5.0,2.75,0.8,0.0,1.4,0.45,0.35,0.2,0.35,0.15,0.05,7.0,5.4,buyer_value_audit_cost_grid
audit_penalty,Audit/penalty,none,5.4,-5.0,-0.8173076923076912,-0.007788461538461244,5.4,8.3,-2.2699999999999996,-5.0,5.0,0.65,1.5,0.45,7.0,0.35,0.0,10.0,5.0,3.0,0.8,0.0,1.4,0.45,0.35,0.2,0.35,0.15,0.05,7.0,5.4,buyer_value_audit_cost_grid
audit_penalty,Audit/penalty,none,5.4,-5.0,-0.8173076923076912,-0.007788461538461244,5.4,8.1875,-2.3825000000000003,-5.0,5.0,0.65,1.5,0.45,7.0,0.35,0.0,10.0,5.0,3.25,0.8,0.0,1.4,0.45,0.35,0.2,0.35,0.15,0.05,7.0,5.4,buyer_value_audit_cost_grid
audit_penalty,Audit/penalty,none,5.4,-5.0,-0.8173076923076912,-0.007788461538461244,5.4,8.075000000000001,-2.495,-5.0,5.0,0.65,1.5,0.45,7.0,0.35,0.0,10.0,5.0,3.5,0.8,0.0,1.4,0.45,0.35,0.2,0.35,0.15,0.05,7.0,5.4,buyer_value_audit_cost_grid
audit_penalty,Audit/penalty,none,5.4,-5.0,-0.8173076923076912,-0.007788461538461244,5.4,7.9625,-2.6075,-5.0,5.0,0.65,1.5,0.45,7.0,0.35,0.0,10.0,5.0,3.75,0.8,0.0,1.4,0.45,0.35,0.2,0.35,0.15,0.05,7.0,5.4,buyer_value_audit_cost_grid
audit_penalty,Audit/penalty,none,5.4,-5.0,-0.8173076923076912,-0.007788461538461244,5.4,7.8500000000000005,-2.7199999999999998,-5.0,5.0,0.65,1.5,0.45,7.0,0.35,0.0,10.0,5.0,4.0,0.8,0.0,1.4,0.45,0.35,0.2,0.35,0.15,0.05,7.0,5.4,buyer_value_audit_cost_grid
audit_penalty,Audit/penalty,none,5.4,-5.0,-0.8173076923076912,-0.007788461538461244,5.4,10.15,-0.7450000000000001,-5.0,5.0,0.65,1.5,0.45,7.0,0.35,0.0,10.5,5.0,0.0,0.8,0.0,1.4,0.45,0.35,0.2,0.35,0.15,0.05,7.0,5.4,buyer_value_audit_cost_grid
audit_penalty,Audit/penalty,none,5.4,-5.0,-0.8173076923076912,-0.007788461538461244,5.4,10.0375,-0.8575000000000002,-5.0,5.0,0.65,1.5,0.45,7.0,0.35,0.0,10.5,5.0,0.25,0.8,0.0,1.4,0.45,0.35,0.2,0.35,0.15,0.05,7.0,5.4,buyer_value_audit_cost_grid
audit_penalty,Audit/penalty,none,5.4,-5.0,-0.8173076923076912,-0.007788461538461244,5.4,9.925,-0.9700000000000002,-5.0,5.0,0.65,1.5,0.45,7.0,0.35,0.0,10.5,5.0,0.5,0.8,0.0,1.4,0.45,0.35,0.2,0.35,0.15,0.05,7.0,5.4,buyer_value_audit_cost_grid
audit_penalty,Audit/penalty,none,5.4,-5.0,-0.8173076923076912,-0.007788461538461244,5.4,9.8125,-1.0825,-5.0,5.0,0.65,1.5,0.45,7.0,0.35,0.0,10.5,5.0,0.75,0.8,0.0,1.4,0.45,0.35,0.2,0.35,0.15,0.05,7.0,5.4,buyer_value_audit_cost_grid
audit_penalty,Audit/penalty,none,5.4,-5.0,-0.8173076923076912,-0.007788461538461244,5.4,9.700000000000001,-1.195,-5.0,5.0,0.65,1.5,0.45,7.0,0.35,0.0,10.5,5.0,1.0,0.8,0.0,1.4,0.45,0.35,0.2,0.35,0.15,0.05,7.0,5.4,buyer_value_audit_cost_grid
audit_penalty,Audit/penalty,none,5.4,-5.0,-0.8173076923076912,-0.007788461538461244,5.4,9.5875,-1.3075,-5.0,5.0,0.65,1.5,0.45,7.0,0.35,0.0,10.5,5.0,1.25,0.8,0.0,1.4,0.45,0.35,0.2,0.35,0.15,0.05,7.0,5.4,buyer_value_audit_cost_grid
audit_penalty,Audit/penalty,none,5.4,-5.0,-0.8173076923076912,-0.007788461538461244,5.4,9.475,-1.4199999999999997,-5.0,5.0,0.65,1.5,0.45,7.0,0.35,0.0,10.5,5.0,1.5,0.8,0.0,1.4,0.45,0.35,0.2,0.35,0.15,0.05,7.0,5.4,buyer_value_audit_cost_grid
audit_penalty,Audit/penalty,none,5.4,-5.0,-0.8173076923076912,-0.007788461538461244,5.4,9.3625,-1.5325,-5.0,5.0,0.65,1.5,0.45,7.0,0.35,0.0,10.5,5.0,1.75,0.8,0.0,1.4,0.45,0.35,0.2,0.35,0.15,0.05,7.0,5.4,buyer_value_audit_cost_grid
audit_penalty,Audit/penalty,none,5.4,-5.0,-0.8173076923076912,-0.007788461538461244,5.4,9.25,-1.6449999999999998,-5.0,5.0,0.65,1.5,0.45,7.0,0.35,0.0,10.5,5.0,2.0,0.8,0.0,1.4,0.45,0.35,0.2,0.35,0.15,0.05,7.0,5.4,buyer_value_audit_cost_grid
audit_penalty,Audit/penalty,none,5.4,-5.0,-0.8173076923076912,-0.007788461538461244,5.4,9.137500000000001,-1.7575,-5.0,5.0,0.65,1.5,0.45,7.0,0.35,0.0,10.5,5.0,2.25,0.8,0.0,1.4,0.45,0.35,0.2,0.35,0.15,0.05,7.0,5.4,buyer_value_audit_cost_grid
audit_penalty,Audit/penalty,none,5.4,-5.0,-0.8173076923076912,-0.007788461538461244,5.4,9.025,-1.8699999999999999,-5.0,5.0,0.65,1.5,0.45,7.0,0.35,0.0,10.5,5.0,2.5,0.8,0.0,1.4,0.45,0.35,0.2,0.35,0.15,0.05,7.0,5.4,buyer_value_audit_cost_grid
audit_penalty,Audit/penalty,none,5.4,-5.0,-0.8173076923076912,-0.007788461538461244,5.4,8.9125,-1.9824999999999997,-5.0,5.0,0.65,1.5,0.45,7.0,0.35,0.0,10.5,5.0,2.75,0.8,0.0,1.4,0.45,0.35,0.2,0.35,0.15,0.05,7.0,5.4,buyer_value_audit_cost_grid
audit_penalty,Audit/penalty,none,5.4,-5.0,-0.8173076923076912,-0.007788461538461244,5.4,8.8,-2.0949999999999998,-5.0,5.0,0.65,1.5,0.45,7.0,0.35,0.0,10.5,5.0,3.0,0.8,0.0,1.4,0.45,0.35,0.2,0.35,0.15,0.05,7.0,5.4,buyer_value_audit_cost_grid
audit_penalty,Audit/penalty,none,5.4,-5.0,-0.8173076923076912,-0.007788461538461244,5.4,8.6875,-2.2075000000000005,-5.0,5.0,0.65,1.5,0.45,7.0,0.35,0.0,10.5,5.0,3.25,0.8,0.0,1.4,0.45,0.35,0.2,0.35,0.15,0.05,7.0,5.4,buyer_value_audit_cost_grid
audit_penalty,Audit/penalty,none,5.4,-5.0,-0.8173076923076912,-0.007788461538461244,5.4,8.575000000000001,-2.3200000000000003,-5.0,5.0,0.65,1.5,0.45,7.0,0.35,0.0,10.5,5.0,3.5,0.8,0.0,1.4,0.45,0.35,0.2,0.35,0.15,0.05,7.0,5.4,buyer_value_audit_cost_grid
audit_penalty,Audit/penalty,none,5.4,-5.0,-0.8173076923076912,-0.007788461538461244,5.4,8.4625,-2.4325,-5.0,5.0,0.65,1.5,0.45,7.0,0.35,0.0,10.5,5.0,3.75,0.8,0.0,1.4,0.45,0.35,0.2,0.35,0.15,0.05,7.0,5.4,buyer_value_audit_cost_grid
audit_penalty,Audit/penalty,none,5.4,-5.0,-0.8173076923076912,-0.007788461538461244,5.4,8.35,-2.545,-5.0,5.0,0.65,1.5,0.45,7.0,0.35,0.0,10.5,5.0,4.0,0.8,0.0,1.4,0.45,0.35,0.2,0.35,0.15,0.05,7.0,5.4,buyer_value_audit_cost_grid
audit_penalty,Audit/penalty,none,5.4,-5.0,-0.8173076923076912,-0.007788461538461244,5.4,10.65,-0.5700000000000003,-5.0,5.0,0.65,1.5,0.45,7.0,0.35,0.0,11.0,5.0,0.0,0.8,0.0,1.4,0.45,0.35,0.2,0.35,0.15,0.05,7.0,5.4,buyer_value_audit_cost_grid
audit_penalty,Audit/penalty,none,5.4,-5.0,-0.8173076923076912,-0.007788461538461244,5.4,10.5375,-0.6825000000000003,-5.0,5.0,0.65,1.5,0.45,7.0,0.35,0.0,11.0,5.0,0.25,0.8,0.0,1.4,0.45,0.35,0.2,0.35,0.15,0.05,7.0,5.4,buyer_value_audit_cost_grid
audit_penalty,Audit/penalty,none,5.4,-5.0,-0.8173076923076912,-0.007788461538461244,5.4,10.425,-0.7950000000000004,-5.0,5.0,0.65,1.5,0.45,7.0,0.35,0.0,11.0,5.0,0.5,0.8,0.0,1.4,0.45,0.35,0.2,0.35,0.15,0.05,7.0,5.4,buyer_value_audit_cost_grid
audit_penalty,Audit/penalty,none,5.4,-5.0,-0.8173076923076912,-0.007788461538461244,5.4,10.3125,-0.9075000000000002,-5.0,5.0,0.65,1.5,0.45,7.0,0.35,0.0,11.0,5.0,0.75,0.8,0.0,1.4,0.45,0.35,0.2,0.35,0.15,0.05,7.0,5.4,buyer_value_audit_cost_grid
audit_penalty,Audit/penalty,none,5.4,-5.0,-0.8173076923076912,-0.007788461538461244,5.4,10.200000000000001,-1.0200000000000002,-5.0,5.0,0.65,1.5,0.45,7.0,0.35,0.0,11.0,5.0,1.0,0.8,0.0,1.4,0.45,0.35,0.2,0.35,0.15,0.05,7.0,5.4,buyer_value_audit_cost_grid
audit_penalty,Audit/penalty,none,5.4,-5.0,-0.8173076923076912,-0.007788461538461244,5.4,10.0875,-1.1325000000000003,-5.0,5.0,0.65,1.5,0.45,7.0,0.35,0.0,11.0,5.0,1.25,0.8,0.0,1.4,0.45,0.35,0.2,0.35,0.15,0.05,7.0,5.4,buyer_value_audit_cost_grid
audit_penalty,Audit/penalty,none,5.4,-5.0,-0.8173076923076912,-0.007788461538461244,5.4,9.975,-1.2450000000000003,-5.0,5.0,0.65,1.5,0.45,7.0,0.35,0.0,11.0,5.0,1.5,0.8,0.0,1.4,0.45,0.35,0.2,0.35,0.15,0.05,7.0,5.4,buyer_value_audit_cost_grid
audit_penalty,Audit/penalty,none,5.4,-5.0,-0.8173076923076912,-0.007788461538461244,5.4,9.8625,-1.3575000000000004,-5.0,5.0,0.65,1.5,0.45,7.0,0.35,0.0,11.0,5.0,1.75,0.8,0.0,1.4,0.45,0.35,0.2,0.35,0.15,0.05,7.0,5.4,buyer_value_audit_cost_grid
audit_penalty,Audit/penalty,none,5.4,-5.0,-0.8173076923076912,-0.007788461538461244,5.4,9.75,-1.47,-5.0,5.0,0.65,1.5,0.45,7.0,0.35,0.0,11.0,5.0,2.0,0.8,0.0,1.4,0.45,0.35,0.2,0.35,0.15,0.05,7.0,5.4,buyer_value_audit_cost_grid
audit_penalty,Audit/penalty,none,5.4,-5.0,-0.8173076923076912,-0.007788461538461244,5.4,9.637500000000001,-1.5825000000000002,-5.0,5.0,0.65,1.5,0.45,7.0,0.35,0.0,11.0,5.0,2.25,0.8,0.0,1.4,0.45,0.35,0.2,0.35,0.15,0.05,7.0,5.4,buyer_value_audit_cost_grid
audit_penalty,Audit/penalty,none,5.4,-5.0,-0.8173076923076912,-0.007788461538461244,5.4,9.525,-1.695,-5.0,5.0,0.65,1.5,0.45,7.0,0.35,0.0,11.0,5.0,2.5,0.8,0.0,1.4,0.45,0.35,0.2,0.35,0.15,0.05,7.0,5.4,buyer_value_audit_cost_grid
audit_penalty,Audit/penalty,none,5.4,-5.0,-0.8173076923076912,-0.007788461538461244,5.4,9.4125,-1.8074999999999999,-5.0,5.0,0.65,1.5,0.45,7.0,0.35,0.0,11.0,5.0,2.75,0.8,0.0,1.4,0.45,0.35,0.2,0.35,0.15,0.05,7.0,5.4,buyer_value_audit_cost_grid
audit_penalty,Audit/penalty,none,5.4,-5.0,-0.8173076923076912,-0.007788461538461244,5.4,9.3,-1.9200000000000002,-5.0,5.0,0.65,1.5,0.45,7.0,0.35,0.0,11.0,5.0,3.0,0.8,0.0,1.4,0.45,0.35,0.2,0.35,0.15,0.05,7.0,5.4,buyer_value_audit_cost_grid
audit_penalty,Audit/penalty,none,5.4,-5.0,-0.8173076923076912,-0.007788461538461244,5.4,9.1875,-2.0325000000000006,-5.0,5.0,0.65,1.5,0.45,7.0,0.35,0.0,11.0,5.0,3.25,0.8,0.0,1.4,0.45,0.35,0.2,0.35,0.15,0.05,7.0,5.4,buyer_value_audit_cost_grid
audit_penalty,Audit/penalty,none,5.4,-5.0,-0.8173076923076912,-0.007788461538461244,5.4,9.075000000000001,-2.1450000000000005,-5.0,5.0,0.65,1.5,0.45,7.0,0.35,0.0,11.0,5.0,3.5,0.8,0.0,1.4,0.45,0.35,0.2,0.35,0.15,0.05,7.0,5.4,buyer_value_audit_cost_grid
audit_penalty,Audit/penalty,none,5.4,-5.0,-0.8173076923076912,-0.007788461538461244,5.4,8.9625,-2.2575000000000003,-5.0,5.0,0.65,1.5,0.45,7.0,0.35,0.0,11.0,5.0,3.75,0.8,0.0,1.4,0.45,0.35,0.2,0.35,0.15,0.05,7.0,5.4,buyer_value_audit_cost_grid
audit_penalty,Audit/penalty,none,5.4,-5.0,-0.8173076923076912,-0.007788461538461244,5.4,8.85,-2.37,-5.0,5.0,0.65,1.5,0.45,7.0,0.35,0.0,11.0,5.0,4.0,0.8,0.0,1.4,0.45,0.35,0.2,0.35,0.15,0.05,7.0,5.4,buyer_value_audit_cost_grid
audit_penalty,Audit/penalty,none,5.4,-5.0,-0.8173076923076912,-0.007788461538461244,5.4,11.15,-0.39500000000000046,-5.0,5.0,0.65,1.5,0.45,7.0,0.35,0.0,11.5,5.0,0.0,0.8,0.0,1.4,0.45,0.35,0.2,0.35,0.15,0.05,7.0,5.4,buyer_value_audit_cost_grid
audit_penalty,Audit/penalty,none,5.4,-5.0,-0.8173076923076912,-0.007788461538461244,5.4,11.0375,-0.5075000000000005,-5.0,5.0,0.65,1.5,0.45,7.0,0.35,0.0,11.5,5.0,0.25,0.8,0.0,1.4,0.45,0.35,0.2,0.35,0.15,0.05,7.0,5.4,buyer_value_audit_cost_grid
audit_penalty,Audit/penalty,none,5.4,-5.0,-0.8173076923076912,-0.007788461538461244,5.4,10.925,-0.6200000000000006,-5.0,5.0,0.65,1.5,0.45,7.0,0.35,0.0,11.5,5.0,0.5,0.8,0.0,1.4,0.45,0.35,0.2,0.35,0.15,0.05,7.0,5.4,buyer_value_audit_cost_grid
audit_penalty,Audit/penalty,none,5.4,-5.0,-0.8173076923076912,-0.007788461538461244,5.4,10.8125,-0.7325000000000004,-5.0,5.0,0.65,1.5,0.45,7.0,0.35,0.0,11.5,5.0,0.75,0.8,0.0,1.4,0.45,0.35,0.2,0.35,0.15,0.05,7.0,5.4,buyer_value_audit_cost_grid
audit_penalty,Audit/penalty,none,5.4,-5.0,-0.8173076923076912,-0.007788461538461244,5.4,10.700000000000001,-0.8450000000000004,-5.0,5.0,0.65,1.5,0.45,7.0,0.35,0.0,11.5,5.0,1.0,0.8,0.0,1.4,0.45,0.35,0.2,0.35,0.15,0.05,7.0,5.4,buyer_value_audit_cost_grid
audit_penalty,Audit/penalty,none,5.4,-5.0,-0.8173076923076912,-0.007788461538461244,5.4,10.5875,-0.9575000000000005,-5.0,5.0,0.65,1.5,0.45,7.0,0.35,0.0,11.5,5.0,1.25,0.8,0.0,1.4,0.45,0.35,0.2,0.35,0.15,0.05,7.0,5.4,buyer_value_audit_cost_grid
audit_penalty,Audit/penalty,none,5.4,-5.0,-0.8173076923076912,-0.007788461538461244,5.4,10.475,-1.0700000000000005,-5.0,5.0,0.65,1.5,0.45,7.0,0.35,0.0,11.5,5.0,1.5,0.8,0.0,1.4,0.45,0.35,0.2,0.35,0.15,0.05,7.0,5.4,buyer_value_audit_cost_grid
audit_penalty,Audit/penalty,none,5.4,-5.0,-0.8173076923076912,-0.007788461538461244,5.4,10.3625,-1.1825000000000006,-5.0,5.0,0.65,1.5,0.45,7.0,0.35,0.0,11.5,5.0,1.75,0.8,0.0,1.4,0.45,0.35,0.2,0.35,0.15,0.05,7.0,5.4,buyer_value_audit_cost_grid
audit_penalty,Audit/penalty,none,5.4,-5.0,-0.8173076923076912,-0.007788461538461244,5.4,10.25,-1.2950000000000004,-5.0,5.0,0.65,1.5,0.45,7.0,0.35,0.0,11.5,5.0,2.0,0.8,0.0,1.4,0.45,0.35,0.2,0.35,0.15,0.05,7.0,5.4,buyer_value_audit_cost_grid
audit_penalty,Audit/penalty,none,5.4,-5.0,-0.8173076923076912,-0.007788461538461244,5.4,10.137500000000001,-1.4075000000000004,-5.0,5.0,0.65,1.5,0.45,7.0,0.35,0.0,11.5,5.0,2.25,0.8,0.0,1.4,0.45,0.35,0.2,0.35,0.15,0.05,7.0,5.4,buyer_value_audit_cost_grid
audit_penalty,Audit/penalty,none,5.4,-5.0,-0.8173076923076912,-0.007788461538461244,5.4,10.025,-1.5200000000000002,-5.0,5.0,0.65,1.5,0.45,7.0,0.35,0.0,11.5,5.0,2.5,0.8,0.0,1.4,0.45,0.35,0.2,0.35,0.15,0.05,7.0,5.4,buyer_value_audit_cost_grid
audit_penalty,Audit/penalty,none,5.4,-5.0,-0.8173076923076912,-0.007788461538461244,5.4,9.9125,-1.6325,-5.0,5.0,0.65,1.5,0.45,7.0,0.35,0.0,11.5,5.0,2.75,0.8,0.0,1.4,0.45,0.35,0.2,0.35,0.15,0.05,7.0,5.4,buyer_value_audit_cost_grid
audit_penalty,Audit/penalty,none,5.4,-5.0,-0.8173076923076912,-0.007788461538461244,5.4,9.8,-1.7450000000000003,-5.0,5.0,0.65,1.5,0.45,7.0,0.35,0.0,11.5,5.0,3.0,0.8,0.0,1.4,0.45,0.35,0.2,0.35,0.15,0.05,7.0,5.4,buyer_value_audit_cost_grid
audit_penalty,Audit/penalty,none,5.4,-5.0,-0.8173076923076912,-0.007788461538461244,5.4,9.6875,-1.8575000000000006,-5.0,5.0,0.65,1.5,0.45,7.0,0.35,0.0,11.5,5.0,3.25,0.8,0.0,1.4,0.45,0.35,0.2,0.35,0.15,0.05,7.0,5.4,buyer_value_audit_cost_grid
audit_penalty,Audit/penalty,none,5.4,-5.0,-0.8173076923076912,-0.007788461538461244,5.4,9.575000000000001,-1.9700000000000004,-5.0,5.0,0.65,1.5,0.45,7.0,0.35,0.0,11.5,5.0,3.5,0.8,0.0,1.4,0.45,0.35,0.2,0.35,0.15,0.05,7.0,5.4,buyer_value_audit_cost_grid
audit_penalty,Audit/penalty,none,5.4,-5.0,-0.8173076923076912,-0.007788461538461244,5.4,9.4625,-2.0825000000000005,-5.0,5.0,0.65,1.5,0.45,7.0,0.35,0.0,11.5,5.0,3.75,0.8,0.0,1.4,0.45,0.35,0.2,0.35,0.15,0.05,7.0,5.4,buyer_value_audit_cost_grid
audit_penalty,Audit/penalty,none,5.4,-5.0,-0.8173076923076912,-0.007788461538461244,5.4,9.35,-2.1950000000000003,-5.0,5.0,0.65,1.5,0.45,7.0,0.35,0.0,11.5,5.0,4.0,0.8,0.0,1.4,0.45,0.35,0.2,0.35,0.15,0.05,7.0,5.4,buyer_value_audit_cost_grid
audit_penalty,Audit/penalty,none,5.4,-5.0,-0.8173076923076912,-0.007788461538461244,5.4,11.65,-0.22000000000000064,-5.0,5.0,0.65,1.5,0.45,7.0,0.35,0.0,12.0,5.0,0.0,0.8,0.0,1.4,0.45,0.35,0.2,0.35,0.15,0.05,7.0,5.4,buyer_value_audit_cost_grid
audit_penalty,Audit/penalty,none,5.4,-5.0,-0.8173076923076912,-0.007788461538461244,5.4,11.5375,-0.3325000000000007,-5.0,5.0,0.65,1.5,0.45,7.0,0.35,0.0,12.0,5.0,0.25,0.8,0.0,1.4,0.45,0.35,0.2,0.35,0.15,0.05,7.0,5.4,buyer_value_audit_cost_grid
audit_penalty,Audit/penalty,none,5.4,-5.0,-0.8173076923076912,-0.007788461538461244,5.4,11.425,-0.44500000000000073,-5.0,5.0,0.65,1.5,0.45,7.0,0.35,0.0,12.0,5.0,0.5,0.8,0.0,1.4,0.45,0.35,0.2,0.35,0.15,0.05,7.0,5.4,buyer_value_audit_cost_grid
audit_penalty,Audit/penalty,none,5.4,-5.0,-0.8173076923076912,-0.007788461538461244,5.4,11.3125,-0.5575000000000006,-5.0,5.0,0.65,1.5,0.45,7.0,0.35,0.0,12.0,5.0,0.75,0.8,0.0,1.4,0.45,0.35,0.2,0.35,0.15,0.05,7.0,5.4,buyer_value_audit_cost_grid
audit_penalty,Audit/penalty,none,5.4,-5.0,-0.8173076923076912,-0.007788461538461244,5.4,11.200000000000001,-0.6700000000000006,-5.0,5.0,0.65,1.5,0.45,7.0,0.35,0.0,12.0,5.0,1.0,0.8,0.0,1.4,0.45,0.35,0.2,0.35,0.15,0.05,7.0,5.4,buyer_value_audit_cost_grid
audit_penalty,Audit/penalty,none,5.4,-5.0,-0.8173076923076912,-0.007788461538461244,5.4,11.0875,-0.7825000000000006,-5.0,5.0,0.65,1.5,0.45,7.0,0.35,0.0,12.0,5.0,1.25,0.8,0.0,1.4,0.45,0.35,0.2,0.35,0.15,0.05,7.0,5.4,buyer_value_audit_cost_grid
audit_penalty,Audit/penalty,none,5.4,-5.0,-0.8173076923076912,-0.007788461538461244,5.4,10.975,-0.8950000000000007,-5.0,5.0,0.65,1.5,0.45,7.0,0.35,0.0,12.0,5.0,1.5,0.8,0.0,1.4,0.45,0.35,0.2,0.35,0.15,0.05,7.0,5.4,buyer_value_audit_cost_grid
audit_penalty,Audit/penalty,none,5.4,-5.0,-0.8173076923076912,-0.007788461538461244,5.4,10.8625,-1.0075000000000007,-5.0,5.0,0.65,1.5,0.45,7.0,0.35,0.0,12.0,5.0,1.75,0.8,0.0,1.4,0.45,0.35,0.2,0.35,0.15,0.05,7.0,5.4,buyer_value_audit_cost_grid
audit_penalty,Audit/penalty,none,5.4,-5.0,-0.8173076923076912,-0.007788461538461244,5.4,10.75,-1.1200000000000006,-5.0,5.0,0.65,1.5,0.45,7.0,0.35,0.0,12.0,5.0,2.0,0.8,0.0,1.4,0.45,0.35,0.2,0.35,0.15,0.05,7.0,5.4,buyer_value_audit_cost_grid
audit_penalty,Audit/penalty,none,5.4,-5.0,-0.8173076923076912,-0.007788461538461244,5.4,10.637500000000001,-1.2325000000000006,-5.0,5.0,0.65,1.5,0.45,7.0,0.35,0.0,12.0,5.0,2.25,0.8,0.0,1.4,0.45,0.35,0.2,0.35,0.15,0.05,7.0,5.4,buyer_value_audit_cost_grid
audit_penalty,Audit/penalty,none,5.4,-5.0,-0.8173076923076912,-0.007788461538461244,5.4,10.525,-1.3450000000000006,-5.0,5.0,0.65,1.5,0.45,7.0,0.35,0.0,12.0,5.0,2.5,0.8,0.0,1.4,0.45,0.35,0.2,0.35,0.15,0.05,7.0,5.4,buyer_value_audit_cost_grid
audit_penalty,Audit/penalty,none,5.4,-5.0,-0.8173076923076912,-0.007788461538461244,5.4,10.4125,-1.4575000000000002,-5.0,5.0,0.65,1.5,0.45,7.0,0.35,0.0,12.0,5.0,2.75,0.8,0.0,1.4,0.45,0.35,0.2,0.35,0.15,0.05,7.0,5.4,buyer_value_audit_cost_grid
audit_penalty,Audit/penalty,none,5.4,-5.0,-0.8173076923076912,-0.007788461538461244,5.4,10.3,-1.5700000000000005,-5.0,5.0,0.65,1.5,0.45,7.0,0.35,0.0,12.0,5.0,3.0,0.8,0.0,1.4,0.45,0.35,0.2,0.35,0.15,0.05,7.0,5.4,buyer_value_audit_cost_grid
audit_penalty,Audit/penalty,none,5.4,-5.0,-0.8173076923076912,-0.007788461538461244,5.4,10.1875,-1.6825000000000008,-5.0,5.0,0.65,1.5,0.45,7.0,0.35,0.0,12.0,5.0,3.25,0.8,0.0,1.4,0.45,0.35,0.2,0.35,0.15,0.05,7.0,5.4,buyer_value_audit_cost_grid
audit_penalty,Audit/penalty,none,5.4,-5.0,-0.8173076923076912,-0.007788461538461244,5.4,10.075000000000001,-1.7950000000000006,-5.0,5.0,0.65,1.5,0.45,7.0,0.35,0.0,12.0,5.0,3.5,0.8,0.0,1.4,0.45,0.35,0.2,0.35,0.15,0.05,7.0,5.4,buyer_value_audit_cost_grid
audit_penalty,Audit/penalty,none,5.4,-5.0,-0.8173076923076912,-0.007788461538461244,5.4,9.9625,-1.9075000000000004,-5.0,5.0,0.65,1.5,0.45,7.0,0.35,0.0,12.0,5.0,3.75,0.8,0.0,1.4,0.45,0.35,0.2,0.35,0.15,0.05,7.0,5.4,buyer_value_audit_cost_grid
audit_penalty,Audit/penalty,none,5.4,-5.0,-0.8173076923076912,-0.007788461538461244,5.4,9.85,-2.0200000000000005,-5.0,5.0,0.65,1.5,0.45,7.0,0.35,0.0,12.0,5.0,4.0,0.8,0.0,1.4,0.45,0.35,0.2,0.35,0.15,0.05,7.0,5.4,buyer_value_audit_cost_grid
audit_penalty,Audit/penalty,none,5.4,-5.0,-0.8173076923076912,-0.007788461538461244,5.4,12.15,-0.04499999999999993,-5.0,5.0,0.65,1.5,0.45,7.0,0.35,0.0,12.5,5.0,0.0,0.8,0.0,1.4,0.45,0.35,0.2,0.35,0.15,0.05,7.0,5.4,buyer_value_audit_cost_grid
audit_penalty,Audit/penalty,none,5.4,-5.0,-0.8173076923076912,-0.007788461538461244,5.4,12.0375,-0.15749999999999997,-5.0,5.0,0.65,1.5,0.45,7.0,0.35,0.0,12.5,5.0,0.25,0.8,0.0,1.4,0.45,0.35,0.2,0.35,0.15,0.05,7.0,5.4,buyer_value_audit_cost_grid
audit_penalty,Audit/penalty,none,5.4,-5.0,-0.8173076923076912,-0.007788461538461244,5.4,11.925,-0.2699999999999999,-5.0,5.0,0.65,1.5,0.45,7.0,0.35,0.0,12.5,5.0,0.5,0.8,0.0,1.4,0.45,0.35,0.2,0.35,0.15,0.05,7.0,5.4,buyer_value_audit_cost_grid
audit_penalty,Audit/penalty,none,5.4,-5.0,-0.8173076923076912,-0.007788461538461244,5.4,11.8125,-0.38249999999999984,-5.0,5.0,0.65,1.5,0.45,7.0,0.35,0.0,12.5,5.0,0.75,0.8,0.0,1.4,0.45,0.35,0.2,0.35,0.15,0.05,7.0,5.4,buyer_value_audit_cost_grid
audit_penalty,Audit/penalty,none,5.4,-5.0,-0.8173076923076912,-0.007788461538461244,5.4,11.700000000000001,-0.4949999999999999,-5.0,5.0,0.65,1.5,0.45,7.0,0.35,0.0,12.5,5.0,1.0,0.8,0.0,1.4,0.45,0.35,0.2,0.35,0.15,0.05,7.0,5.4,buyer_value_audit_cost_grid
audit_penalty,Audit/penalty,none,5.4,-5.0,-0.8173076923076912,-0.007788461538461244,5.4,11.5875,-0.6074999999999999,-5.0,5.0,0.65,1.5,0.45,7.0,0.35,0.0,12.5,5.0,1.25,0.8,0.0,1.4,0.45,0.35,0.2,0.35,0.15,0.05,7.0,5.4,buyer_value_audit_cost_grid
audit_penalty,Audit/penalty,none,5.4,-5.0,-0.8173076923076912,-0.007788461538461244,5.4,11.475,-0.72,-5.0,5.0,0.65,1.5,0.45,7.0,0.35,0.0,12.5,5.0,1.5,0.8,0.0,1.4,0.45,0.35,0.2,0.35,0.15,0.05,7.0,5.4,buyer_value_audit_cost_grid
audit_penalty,Audit/penalty,none,5.4,-5.0,-0.8173076923076912,-0.007788461538461244,5.4,11.3625,-0.8325,-5.0,5.0,0.65,1.5,0.45,7.0,0.35,0.0,12.5,5.0,1.75,0.8,0.0,1.4,0.45,0.35,0.2,0.35,0.15,0.05,7.0,5.4,buyer_value_audit_cost_grid
audit_penalty,Audit/penalty,none,5.4,-5.0,-0.8173076923076912,-0.007788461538461244,5.4,11.25,-0.9449999999999998,-5.0,5.0,0.65,1.5,0.45,7.0,0.35,0.0,12.5,5.0,2.0,0.8,0.0,1.4,0.45,0.35,0.2,0.35,0.15,0.05,7.0,5.4,buyer_value_audit_cost_grid
audit_penalty,Audit/penalty,none,5.4,-5.0,-0.8173076923076912,-0.007788461538461244,5.4,11.137500000000001,-1.0574999999999999,-5.0,5.0,0.65,1.5,0.45,7.0,0.35,0.0,12.5,5.0,2.25,0.8,0.0,1.4,0.45,0.35,0.2,0.35,0.15,0.05,7.0,5.4,buyer_value_audit_cost_grid
audit_penalty,Audit/penalty,none,5.4,-5.0,-0.8173076923076912,-0.007788461538461244,5.4,11.025,-1.17,-5.0,5.0,0.65,1.5,0.45,7.0,0.35,0.0,12.5,5.0,2.5,0.8,0.0,1.4,0.45,0.35,0.2,0.35,0.15,0.05,7.0,5.4,buyer_value_audit_cost_grid
audit_penalty,Audit/penalty,none,5.4,-5.0,-0.8173076923076912,-0.007788461538461244,5.4,10.9125,-1.2825,-5.0,5.0,0.65,1.5,0.45,7.0,0.35,0.0,12.5,5.0,2.75,0.8,0.0,1.4,0.45,0.35,0.2,0.35,0.15,0.05,7.0,5.4,buyer_value_audit_cost_grid
audit_penalty,Audit/penalty,none,5.4,-5.0,-0.8173076923076912,-0.007788461538461244,5.4,10.8,-1.3949999999999998,-5.0,5.0,0.65,1.5,0.45,7.0,0.35,0.0,12.5,5.0,3.0,0.8,0.0,1.4,0.45,0.35,0.2,0.35,0.15,0.05,7.0,5.4,buyer_value_audit_cost_grid
audit_penalty,Audit/penalty,none,5.4,-5.0,-0.8173076923076912,-0.007788461538461244,5.4,10.6875,-1.5075,-5.0,5.0,0.65,1.5,0.45,7.0,0.35,0.0,12.5,5.0,3.25,0.8,0.0,1.4,0.45,0.35,0.2,0.35,0.15,0.05,7.0,5.4,buyer_value_audit_cost_grid
audit_penalty,Audit/penalty,none,5.4,-5.0,-0.8173076923076912,-0.007788461538461244,5.4,10.575000000000001,-1.6199999999999999,-5.0,5.0,0.65,1.5,0.45,7.0,0.35,0.0,12.5,5.0,3.5,0.8,0.0,1.4,0.45,0.35,0.2,0.35,0.15,0.05,7.0,5.4,buyer_value_audit_cost_grid
audit_penalty,Audit/penalty,none,5.4,-5.0,-0.8173076923076912,-0.007788461538461244,5.4,10.4625,-1.7324999999999997,-5.0,5.0,0.65,1.5,0.45,7.0,0.35,0.0,12.5,5.0,3.75,0.8,0.0,1.4,0.45,0.35,0.2,0.35,0.15,0.05,7.0,5.4,buyer_value_audit_cost_grid
audit_penalty,Audit/penalty,none,5.4,-5.0,-0.8173076923076912,-0.007788461538461244,5.4,10.35,-1.8449999999999995,-5.0,5.0,0.65,1.5,0.45,7.0,0.35,0.0,12.5,5.0,4.0,0.8,0.0,1.4,0.45,0.35,0.2,0.35,0.15,0.05,7.0,5.4,buyer_value_audit_cost_grid
audit_penalty,Audit/penalty,none,5.4,-5.0,-0.8173076923076912,-0.007788461538461244,5.4,12.65,0.1299999999999999,-5.0,5.0,0.65,1.5,0.45,7.0,0.35,0.0,13.0,5.0,0.0,0.8,0.0,1.4,0.45,0.35,0.2,0.35,0.15,0.05,7.0,5.4,buyer_value_audit_cost_grid
audit_penalty,Audit/penalty,none,5.4,-5.0,-0.8173076923076912,-0.007788461538461244,5.4,12.5375,0.01749999999999985,-5.0,5.0,0.65,1.5,0.45,7.0,0.35,0.0,13.0,5.0,0.25,0.8,0.0,1.4,0.45,0.35,0.2,0.35,0.15,0.05,7.0,5.4,buyer_value_audit_cost_grid
audit_penalty,Audit/penalty,none,5.4,-5.0,-0.8173076923076912,-0.007788461538461244,5.4,12.425,-0.09500000000000008,-5.0,5.0,0.65,1.5,0.45,7.0,0.35,0.0,13.0,5.0,0.5,0.8,0.0,1.4,0.45,0.35,0.2,0.35,0.15,0.05,7.0,5.4,buyer_value_audit_cost_grid
audit_penalty,Audit/penalty,none,5.4,-5.0,-0.8173076923076912,-0.007788461538461244,5.4,12.3125,-0.20750000000000013,-5.0,5.0,0.65,1.5,0.45,7.0,0.35,0.0,13.0,5.0,0.75,0.8,0.0,1.4,0.45,0.35,0.2,0.35,0.15,0.05,7.0,5.4,buyer_value_audit_cost_grid
audit_penalty,Audit/penalty,none,5.4,-5.0,-0.8173076923076912,-0.007788461538461244,5.4,12.200000000000001,-0.32000000000000006,-5.0,5.0,0.65,1.5,0.45,7.0,0.35,0.0,13.0,5.0,1.0,0.8,0.0,1.4,0.45,0.35,0.2,0.35,0.15,0.05,7.0,5.4,buyer_value_audit_cost_grid
audit_penalty,Audit/penalty,none,5.4,-5.0,-0.8173076923076912,-0.007788461538461244,5.4,12.0875,-0.4325000000000001,-5.0,5.0,0.65,1.5,0.45,7.0,0.35,0.0,13.0,5.0,1.25,0.8,0.0,1.4,0.45,0.35,0.2,0.35,0.15,0.05,7.0,5.4,buyer_value_audit_cost_grid
audit_penalty,Audit/penalty,none,5.4,-5.0,-0.8173076923076912,-0.007788461538461244,5.4,11.975,-0.5450000000000002,-5.0,5.0,0.65,1.5,0.45,7.0,0.35,0.0,13.0,5.0,1.5,0.8,0.0,1.4,0.45,0.35,0.2,0.35,0.15,0.05,7.0,5.4,buyer_value_audit_cost_grid
audit_penalty,Audit/penalty,none,5.4,-5.0,-0.8173076923076912,-0.007788461538461244,5.4,11.8625,-0.6575000000000002,-5.0,5.0,0.65,1.5,0.45,7.0,0.35,0.0,13.0,5.0,1.75,0.8,0.0,1.4,0.45,0.35,0.2,0.35,0.15,0.05,7.0,5.4,buyer_value_audit_cost_grid
audit_penalty,Audit/penalty,none,5.4,-5.0,-0.8173076923076912,-0.007788461538461244,5.4,11.75,-0.77,-5.0,5.0,0.65,1.5,0.45,7.0,0.35,0.0,13.0,5.0,2.0,0.8,0.0,1.4,0.45,0.35,0.2,0.35,0.15,0.05,7.0,5.4,buyer_value_audit_cost_grid
audit_penalty,Audit/penalty,none,5.4,-5.0,-0.8173076923076912,-0.007788461538461244,5.4,11.637500000000001,-0.8825000000000001,-5.0,5.0,0.65,1.5,0.45,7.0,0.35,0.0,13.0,5.0,2.25,0.8,0.0,1.4,0.45,0.35,0.2,0.35,0.15,0.05,7.0,5.4,buyer_value_audit_cost_grid
audit_penalty,Audit/penalty,none,5.4,-5.0,-0.8173076923076912,-0.007788461538461244,5.4,11.525,-0.9950000000000001,-5.0,5.0,0.65,1.5,0.45,7.0,0.35,0.0,13.0,5.0,2.5,0.8,0.0,1.4,0.45,0.35,0.2,0.35,0.15,0.05,7.0,5.4,buyer_value_audit_cost_grid
audit_penalty,Audit/penalty,none,5.4,-5.0,-0.8173076923076912,-0.007788461538461244,5.4,11.4125,-1.1075000000000002,-5.0,5.0,0.65,1.5,0.45,7.0,0.35,0.0,13.0,5.0,2.75,0.8,0.0,1.4,0.45,0.35,0.2,0.35,0.15,0.05,7.0,5.4,buyer_value_audit_cost_grid
audit_penalty,Audit/penalty,none,5.4,-5.0,-0.8173076923076912,-0.007788461538461244,5.4,11.3,-1.2200000000000002,-5.0,5.0,0.65,1.5,0.45,7.0,0.35,0.0,13.0,5.0,3.0,0.8,0.0,1.4,0.45,0.35,0.2,0.35,0.15,0.05,7.0,5.4,buyer_value_audit_cost_grid
audit_penalty,Audit/penalty,none,5.4,-5.0,-0.8173076923076912,-0.007788461538461244,5.4,11.1875,-1.3325000000000002,-5.0,5.0,0.65,1.5,0.45,7.0,0.35,0.0,13.0,5.0,3.25,0.8,0.0,1.4,0.45,0.35,0.2,0.35,0.15,0.05,7.0,5.4,buyer_value_audit_cost_grid
audit_penalty,Audit/penalty,none,5.4,-5.0,-0.8173076923076912,-0.007788461538461244,5.4,11.075000000000001,-1.445,-5.0,5.0,0.65,1.5,0.45,7.0,0.35,0.0,13.0,5.0,3.5,0.8,0.0,1.4,0.45,0.35,0.2,0.35,0.15,0.05,7.0,5.4,buyer_value_audit_cost_grid
audit_penalty,Audit/penalty,none,5.4,-5.0,-0.8173076923076912,-0.007788461538461244,5.4,10.9625,-1.5574999999999999,-5.0,5.0,0.65,1.5,0.45,7.0,0.35,0.0,13.0,5.0,3.75,0.8,0.0,1.4,0.45,0.35,0.2,0.35,0.15,0.05,7.0,5.4,buyer_value_audit_cost_grid
audit_penalty,Audit/penalty,none,5.4,-5.0,-0.8173076923076912,-0.007788461538461244,5.4,10.85,-1.6699999999999997,-5.0,5.0,0.65,1.5,0.45,7.0,0.35,0.0,13.0,5.0,4.0,0.8,0.0,1.4,0.45,0.35,0.2,0.35,0.15,0.05,7.0,5.4,buyer_value_audit_cost_grid
audit_penalty,Audit/penalty,none,5.4,-5.0,-0.8173076923076912,-0.007788461538461244,5.4,13.15,0.30499999999999977,-5.0,5.0,0.65,1.5,0.45,7.0,0.35,0.0,13.5,5.0,0.0,0.8,0.0,1.4,0.45,0.35,0.2,0.35,0.15,0.05,7.0,5.4,buyer_value_audit_cost_grid
audit_penalty,Audit/penalty,none,5.4,-5.0,-0.8173076923076912,-0.007788461538461244,5.4,13.0375,0.19249999999999978,-5.0,5.0,0.65,1.5,0.45,7.0,0.35,0.0,13.5,5.0,0.25,0.8,0.0,1.4,0.45,0.35,0.2,0.35,0.15,0.05,7.0,5.4,buyer_value_audit_cost_grid
audit_penalty,Audit/penalty,none,5.4,-5.0,-0.8173076923076912,-0.007788461538461244,5.4,12.925,0.07999999999999974,-5.0,5.0,0.65,1.5,0.45,7.0,0.35,0.0,13.5,5.0,0.5,0.8,0.0,1.4,0.45,0.35,0.2,0.35,0.15,0.05,7.0,5.4,buyer_value_audit_cost_grid
audit_penalty,Audit/penalty,none,5.4,-5.0,-0.8173076923076912,-0.007788461538461244,5.4,12.8125,-0.032500000000000306,-5.0,5.0,0.65,1.5,0.45,7.0,0.35,0.0,13.5,5.0,0.75,0.8,0.0,1.4,0.45,0.35,0.2,0.35,0.15,0.05,7.0,5.4,buyer_value_audit_cost_grid
audit_penalty,Audit/penalty,none,5.4,-5.0,-0.8173076923076912,-0.007788461538461244,5.4,12.700000000000001,-0.14500000000000024,-5.0,5.0,0.65,1.5,0.45,7.0,0.35,0.0,13.5,5.0,1.0,0.8,0.0,1.4,0.45,0.35,0.2,0.35,0.15,0.05,7.0,5.4,buyer_value_audit_cost_grid
audit_penalty,Audit/penalty,none,5.4,-5.0,-0.8173076923076912,-0.007788461538461244,5.4,12.5875,-0.2575000000000003,-5.0,5.0,0.65,1.5,0.45,7.0,0.35,0.0,13.5,5.0,1.25,0.8,0.0,1.4,0.45,0.35,0.2,0.35,0.15,0.05,7.0,5.4,buyer_value_audit_cost_grid
audit_penalty,Audit/penalty,none,5.4,-5.0,-0.8173076923076912,-0.007788461538461244,5.4,12.475,-0.37000000000000033,-5.0,5.0,0.65,1.5,0.45,7.0,0.35,0.0,13.5,5.0,1.5,0.8,0.0,1.4,0.45,0.35,0.2,0.35,0.15,0.05,7.0,5.4,buyer_value_audit_cost_grid
audit_penalty,Audit/penalty,none,5.4,-5.0,-0.8173076923076912,-0.007788461538461244,5.4,12.3625,-0.4825000000000004,-5.0,5.0,0.65,1.5,0.45,7.0,0.35,0.0,13.5,5.0,1.75,0.8,0.0,1.4,0.45,0.35,0.2,0.35,0.15,0.05,7.0,5.4,buyer_value_audit_cost_grid
audit_penalty,Audit/penalty,none,5.4,-5.0,-0.8173076923076912,-0.007788461538461244,5.4,12.25,-0.5950000000000002,-5.0,5.0,0.65,1.5,0.45,7.0,0.35,0.0,13.5,5.0,2.0,0.8,0.0,1.4,0.45,0.35,0.2,0.35,0.15,0.05,7.0,5.4,buyer_value_audit_cost_grid
audit_penalty,Audit/penalty,none,5.4,-5.0,-0.8173076923076912,-0.007788461538461244,5.4,12.137500000000001,-0.7075000000000002,-5.0,5.0,0.65,1.5,0.45,7.0,0.35,0.0,13.5,5.0,2.25,0.8,0.0,1.4,0.45,0.35,0.2,0.35,0.15,0.05,7.0,5.4,buyer_value_audit_cost_grid
audit_penalty,Audit/penalty,none,5.4,-5.0,-0.8173076923076912,-0.007788461538461244,5.4,12.025,-0.8200000000000003,-5.0,5.0,0.65,1.5,0.45,7.0,0.35,0.0,13.5,5.0,2.5,0.8,0.0,1.4,0.45,0.35,0.2,0.35,0.15,0.05,7.0,5.4,buyer_value_audit_cost_grid
audit_penalty,Audit/penalty,none,5.4,-5.0,-0.8173076923076912,-0.007788461538461244,5.4,11.9125,-0.9325000000000003,-5.0,5.0,0.65,1.5,0.45,7.0,0.35,0.0,13.5,5.0,2.75,0.8,0.0,1.4,0.45,0.35,0.2,0.35,0.15,0.05,7.0,5.4,buyer_value_audit_cost_grid
audit_penalty,Audit/penalty,none,5.4,-5.0,-0.8173076923076912,-0.007788461538461244,5.4,11.8,-1.0450000000000004,-5.0,5.0,0.65,1.5,0.45,7.0,0.35,0.0,13.5,5.0,3.0,0.8,0.0,1.4,0.45,0.35,0.2,0.35,0.15,0.05,7.0,5.4,buyer_value_audit_cost_grid
audit_penalty,Audit/penalty,none,5.4,-5.0,-0.8173076923076912,-0.007788461538461244,5.4,11.6875,-1.1575000000000004,-5.0,5.0,0.65,1.5,0.45,7.0,0.35,0.0,13.5,5.0,3.25,0.8,0.0,1.4,0.45,0.35,0.2,0.35,0.15,0.05,7.0,5.4,buyer_value_audit_cost_grid
audit_penalty,Audit/penalty,none,5.4,-5.0,-0.8173076923076912,-0.007788461538461244,5.4,11.575000000000001,-1.2700000000000002,-5.0,5.0,0.65,1.5,0.45,7.0,0.35,0.0,13.5,5.0,3.5,0.8,0.0,1.4,0.45,0.35,0.2,0.35,0.15,0.05,7.0,5.4,buyer_value_audit_cost_grid
audit_penalty,Audit/penalty,none,5.4,-5.0,-0.8173076923076912,-0.007788461538461244,5.4,11.4625,-1.3825,-5.0,5.0,0.65,1.5,0.45,7.0,0.35,0.0,13.5,5.0,3.75,0.8,0.0,1.4,0.45,0.35,0.2,0.35,0.15,0.05,7.0,5.4,buyer_value_audit_cost_grid
audit_penalty,Audit/penalty,none,5.4,-5.0,-0.8173076923076912,-0.007788461538461244,5.4,11.35,-1.4949999999999999,-5.0,5.0,0.65,1.5,0.45,7.0,0.35,0.0,13.5,5.0,4.0,0.8,0.0,1.4,0.45,0.35,0.2,0.35,0.15,0.05,7.0,5.4,buyer_value_audit_cost_grid
audit_penalty,Audit/penalty,none,5.4,-5.0,-0.8173076923076912,-0.007788461538461244,5.4,13.65,0.4799999999999996,-5.0,5.0,0.65,1.5,0.45,7.0,0.35,0.0,14.0,5.0,0.0,0.8,0.0,1.4,0.45,0.35,0.2,0.35,0.15,0.05,7.0,5.4,buyer_value_audit_cost_grid
audit_penalty,Audit/penalty,none,5.4,-5.0,-0.8173076923076912,-0.007788461538461244,5.4,13.5375,0.3674999999999996,-5.0,5.0,0.65,1.5,0.45,7.0,0.35,0.0,14.0,5.0,0.25,0.8,0.0,1.4,0.45,0.35,0.2,0.35,0.15,0.05,7.0,5.4,buyer_value_audit_cost_grid
audit_penalty,Audit/penalty,none,5.4,-5.0,-0.8173076923076912,-0.007788461538461244,5.4,13.425,0.2549999999999996,-5.0,5.0,0.65,1.5,0.45,7.0,0.35,0.0,14.0,5.0,0.5,0.8,0.0,1.4,0.45,0.35,0.2,0.35,0.15,0.05,7.0,5.4,buyer_value_audit_cost_grid
audit_penalty,Audit/penalty,none,5.4,-5.0,-0.8173076923076912,-0.007788461538461244,5.4,13.3125,0.14249999999999957,-5.0,5.0,0.65,1.5,0.45,7.0,0.35,0.0,14.0,5.0,0.75,0.8,0.0,1.4,0.45,0.35,0.2,0.35,0.15,0.05,7.0,5.4,buyer_value_audit_cost_grid
audit_penalty,Audit/penalty,none,5.4,-5.0,-0.8173076923076912,-0.007788461538461244,5.4,13.200000000000001,0.029999999999999583,-5.0,5.0,0.65,1.5,0.45,7.0,0.35,0.0,14.0,5.0,1.0,0.8,0.0,1.4,0.45,0.35,0.2,0.35,0.15,0.05,7.0,5.4,buyer_value_audit_cost_grid
audit_penalty,Audit/penalty,none,5.4,-5.0,-0.8173076923076912,-0.007788461538461244,5.4,13.0875,-0.08250000000000046,-5.0,5.0,0.65,1.5,0.45,7.0,0.35,0.0,14.0,5.0,1.25,0.8,0.0,1.4,0.45,0.35,0.2,0.35,0.15,0.05,7.0,5.4,buyer_value_audit_cost_grid
audit_penalty,Audit/penalty,none,5.4,-5.0,-0.8173076923076912,-0.007788461538461244,5.4,12.975,-0.1950000000000005,-5.0,5.0,0.65,1.5,0.45,7.0,0.35,0.0,14.0,5.0,1.5,0.8,0.0,1.4,0.45,0.35,0.2,0.35,0.15,0.05,7.0,5.4,buyer_value_audit_cost_grid
audit_penalty,Audit/penalty,none,5.4,-5.0,-0.8173076923076912,-0.007788461538461244,5.4,12.8625,-0.30750000000000044,-5.0,5.0,0.65,1.5,0.45,7.0,0.35,0.0,14.0,5.0,1.75,0.8,0.0,1.4,0.45,0.35,0.2,0.35,0.15,0.05,7.0,5.4,buyer_value_audit_cost_grid
audit_penalty,Audit/penalty,none,5.4,-5.0,-0.8173076923076912,-0.007788461538461244,5.4,12.75,-0.4200000000000004,-5.0,5.0,0.65,1.5,0.45,7.0,0.35,0.0,14.0,5.0,2.0,0.8,0.0,1.4,0.45,0.35,0.2,0.35,0.15,0.05,7.0,5.4,buyer_value_audit_cost_grid
audit_penalty,Audit/penalty,none,5.4,-5.0,-0.8173076923076912,-0.007788461538461244,5.4,12.637500000000001,-0.5325000000000004,-5.0,5.0,0.65,1.5,0.45,7.0,0.35,0.0,14.0,5.0,2.25,0.8,0.0,1.4,0.45,0.35,0.2,0.35,0.15,0.05,7.0,5.4,buyer_value_audit_cost_grid
audit_penalty,Audit/penalty,none,5.4,-5.0,-0.8173076923076912,-0.007788461538461244,5.4,12.525,-0.6450000000000005,-5.0,5.0,0.65,1.5,0.45,7.0,0.35,0.0,14.0,5.0,2.5,0.8,0.0,1.4,0.45,0.35,0.2,0.35,0.15,0.05,7.0,5.4,buyer_value_audit_cost_grid
audit_penalty,Audit/penalty,none,5.4,-5.0,-0.8173076923076912,-0.007788461538461244,5.4,12.4125,-0.7575000000000005,-5.0,5.0,0.65,1.5,0.45,7.0,0.35,0.0,14.0,5.0,2.75,0.8,0.0,1.4,0.45,0.35,0.2,0.35,0.15,0.05,7.0,5.4,buyer_value_audit_cost_grid
audit_penalty,Audit/penalty,none,5.4,-5.0,-0.8173076923076912,-0.007788461538461244,5.4,12.3,-0.8700000000000006,-5.0,5.0,0.65,1.5,0.45,7.0,0.35,0.0,14.0,5.0,3.0,0.8,0.0,1.4,0.45,0.35,0.2,0.35,0.15,0.05,7.0,5.4,buyer_value_audit_cost_grid
audit_penalty,Audit/penalty,none,5.4,-5.0,-0.8173076923076912,-0.007788461538461244,5.4,12.1875,-0.9825000000000006,-5.0,5.0,0.65,1.5,0.45,7.0,0.35,0.0,14.0,5.0,3.25,0.8,0.0,1.4,0.45,0.35,0.2,0.35,0.15,0.05,7.0,5.4,buyer_value_audit_cost_grid
audit_penalty,Audit/penalty,none,5.4,-5.0,-0.8173076923076912,-0.007788461538461244,5.4,12.075000000000001,-1.0950000000000004,-5.0,5.0,0.65,1.5,0.45,7.0,0.35,0.0,14.0,5.0,3.5,0.8,0.0,1.4,0.45,0.35,0.2,0.35,0.15,0.05,7.0,5.4,buyer_value_audit_cost_grid
audit_penalty,Audit/penalty,none,5.4,-5.0,-0.8173076923076912,-0.007788461538461244,5.4,11.9625,-1.2075000000000005,-5.0,5.0,0.65,1.5,0.45,7.0,0.35,0.0,14.0,5.0,3.75,0.8,0.0,1.4,0.45,0.35,0.2,0.35,0.15,0.05,7.0,5.4,buyer_value_audit_cost_grid
audit_penalty,Audit/penalty,none,5.4,-5.0,-0.8173076923076912,-0.007788461538461244,5.4,11.85,-1.3200000000000005,-5.0,5.0,0.65,1.5,0.45,7.0,0.35,0.0,14.0,5.0,4.0,0.8,0.0,1.4,0.45,0.35,0.2,0.35,0.15,0.05,7.0,5.4,buyer_value_audit_cost_grid
audit_penalty,Audit/penalty,none,5.4,-5.0,-0.8173076923076912,-0.007788461538461244,5.4,14.15,0.6549999999999994,-5.0,5.0,0.65,1.5,0.45,7.0,0.35,0.0,14.5,5.0,0.0,0.8,0.0,1.4,0.45,0.35,0.2,0.35,0.15,0.05,7.0,5.4,buyer_value_audit_cost_grid
audit_penalty,Audit/penalty,none,5.4,-5.0,-0.8173076923076912,-0.007788461538461244,5.4,14.0375,0.5424999999999994,-5.0,5.0,0.65,1.5,0.45,7.0,0.35,0.0,14.5,5.0,0.25,0.8,0.0,1.4,0.45,0.35,0.2,0.35,0.15,0.05,7.0,5.4,buyer_value_audit_cost_grid
audit_penalty,Audit/penalty,none,5.4,-5.0,-0.8173076923076912,-0.007788461538461244,5.4,13.925,0.4299999999999994,-5.0,5.0,0.65,1.5,0.45,7.0,0.35,0.0,14.5,5.0,0.5,0.8,0.0,1.4,0.45,0.35,0.2,0.35,0.15,0.05,7.0,5.4,buyer_value_audit_cost_grid
audit_penalty,Audit/penalty,none,5.4,-5.0,-0.8173076923076912,-0.007788461538461244,5.4,13.8125,0.3174999999999994,-5.0,5.0,0.65,1.5,0.45,7.0,0.35,0.0,14.5,5.0,0.75,0.8,0.0,1.4,0.45,0.35,0.2,0.35,0.15,0.05,7.0,5.4,buyer_value_audit_cost_grid
audit_penalty,Audit/penalty,none,5.4,-5.0,-0.8173076923076912,-0.007788461538461244,5.4,13.700000000000001,0.2049999999999994,-5.0,5.0,0.65,1.5,0.45,7.0,0.35,0.0,14.5,5.0,1.0,0.8,0.0,1.4,0.45,0.35,0.2,0.35,0.15,0.05,7.0,5.4,buyer_value_audit_cost_grid
audit_penalty,Audit/penalty,none,5.4,-5.0,-0.8173076923076912,-0.007788461538461244,5.4,13.5875,0.09249999999999936,-5.0,5.0,0.65,1.5,0.45,7.0,0.35,0.0,14.5,5.0,1.25,0.8,0.0,1.4,0.45,0.35,0.2,0.35,0.15,0.05,7.0,5.4,buyer_value_audit_cost_grid
audit_penalty,Audit/penalty,none,5.4,-5.0,-0.8173076923076912,-0.007788461538461244,5.4,13.475,-0.020000000000000684,-5.0,5.0,0.65,1.5,0.45,7.0,0.35,0.0,14.5,5.0,1.5,0.8,0.0,1.4,0.45,0.35,0.2,0.35,0.15,0.05,7.0,5.4,buyer_value_audit_cost_grid
audit_penalty,Audit/penalty,none,5.4,-5.0,-0.8173076923076912,-0.007788461538461244,5.4,13.3625,-0.13250000000000062,-5.0,5.0,0.65,1.5,0.45,7.0,0.35,0.0,14.5,5.0,1.75,0.8,0.0,1.4,0.45,0.35,0.2,0.35,0.15,0.05,7.0,5.4,buyer_value_audit_cost_grid
audit_penalty,Audit/penalty,none,5.4,-5.0,-0.8173076923076912,-0.007788461538461244,5.4,13.25,-0.24500000000000066,-5.0,5.0,0.65,1.5,0.45,7.0,0.35,0.0,14.5,5.0,2.0,0.8,0.0,1.4,0.45,0.35,0.2,0.35,0.15,0.05,7.0,5.4,buyer_value_audit_cost_grid
audit_penalty,Audit/penalty,none,5.4,-5.0,-0.8173076923076912,-0.007788461538461244,5.4,13.137500000000001,-0.3575000000000006,-5.0,5.0,0.65,1.5,0.45,7.0,0.35,0.0,14.5,5.0,2.25,0.8,0.0,1.4,0.45,0.35,0.2,0.35,0.15,0.05,7.0,5.4,buyer_value_audit_cost_grid
audit_penalty,Audit/penalty,none,5.4,-5.0,-0.8173076923076912,-0.007788461538461244,5.4,13.025,-0.47000000000000064,-5.0,5.0,0.65,1.5,0.45,7.0,0.35,0.0,14.5,5.0,2.5,0.8,0.0,1.4,0.45,0.35,0.2,0.35,0.15,0.05,7.0,5.4,buyer_value_audit_cost_grid
audit_penalty,Audit/penalty,none,5.4,-5.0,-0.8173076923076912,-0.007788461538461244,5.4,12.9125,-0.5825000000000007,-5.0,5.0,0.65,1.5,0.45,7.0,0.35,0.0,14.5,5.0,2.75,0.8,0.0,1.4,0.45,0.35,0.2,0.35,0.15,0.05,7.0,5.4,buyer_value_audit_cost_grid
audit_penalty,Audit/penalty,none,5.4,-5.0,-0.8173076923076912,-0.007788461538461244,5.4,12.8,-0.6950000000000007,-5.0,5.0,0.65,1.5,0.45,7.0,0.35,0.0,14.5,5.0,3.0,0.8,0.0,1.4,0.45,0.35,0.2,0.35,0.15,0.05,7.0,5.4,buyer_value_audit_cost_grid
audit_penalty,Audit/penalty,none,5.4,-5.0,-0.8173076923076912,-0.007788461538461244,5.4,12.6875,-0.8075000000000008,-5.0,5.0,0.65,1.5,0.45,7.0,0.35,0.0,14.5,5.0,3.25,0.8,0.0,1.4,0.45,0.35,0.2,0.35,0.15,0.05,7.0,5.4,buyer_value_audit_cost_grid
audit_penalty,Audit/penalty,none,5.4,-5.0,-0.8173076923076912,-0.007788461538461244,5.4,12.575000000000001,-0.9200000000000006,-5.0,5.0,0.65,1.5,0.45,7.0,0.35,0.0,14.5,5.0,3.5,0.8,0.0,1.4,0.45,0.35,0.2,0.35,0.15,0.05,7.0,5.4,buyer_value_audit_cost_grid
audit_penalty,Audit/penalty,none,5.4,-5.0,-0.8173076923076912,-0.007788461538461244,5.4,12.4625,-1.0325000000000006,-5.0,5.0,0.65,1.5,0.45,7.0,0.35,0.0,14.5,5.0,3.75,0.8,0.0,1.4,0.45,0.35,0.2,0.35,0.15,0.05,7.0,5.4,buyer_value_audit_cost_grid
audit_penalty,Audit/penalty,none,5.4,-5.0,-0.8173076923076912,-0.007788461538461244,5.4,12.35,-1.1450000000000007,-5.0,5.0,0.65,1.5,0.45,7.0,0.35,0.0,14.5,5.0,4.0,0.8,0.0,1.4,0.45,0.35,0.2,0.35,0.15,0.05,7.0,5.4,buyer_value_audit_cost_grid
audit_penalty,Audit/penalty,none,5.4,-5.0,-0.8173076923076912,-0.007788461538461244,5.4,14.65,0.8300000000000001,-5.0,5.0,0.65,1.5,0.45,7.0,0.35,0.0,15.0,5.0,0.0,0.8,0.0,1.4,0.45,0.35,0.2,0.35,0.15,0.05,7.0,5.4,buyer_value_audit_cost_grid
audit_penalty,Audit/penalty,none,5.4,-5.0,-0.8173076923076912,-0.007788461538461244,5.4,14.5375,0.7175000000000001,-5.0,5.0,0.65,1.5,0.45,7.0,0.35,0.0,15.0,5.0,0.25,0.8,0.0,1.4,0.45,0.35,0.2,0.35,0.15,0.05,7.0,5.4,buyer_value_audit_cost_grid
audit_penalty,Audit/penalty,none,5.4,-5.0,-0.8173076923076912,-0.007788461538461244,5.4,14.425,0.6050000000000001,-5.0,5.0,0.65,1.5,0.45,7.0,0.35,0.0,15.0,5.0,0.5,0.8,0.0,1.4,0.45,0.35,0.2,0.35,0.15,0.05,7.0,5.4,buyer_value_audit_cost_grid
audit_penalty,Audit/penalty,none,5.4,-5.0,-0.8173076923076912,-0.007788461538461244,5.4,14.3125,0.4925000000000001,-5.0,5.0,0.65,1.5,0.45,7.0,0.35,0.0,15.0,5.0,0.75,0.8,0.0,1.4,0.45,0.35,0.2,0.35,0.15,0.05,7.0,5.4,buyer_value_audit_cost_grid
audit_penalty,Audit/penalty,none,5.4,-5.0,-0.8173076923076912,-0.007788461538461244,5.4,14.200000000000001,0.3800000000000001,-5.0,5.0,0.65,1.5,0.45,7.0,0.35,0.0,15.0,5.0,1.0,0.8,0.0,1.4,0.45,0.35,0.2,0.35,0.15,0.05,7.0,5.4,buyer_value_audit_cost_grid
audit_penalty,Audit/penalty,none,5.4,-5.0,-0.8173076923076912,-0.007788461538461244,5.4,14.0875,0.2675000000000001,-5.0,5.0,0.65,1.5,0.45,7.0,0.35,0.0,15.0,5.0,1.25,0.8,0.0,1.4,0.45,0.35,0.2,0.35,0.15,0.05,7.0,5.4,buyer_value_audit_cost_grid
audit_penalty,Audit/penalty,none,5.4,-5.0,-0.8173076923076912,-0.007788461538461244,5.4,13.975,0.15500000000000008,-5.0,5.0,0.65,1.5,0.45,7.0,0.35,0.0,15.0,5.0,1.5,0.8,0.0,1.4,0.45,0.35,0.2,0.35,0.15,0.05,7.0,5.4,buyer_value_audit_cost_grid
audit_penalty,Audit/penalty,none,5.4,-5.0,-0.8173076923076912,-0.007788461538461244,5.4,13.8625,0.04250000000000009,-5.0,5.0,0.65,1.5,0.45,7.0,0.35,0.0,15.0,5.0,1.75,0.8,0.0,1.4,0.45,0.35,0.2,0.35,0.15,0.05,7.0,5.4,buyer_value_audit_cost_grid
audit_penalty,Audit/penalty,none,5.4,-5.0,-0.8173076923076912,-0.007788461538461244,5.4,13.75,-0.06999999999999995,-5.0,5.0,0.65,1.5,0.45,7.0,0.35,0.0,15.0,5.0,2.0,0.8,0.0,1.4,0.45,0.35,0.2,0.35,0.15,0.05,7.0,5.4,buyer_value_audit_cost_grid
audit_penalty,Audit/penalty,none,5.4,-5.0,-0.8173076923076912,-0.007788461538461244,5.4,13.637500000000001,-0.18249999999999988,-5.0,5.0,0.65,1.5,0.45,7.0,0.35,0.0,15.0,5.0,2.25,0.8,0.0,1.4,0.45,0.35,0.2,0.35,0.15,0.05,7.0,5.4,buyer_value_audit_cost_grid
audit_penalty,Audit/penalty,none,5.4,-5.0,-0.8173076923076912,-0.007788461538461244,5.4,13.525,-0.29499999999999993,-5.0,5.0,0.65,1.5,0.45,7.0,0.35,0.0,15.0,5.0,2.5,0.8,0.0,1.4,0.45,0.35,0.2,0.35,0.15,0.05,7.0,5.4,buyer_value_audit_cost_grid
audit_penalty,Audit/penalty,none,5.4,-5.0,-0.8173076923076912,-0.007788461538461244,5.4,13.4125,-0.4075,-5.0,5.0,0.65,1.5,0.45,7.0,0.35,0.0,15.0,5.0,2.75,0.8,0.0,1.4,0.45,0.35,0.2,0.35,0.15,0.05,7.0,5.4,buyer_value_audit_cost_grid
audit_penalty,Audit/penalty,none,5.4,-5.0,-0.8173076923076912,-0.007788461538461244,5.4,13.3,-0.52,-5.0,5.0,0.65,1.5,0.45,7.0,0.35,0.0,15.0,5.0,3.0,0.8,0.0,1.4,0.45,0.35,0.2,0.35,0.15,0.05,7.0,5.4,buyer_value_audit_cost_grid
audit_penalty,Audit/penalty,none,5.4,-5.0,-0.8173076923076912,-0.007788461538461244,5.4,13.1875,-0.6325000000000001,-5.0,5.0,0.65,1.5,0.45,7.0,0.35,0.0,15.0,5.0,3.25,0.8,0.0,1.4,0.45,0.35,0.2,0.35,0.15,0.05,7.0,5.4,buyer_value_audit_cost_grid
audit_penalty,Audit/penalty,none,5.4,-5.0,-0.8173076923076912,-0.007788461538461244,5.4,13.075000000000001,-0.7449999999999999,-5.0,5.0,0.65,1.5,0.45,7.0,0.35,0.0,15.0,5.0,3.5,0.8,0.0,1.4,0.45,0.35,0.2,0.35,0.15,0.05,7.0,5.4,buyer_value_audit_cost_grid
audit_penalty,Audit/penalty,none,5.4,-5.0,-0.8173076923076912,-0.007788461538461244,5.4,12.9625,-0.8574999999999999,-5.0,5.0,0.65,1.5,0.45,7.0,0.35,0.0,15.0,5.0,3.75,0.8,0.0,1.4,0.45,0.35,0.2,0.35,0.15,0.05,7.0,5.4,buyer_value_audit_cost_grid
audit_penalty,Audit/penalty,none,5.4,-5.0,-0.8173076923076912,-0.007788461538461244,5.4,12.85,-0.97,-5.0,5.0,0.65,1.5,0.45,7.0,0.35,0.0,15.0,5.0,4.0,0.8,0.0,1.4,0.45,0.35,0.2,0.35,0.15,0.05,7.0,5.4,buyer_value_audit_cost_grid
audit_penalty,Audit/penalty,none,5.4,-5.0,-0.8173076923076912,-0.007788461538461244,5.4,15.15,1.005,-5.0,5.0,0.65,1.5,0.45,7.0,0.35,0.0,15.5,5.0,0.0,0.8,0.0,1.4,0.45,0.35,0.2,0.35,0.15,0.05,7.0,5.4,buyer_value_audit_cost_grid
audit_penalty,Audit/penalty,none,5.4,-5.0,-0.8173076923076912,-0.007788461538461244,5.4,15.0375,0.8925,-5.0,5.0,0.65,1.5,0.45,7.0,0.35,0.0,15.5,5.0,0.25,0.8,0.0,1.4,0.45,0.35,0.2,0.35,0.15,0.05,7.0,5.4,buyer_value_audit_cost_grid
audit_penalty,Audit/penalty,none,5.4,-5.0,-0.8173076923076912,-0.007788461538461244,5.4,14.925,0.7799999999999999,-5.0,5.0,0.65,1.5,0.45,7.0,0.35,0.0,15.5,5.0,0.5,0.8,0.0,1.4,0.45,0.35,0.2,0.35,0.15,0.05,7.0,5.4,buyer_value_audit_cost_grid
audit_penalty,Audit/penalty,none,5.4,-5.0,-0.8173076923076912,-0.007788461538461244,5.4,14.8125,0.6674999999999999,-5.0,5.0,0.65,1.5,0.45,7.0,0.35,0.0,15.5,5.0,0.75,0.8,0.0,1.4,0.45,0.35,0.2,0.35,0.15,0.05,7.0,5.4,buyer_value_audit_cost_grid
audit_penalty,Audit/penalty,none,5.4,-5.0,-0.8173076923076912,-0.007788461538461244,5.4,14.700000000000001,0.5549999999999999,-5.0,5.0,0.65,1.5,0.45,7.0,0.35,0.0,15.5,5.0,1.0,0.8,0.0,1.4,0.45,0.35,0.2,0.35,0.15,0.05,7.0,5.4,buyer_value_audit_cost_grid
audit_penalty,Audit/penalty,none,5.4,-5.0,-0.8173076923076912,-0.007788461538461244,5.4,14.5875,0.44249999999999995,-5.0,5.0,0.65,1.5,0.45,7.0,0.35,0.0,15.5,5.0,1.25,0.8,0.0,1.4,0.45,0.35,0.2,0.35,0.15,0.05,7.0,5.4,buyer_value_audit_cost_grid
audit_penalty,Audit/penalty,none,5.4,-5.0,-0.8173076923076912,-0.007788461538461244,5.4,14.475,0.3299999999999999,-5.0,5.0,0.65,1.5,0.45,7.0,0.35,0.0,15.5,5.0,1.5,0.8,0.0,1.4,0.45,0.35,0.2,0.35,0.15,0.05,7.0,5.4,buyer_value_audit_cost_grid
audit_penalty,Audit/penalty,none,5.4,-5.0,-0.8173076923076912,-0.007788461538461244,5.4,14.3625,0.21749999999999997,-5.0,5.0,0.65,1.5,0.45,7.0,0.35,0.0,15.5,5.0,1.75,0.8,0.0,1.4,0.45,0.35,0.2,0.35,0.15,0.05,7.0,5.4,buyer_value_audit_cost_grid
audit_penalty,Audit/penalty,none,5.4,-5.0,-0.8173076923076912,-0.007788461538461244,5.4,14.25,0.10499999999999987,-5.0,5.0,0.65,1.5,0.45,7.0,0.35,0.0,15.5,5.0,2.0,0.8,0.0,1.4,0.45,0.35,0.2,0.35,0.15,0.05,7.0,5.4,buyer_value_audit_cost_grid
audit_penalty,Audit/penalty,none,5.4,-5.0,-0.8173076923076912,-0.007788461538461244,5.4,14.137500000000001,-0.007500000000000062,-5.0,5.0,0.65,1.5,0.45,7.0,0.35,0.0,15.5,5.0,2.25,0.8,0.0,1.4,0.45,0.35,0.2,0.35,0.15,0.05,7.0,5.4,buyer_value_audit_cost_grid
audit_penalty,Audit/penalty,none,5.4,-5.0,-0.8173076923076912,-0.007788461538461244,5.4,14.025,-0.1200000000000001,-5.0,5.0,0.65,1.5,0.45,7.0,0.35,0.0,15.5,5.0,2.5,0.8,0.0,1.4,0.45,0.35,0.2,0.35,0.15,0.05,7.0,5.4,buyer_value_audit_cost_grid
audit_penalty,Audit/penalty,none,5.4,-5.0,-0.8173076923076912,-0.007788461538461244,5.4,13.9125,-0.23250000000000015,-5.0,5.0,0.65,1.5,0.45,7.0,0.35,0.0,15.5,5.0,2.75,0.8,0.0,1.4,0.45,0.35,0.2,0.35,0.15,0.05,7.0,5.4,buyer_value_audit_cost_grid
audit_penalty,Audit/penalty,none,5.4,-5.0,-0.8173076923076912,-0.007788461538461244,5.4,13.8,-0.3450000000000002,-5.0,5.0,0.65,1.5,0.45,7.0,0.35,0.0,15.5,5.0,3.0,0.8,0.0,1.4,0.45,0.35,0.2,0.35,0.15,0.05,7.0,5.4,buyer_value_audit_cost_grid
audit_penalty,Audit/penalty,none,5.4,-5.0,-0.8173076923076912,-0.007788461538461244,5.4,13.6875,-0.45750000000000024,-5.0,5.0,0.65,1.5,0.45,7.0,0.35,0.0,15.5,5.0,3.25,0.8,0.0,1.4,0.45,0.35,0.2,0.35,0.15,0.05,7.0,5.4,buyer_value_audit_cost_grid
audit_penalty,Audit/penalty,none,5.4,-5.0,-0.8173076923076912,-0.007788461538461244,5.4,13.575000000000001,-0.5700000000000001,-5.0,5.0,0.65,1.5,0.45,7.0,0.35,0.0,15.5,5.0,3.5,0.8,0.0,1.4,0.45,0.35,0.2,0.35,0.15,0.05,7.0,5.4,buyer_value_audit_cost_grid
audit_penalty,Audit/penalty,none,5.4,-5.0,-0.8173076923076912,-0.007788461538461244,5.4,13.4625,-0.6825000000000001,-5.0,5.0,0.65,1.5,0.45,7.0,0.35,0.0,15.5,5.0,3.75,0.8,0.0,1.4,0.45,0.35,0.2,0.35,0.15,0.05,7.0,5.4,buyer_value_audit_cost_grid
audit_penalty,Audit/penalty,none,5.4,-5.0,-0.8173076923076912,-0.007788461538461244,5.4,13.35,-0.7950000000000002,-5.0,5.0,0.65,1.5,0.45,7.0,0.35,0.0,15.5,5.0,4.0,0.8,0.0,1.4,0.45,0.35,0.2,0.35,0.15,0.05,7.0,5.4,buyer_value_audit_cost_grid
audit_penalty,Audit/penalty,none,5.4,-5.0,-0.8173076923076912,-0.007788461538461244,5.4,15.65,1.1799999999999997,-5.0,5.0,0.65,1.5,0.45,7.0,0.35,0.0,16.0,5.0,0.0,0.8,0.0,1.4,0.45,0.35,0.2,0.35,0.15,0.05,7.0,5.4,buyer_value_audit_cost_grid
audit_penalty,Audit/penalty,none,5.4,-5.0,-0.8173076923076912,-0.007788461538461244,5.4,15.5375,1.0675,-5.0,5.0,0.65,1.5,0.45,7.0,0.35,0.0,16.0,5.0,0.25,0.8,0.0,1.4,0.45,0.35,0.2,0.35,0.15,0.05,7.0,5.4,buyer_value_audit_cost_grid
audit_penalty,Audit/penalty,none,5.4,-5.0,-0.8173076923076912,-0.007788461538461244,5.4,15.425,0.9549999999999998,-5.0,5.0,0.65,1.5,0.45,7.0,0.35,0.0,16.0,5.0,0.5,0.8,0.0,1.4,0.45,0.35,0.2,0.35,0.15,0.05,7.0,5.4,buyer_value_audit_cost_grid
audit_penalty,Audit/penalty,none,5.4,-5.0,-0.8173076923076912,-0.007788461538461244,5.4,15.3125,0.8424999999999998,-5.0,5.0,0.65,1.5,0.45,7.0,0.35,0.0,16.0,5.0,0.75,0.8,0.0,1.4,0.45,0.35,0.2,0.35,0.15,0.05,7.0,5.4,buyer_value_audit_cost_grid
audit_penalty,Audit/penalty,none,5.4,-5.0,-0.8173076923076912,-0.007788461538461244,5.4,15.200000000000001,0.7299999999999998,-5.0,5.0,0.65,1.5,0.45,7.0,0.35,0.0,16.0,5.0,1.0,0.8,0.0,1.4,0.45,0.35,0.2,0.35,0.15,0.05,7.0,5.4,buyer_value_audit_cost_grid
audit_penalty,Audit/penalty,none,5.4,-5.0,-0.8173076923076912,-0.007788461538461244,5.4,15.0875,0.6174999999999997,-5.0,5.0,0.65,1.5,0.45,7.0,0.35,0.0,16.0,5.0,1.25,0.8,0.0,1.4,0.45,0.35,0.2,0.35,0.15,0.05,7.0,5.4,buyer_value_audit_cost_grid
audit_penalty,Audit/penalty,none,5.4,-5.0,-0.8173076923076912,-0.007788461538461244,5.4,14.975,0.5049999999999997,-5.0,5.0,0.65,1.5,0.45,7.0,0.35,0.0,16.0,5.0,1.5,0.8,0.0,1.4,0.45,0.35,0.2,0.35,0.15,0.05,7.0,5.4,buyer_value_audit_cost_grid
audit_penalty,Audit/penalty,none,5.4,-5.0,-0.8173076923076912,-0.007788461538461244,5.4,14.8625,0.3924999999999998,-5.0,5.0,0.65,1.5,0.45,7.0,0.35,0.0,16.0,5.0,1.75,0.8,0.0,1.4,0.45,0.35,0.2,0.35,0.15,0.05,7.0,5.4,buyer_value_audit_cost_grid
audit_penalty,Audit/penalty,none,5.4,-5.0,-0.8173076923076912,-0.007788461538461244,5.4,14.75,0.27999999999999975,-5.0,5.0,0.65,1.5,0.45,7.0,0.35,0.0,16.0,5.0,2.0,0.8,0.0,1.4,0.45,0.35,0.2,0.35,0.15,0.05,7.0,5.4,buyer_value_audit_cost_grid
audit_penalty,Audit/penalty,none,5.4,-5.0,-0.8173076923076912,-0.007788461538461244,5.4,14.637500000000001,0.16749999999999982,-5.0,5.0,0.65,1.5,0.45,7.0,0.35,0.0,16.0,5.0,2.25,0.8,0.0,1.4,0.45,0.35,0.2,0.35,0.15,0.05,7.0,5.4,buyer_value_audit_cost_grid
audit_penalty,Audit/penalty,none,5.4,-5.0,-0.8173076923076912,-0.007788461538461244,5.4,14.525,0.054999999999999716,-5.0,5.0,0.65,1.5,0.45,7.0,0.35,0.0,16.0,5.0,2.5,0.8,0.0,1.4,0.45,0.35,0.2,0.35,0.15,0.05,7.0,5.4,buyer_value_audit_cost_grid
audit_penalty,Audit/penalty,none,5.4,-5.0,-0.8173076923076912,-0.007788461538461244,5.4,14.4125,-0.05750000000000033,-5.0,5.0,0.65,1.5,0.45,7.0,0.35,0.0,16.0,5.0,2.75,0.8,0.0,1.4,0.45,0.35,0.2,0.35,0.15,0.05,7.0,5.4,buyer_value_audit_cost_grid
audit_penalty,Audit/penalty,none,5.4,-5.0,-0.8173076923076912,-0.007788461538461244,5.4,14.3,-0.17000000000000037,-5.0,5.0,0.65,1.5,0.45,7.0,0.35,0.0,16.0,5.0,3.0,0.8,0.0,1.4,0.45,0.35,0.2,0.35,0.15,0.05,7.0,5.4,buyer_value_audit_cost_grid
audit_penalty,Audit/penalty,none,5.4,-5.0,-0.8173076923076912,-0.007788461538461244,5.4,14.1875,-0.2825000000000004,-5.0,5.0,0.65,1.5,0.45,7.0,0.35,0.0,16.0,5.0,3.25,0.8,0.0,1.4,0.45,0.35,0.2,0.35,0.15,0.05,7.0,5.4,buyer_value_audit_cost_grid
audit_penalty,Audit/penalty,none,5.4,-5.0,-0.8173076923076912,-0.007788461538461244,5.4,14.075000000000001,-0.39500000000000024,-5.0,5.0,0.65,1.5,0.45,7.0,0.35,0.0,16.0,5.0,3.5,0.8,0.0,1.4,0.45,0.35,0.2,0.35,0.15,0.05,7.0,5.4,buyer_value_audit_cost_grid
audit_penalty,Audit/penalty,none,5.4,-5.0,-0.8173076923076912,-0.007788461538461244,5.4,13.9625,-0.5075000000000003,-5.0,5.0,0.65,1.5,0.45,7.0,0.35,0.0,16.0,5.0,3.75,0.8,0.0,1.4,0.45,0.35,0.2,0.35,0.15,0.05,7.0,5.4,buyer_value_audit_cost_grid
audit_penalty,Audit/penalty,none,5.4,-5.0,-0.8173076923076912,-0.007788461538461244,5.4,13.85,-0.6200000000000003,-5.0,5.0,0.65,1.5,0.45,7.0,0.35,0.0,16.0,5.0,4.0,0.8,0.0,1.4,0.45,0.35,0.2,0.35,0.15,0.05,7.0,5.4,buyer_value_audit_cost_grid
audit_penalty,Audit/penalty,none,5.4,-5.0,-0.8173076923076912,-0.007788461538461244,5.4,16.15,1.3549999999999995,-5.0,5.0,0.65,1.5,0.45,7.0,0.35,0.0,16.5,5.0,0.0,0.8,0.0,1.4,0.45,0.35,0.2,0.35,0.15,0.05,7.0,5.4,buyer_value_audit_cost_grid
audit_penalty,Audit/penalty,none,5.4,-5.0,-0.8173076923076912,-0.007788461538461244,5.4,16.037499999999998,1.2424999999999995,-5.0,5.0,0.65,1.5,0.45,7.0,0.35,0.0,16.5,5.0,0.25,0.8,0.0,1.4,0.45,0.35,0.2,0.35,0.15,0.05,7.0,5.4,buyer_value_audit_cost_grid
audit_penalty,Audit/penalty,none,5.4,-5.0,-0.8173076923076912,-0.007788461538461244,5.4,15.924999999999999,1.1299999999999997,-5.0,5.0,0.65,1.5,0.45,7.0,0.35,0.0,16.5,5.0,0.5,0.8,0.0,1.4,0.45,0.35,0.2,0.35,0.15,0.05,7.0,5.4,buyer_value_audit_cost_grid
audit_penalty,Audit/penalty,none,5.4,-5.0,-0.8173076923076912,-0.007788461538461244,5.4,15.812499999999998,1.0174999999999996,-5.0,5.0,0.65,1.5,0.45,7.0,0.35,0.0,16.5,5.0,0.75,0.8,0.0,1.4,0.45,0.35,0.2,0.35,0.15,0.05,7.0,5.4,buyer_value_audit_cost_grid
audit_penalty,Audit/penalty,none,5.4,-5.0,-0.8173076923076912,-0.007788461538461244,5.4,15.7,0.9049999999999996,-5.0,5.0,0.65,1.5,0.45,7.0,0.35,0.0,16.5,5.0,1.0,0.8,0.0,1.4,0.45,0.35,0.2,0.35,0.15,0.05,7.0,5.4,buyer_value_audit_cost_grid
audit_penalty,Audit/penalty,none,5.4,-5.0,-0.8173076923076912,-0.007788461538461244,5.4,15.587499999999999,0.7924999999999995,-5.0,5.0,0.65,1.5,0.45,7.0,0.35,0.0,16.5,5.0,1.25,0.8,0.0,1.4,0.45,0.35,0.2,0.35,0.15,0.05,7.0,5.4,buyer_value_audit_cost_grid
audit_penalty,Audit/penalty,none,5.4,-5.0,-0.8173076923076912,-0.007788461538461244,5.4,15.474999999999998,0.6799999999999995,-5.0,5.0,0.65,1.5,0.45,7.0,0.35,0.0,16.5,5.0,1.5,0.8,0.0,1.4,0.45,0.35,0.2,0.35,0.15,0.05,7.0,5.4,buyer_value_audit_cost_grid
audit_penalty,Audit/penalty,none,5.4,-5.0,-0.8173076923076912,-0.007788461538461244,5.4,15.362499999999999,0.5674999999999996,-5.0,5.0,0.65,1.5,0.45,7.0,0.35,0.0,16.5,5.0,1.75,0.8,0.0,1.4,0.45,0.35,0.2,0.35,0.15,0.05,7.0,5.4,buyer_value_audit_cost_grid
audit_penalty,Audit/penalty,none,5.4,-5.0,-0.8173076923076912,-0.007788461538461244,5.4,15.249999999999998,0.45499999999999957,-5.0,5.0,0.65,1.5,0.45,7.0,0.35,0.0,16.5,5.0,2.0,0.8,0.0,1.4,0.45,0.35,0.2,0.35,0.15,0.05,7.0,5.4,buyer_value_audit_cost_grid
audit_penalty,Audit/penalty,none,5.4,-5.0,-0.8173076923076912,-0.007788461538461244,5.4,15.1375,0.34249999999999964,-5.0,5.0,0.65,1.5,0.45,7.0,0.35,0.0,16.5,5.0,2.25,0.8,0.0,1.4,0.45,0.35,0.2,0.35,0.15,0.05,7.0,5.4,buyer_value_audit_cost_grid
audit_penalty,Audit/penalty,none,5.4,-5.0,-0.8173076923076912,-0.007788461538461244,5.4,15.024999999999999,0.2299999999999996,-5.0,5.0,0.65,1.5,0.45,7.0,0.35,0.0,16.5,5.0,2.5,0.8,0.0,1.4,0.45,0.35,0.2,0.35,0.15,0.05,7.0,5.4,buyer_value_audit_cost_grid
audit_penalty,Audit/penalty,none,5.4,-5.0,-0.8173076923076912,-0.007788461538461244,5.4,14.912499999999998,0.1174999999999995,-5.0,5.0,0.65,1.5,0.45,7.0,0.35,0.0,16.5,5.0,2.75,0.8,0.0,1.4,0.45,0.35,0.2,0.35,0.15,0.05,7.0,5.4,buyer_value_audit_cost_grid
audit_penalty,Audit/penalty,none,5.4,-5.0,-0.8173076923076912,-0.007788461538461244,5.4,14.799999999999999,0.004999999999999449,-5.0,5.0,0.65,1.5,0.45,7.0,0.35,0.0,16.5,5.0,3.0,0.8,0.0,1.4,0.45,0.35,0.2,0.35,0.15,0.05,7.0,5.4,buyer_value_audit_cost_grid
audit_penalty,Audit/penalty,none,5.4,-5.0,-0.8173076923076912,-0.007788461538461244,5.4,14.687499999999998,-0.1075000000000006,-5.0,5.0,0.65,1.5,0.45,7.0,0.35,0.0,16.5,5.0,3.25,0.8,0.0,1.4,0.45,0.35,0.2,0.35,0.15,0.05,7.0,5.4,buyer_value_audit_cost_grid
audit_penalty,Audit/penalty,none,5.4,-5.0,-0.8173076923076912,-0.007788461538461244,5.4,14.575,-0.22000000000000042,-5.0,5.0,0.65,1.5,0.45,7.0,0.35,0.0,16.5,5.0,3.5,0.8,0.0,1.4,0.45,0.35,0.2,0.35,0.15,0.05,7.0,5.4,buyer_value_audit_cost_grid
audit_penalty,Audit/penalty,none,5.4,-5.0,-0.8173076923076912,-0.007788461538461244,5.4,14.462499999999999,-0.33250000000000046,-5.0,5.0,0.65,1.5,0.45,7.0,0.35,0.0,16.5,5.0,3.75,0.8,0.0,1.4,0.45,0.35,0.2,0.35,0.15,0.05,7.0,5.4,buyer_value_audit_cost_grid
audit_penalty,Audit/penalty,none,5.4,-5.0,-0.8173076923076912,-0.007788461538461244,5.4,14.349999999999998,-0.4450000000000005,-5.0,5.0,0.65,1.5,0.45,7.0,0.35,0.0,16.5,5.0,4.0,0.8,0.0,1.4,0.45,0.35,0.2,0.35,0.15,0.05,7.0,5.4,buyer_value_audit_cost_grid
audit_penalty,Audit/penalty,none,5.4,-5.0,-0.8173076923076912,-0.007788461538461244,5.4,16.65,1.5299999999999994,-5.0,5.0,0.65,1.5,0.45,7.0,0.35,0.0,17.0,5.0,0.0,0.8,0.0,1.4,0.45,0.35,0.2,0.35,0.15,0.05,7.0,5.4,buyer_value_audit_cost_grid
audit_penalty,Audit/penalty,none,5.4,-5.0,-0.8173076923076912,-0.007788461538461244,5.4,16.537499999999998,1.4174999999999993,-5.0,5.0,0.65,1.5,0.45,7.0,0.35,0.0,17.0,5.0,0.25,0.8,0.0,1.4,0.45,0.35,0.2,0.35,0.15,0.05,7.0,5.4,buyer_value_audit_cost_grid
audit_penalty,Audit/penalty,none,5.4,-5.0,-0.8173076923076912,-0.007788461538461244,5.4,16.424999999999997,1.3049999999999993,-5.0,5.0,0.65,1.5,0.45,7.0,0.35,0.0,17.0,5.0,0.5,0.8,0.0,1.4,0.45,0.35,0.2,0.35,0.15,0.05,7.0,5.4,buyer_value_audit_cost_grid
audit_penalty,Audit/penalty,none,5.4,-5.0,-0.8173076923076912,-0.007788461538461244,5.4,16.3125,1.1924999999999994,-5.0,5.0,0.65,1.5,0.45,7.0,0.35,0.0,17.0,5.0,0.75,0.8,0.0,1.4,0.45,0.35,0.2,0.35,0.15,0.05,7.0,5.4,buyer_value_audit_cost_grid
audit_penalty,Audit/penalty,none,5.4,-5.0,-0.8173076923076912,-0.007788461538461244,5.4,16.2,1.0799999999999994,-5.0,5.0,0.65,1.5,0.45,7.0,0.35,0.0,17.0,5.0,1.0,0.8,0.0,1.4,0.45,0.35,0.2,0.35,0.15,0.05,7.0,5.4,buyer_value_audit_cost_grid
audit_penalty,Audit/penalty,none,5.4,-5.0,-0.8173076923076912,-0.007788461538461244,5.4,16.0875,0.9674999999999994,-5.0,5.0,0.65,1.5,0.45,7.0,0.35,0.0,17.0,5.0,1.25,0.8,0.0,1.4,0.45,0.35,0.2,0.35,0.15,0.05,7.0,5.4,buyer_value_audit_cost_grid
audit_penalty,Audit/penalty,none,5.4,-5.0,-0.8173076923076912,-0.007788461538461244,5.4,15.974999999999998,0.8549999999999993,-5.0,5.0,0.65,1.5,0.45,7.0,0.35,0.0,17.0,5.0,1.5,0.8,0.0,1.4,0.45,0.35,0.2,0.35,0.15,0.05,7.0,5.4,buyer_value_audit_cost_grid
audit_penalty,Audit/penalty,none,5.4,-5.0,-0.8173076923076912,-0.007788461538461244,5.4,15.862499999999999,0.7424999999999994,-5.0,5.0,0.65,1.5,0.45,7.0,0.35,0.0,17.0,5.0,1.75,0.8,0.0,1.4,0.45,0.35,0.2,0.35,0.15,0.05,7.0,5.4,buyer_value_audit_cost_grid
audit_penalty,Audit/penalty,none,5.4,-5.0,-0.8173076923076912,-0.007788461538461244,5.4,15.749999999999998,0.6299999999999993,-5.0,5.0,0.65,1.5,0.45,7.0,0.35,0.0,17.0,5.0,2.0,0.8,0.0,1.4,0.45,0.35,0.2,0.35,0.15,0.05,7.0,5.4,buyer_value_audit_cost_grid
audit_penalty,Audit/penalty,none,5.4,-5.0,-0.8173076923076912,-0.007788461538461244,5.4,15.6375,0.5174999999999994,-5.0,5.0,0.65,1.5,0.45,7.0,0.35,0.0,17.0,5.0,2.25,0.8,0.0,1.4,0.45,0.35,0.2,0.35,0.15,0.05,7.0,5.4,buyer_value_audit_cost_grid
audit_penalty,Audit/penalty,none,5.4,-5.0,-0.8173076923076912,-0.007788461538461244,5.4,15.524999999999999,0.4049999999999994,-5.0,5.0,0.65,1.5,0.45,7.0,0.35,0.0,17.0,5.0,2.5,0.8,0.0,1.4,0.45,0.35,0.2,0.35,0.15,0.05,7.0,5.4,buyer_value_audit_cost_grid
audit_penalty,Audit/penalty,none,5.4,-5.0,-0.8173076923076912,-0.007788461538461244,5.4,15.412499999999998,0.29249999999999937,-5.0,5.0,0.65,1.5,0.45,7.0,0.35,0.0,17.0,5.0,2.75,0.8,0.0,1.4,0.45,0.35,0.2,0.35,0.15,0.05,7.0,5.4,buyer_value_audit_cost_grid
audit_penalty,Audit/penalty,none,5.4,-5.0,-0.8173076923076912,-0.007788461538461244,5.4,15.299999999999999,0.17999999999999933,-5.0,5.0,0.65,1.5,0.45,7.0,0.35,0.0,17.0,5.0,3.0,0.8,0.0,1.4,0.45,0.35,0.2,0.35,0.15,0.05,7.0,5.4,buyer_value_audit_cost_grid
audit_penalty,Audit/penalty,none,5.4,-5.0,-0.8173076923076912,-0.007788461538461244,5.4,15.187499999999998,0.06749999999999923,-5.0,5.0,0.65,1.5,0.45,7.0,0.35,0.0,17.0,5.0,3.25,0.8,0.0,1.4,0.45,0.35,0.2,0.35,0.15,0.05,7.0,5.4,buyer_value_audit_cost_grid
audit_penalty,Audit/penalty,none,5.4,-5.0,-0.8173076923076912,-0.007788461538461244,5.4,15.075,-0.045000000000000595,-5.0,5.0,0.65,1.5,0.45,7.0,0.35,0.0,17.0,5.0,3.5,0.8,0.0,1.4,0.45,0.35,0.2,0.35,0.15,0.05,7.0,5.4,buyer_value_audit_cost_grid
audit_penalty,Audit/penalty,none,5.4,-5.0,-0.8173076923076912,-0.007788461538461244,5.4,14.962499999999999,-0.15750000000000064,-5.0,5.0,0.65,1.5,0.45,7.0,0.35,0.0,17.0,5.0,3.75,0.8,0.0,1.4,0.45,0.35,0.2,0.35,0.15,0.05,7.0,5.4,buyer_value_audit_cost_grid
audit_penalty,Audit/penalty,none,5.4,-5.0,-0.8173076923076912,-0.007788461538461244,5.4,14.849999999999998,-0.2700000000000007,-5.0,5.0,0.65,1.5,0.45,7.0,0.35,0.0,17.0,5.0,4.0,0.8,0.0,1.4,0.45,0.35,0.2,0.35,0.15,0.05,7.0,5.4,buyer_value_audit_cost_grid
audit_penalty,Audit/penalty,none,5.4,-5.0,-0.8173076923076912,-0.007788461538461244,5.4,17.15,1.705,-5.0,5.0,0.65,1.5,0.45,7.0,0.35,0.0,17.5,5.0,0.0,0.8,0.0,1.4,0.45,0.35,0.2,0.35,0.15,0.05,7.0,5.4,buyer_value_audit_cost_grid
audit_penalty,Audit/penalty,none,5.4,-5.0,-0.8173076923076912,-0.007788461538461244,5.4,17.037499999999998,1.5925,-5.0,5.0,0.65,1.5,0.45,7.0,0.35,0.0,17.5,5.0,0.25,0.8,0.0,1.4,0.45,0.35,0.2,0.35,0.15,0.05,7.0,5.4,buyer_value_audit_cost_grid
audit_penalty,Audit/penalty,none,5.4,-5.0,-0.8173076923076912,-0.007788461538461244,5.4,16.924999999999997,1.48,-5.0,5.0,0.65,1.5,0.45,7.0,0.35,0.0,17.5,5.0,0.5,0.8,0.0,1.4,0.45,0.35,0.2,0.35,0.15,0.05,7.0,5.4,buyer_value_audit_cost_grid
audit_penalty,Audit/penalty,none,5.4,-5.0,-0.8173076923076912,-0.007788461538461244,5.4,16.8125,1.3675000000000002,-5.0,5.0,0.65,1.5,0.45,7.0,0.35,0.0,17.5,5.0,0.75,0.8,0.0,1.4,0.45,0.35,0.2,0.35,0.15,0.05,7.0,5.4,buyer_value_audit_cost_grid
audit_penalty,Audit/penalty,none,5.4,-5.0,-0.8173076923076912,-0.007788461538461244,5.4,16.7,1.2550000000000001,-5.0,5.0,0.65,1.5,0.45,7.0,0.35,0.0,17.5,5.0,1.0,0.8,0.0,1.4,0.45,0.35,0.2,0.35,0.15,0.05,7.0,5.4,buyer_value_audit_cost_grid
audit_penalty,Audit/penalty,none,5.4,-5.0,-0.8173076923076912,-0.007788461538461244,5.4,16.5875,1.1425,-5.0,5.0,0.65,1.5,0.45,7.0,0.35,0.0,17.5,5.0,1.25,0.8,0.0,1.4,0.45,0.35,0.2,0.35,0.15,0.05,7.0,5.4,buyer_value_audit_cost_grid
audit_penalty,Audit/penalty,none,5.4,-5.0,-0.8173076923076912,-0.007788461538461244,5.4,16.474999999999998,1.03,-5.0,5.0,0.65,1.5,0.45,7.0,0.35,0.0,17.5,5.0,1.5,0.8,0.0,1.4,0.45,0.35,0.2,0.35,0.15,0.05,7.0,5.4,buyer_value_audit_cost_grid
audit_penalty,Audit/penalty,none,5.4,-5.0,-0.8173076923076912,-0.007788461538461244,5.4,16.362499999999997,0.9175000000000002,-5.0,5.0,0.65,1.5,0.45,7.0,0.35,0.0,17.5,5.0,1.75,0.8,0.0,1.4,0.45,0.35,0.2,0.35,0.15,0.05,7.0,5.4,buyer_value_audit_cost_grid
audit_penalty,Audit/penalty,none,5.4,-5.0,-0.8173076923076912,-0.007788461538461244,5.4,16.25,0.8050000000000002,-5.0,5.0,0.65,1.5,0.45,7.0,0.35,0.0,17.5,5.0,2.0,0.8,0.0,1.4,0.45,0.35,0.2,0.35,0.15,0.05,7.0,5.4,buyer_value_audit_cost_grid
audit_penalty,Audit/penalty,none,5.4,-5.0,-0.8173076923076912,-0.007788461538461244,5.4,16.1375,0.6925000000000001,-5.0,5.0,0.65,1.5,0.45,7.0,0.35,0.0,17.5,5.0,2.25,0.8,0.0,1.4,0.45,0.35,0.2,0.35,0.15,0.05,7.0,5.4,buyer_value_audit_cost_grid
audit_penalty,Audit/penalty,none,5.4,-5.0,-0.8173076923076912,-0.007788461538461244,5.4,16.025,0.5800000000000001,-5.0,5.0,0.65,1.5,0.45,7.0,0.35,0.0,17.5,5.0,2.5,0.8,0.0,1.4,0.45,0.35,0.2,0.35,0.15,0.05,7.0,5.4,buyer_value_audit_cost_grid
audit_penalty,Audit/penalty,none,5.4,-5.0,-0.8173076923076912,-0.007788461538461244,5.4,15.912499999999998,0.4675000000000001,-5.0,5.0,0.65,1.5,0.45,7.0,0.35,0.0,17.5,5.0,2.75,0.8,0.0,1.4,0.45,0.35,0.2,0.35,0.15,0.05,7.0,5.4,buyer_value_audit_cost_grid
audit_penalty,Audit/penalty,none,5.4,-5.0,-0.8173076923076912,-0.007788461538461244,5.4,15.799999999999999,0.35500000000000004,-5.0,5.0,0.65,1.5,0.45,7.0,0.35,0.0,17.5,5.0,3.0,0.8,0.0,1.4,0.45,0.35,0.2,0.35,0.15,0.05,7.0,5.4,buyer_value_audit_cost_grid
audit_penalty,Audit/penalty,none,5.4,-5.0,-0.8173076923076912,-0.007788461538461244,5.4,15.687499999999998,0.2425,-5.0,5.0,0.65,1.5,0.45,7.0,0.35,0.0,17.5,5.0,3.25,0.8,0.0,1.4,0.45,0.35,0.2,0.35,0.15,0.05,7.0,5.4,buyer_value_audit_cost_grid
audit_penalty,Audit/penalty,none,5.4,-5.0,-0.8173076923076912,-0.007788461538461244,5.4,15.575,0.13000000000000017,-5.0,5.0,0.65,1.5,0.45,7.0,0.35,0.0,17.5,5.0,3.5,0.8,0.0,1.4,0.45,0.35,0.2,0.35,0.15,0.05,7.0,5.4,buyer_value_audit_cost_grid
audit_penalty,Audit/penalty,none,5.4,-5.0,-0.8173076923076912,-0.007788461538461244,5.4,15.462499999999999,0.01750000000000007,-5.0,5.0,0.65,1.5,0.45,7.0,0.35,0.0,17.5,5.0,3.75,0.8,0.0,1.4,0.45,0.35,0.2,0.35,0.15,0.05,7.0,5.4,buyer_value_audit_cost_grid
audit_penalty,Audit/penalty,none,5.4,-5.0,-0.8173076923076912,-0.007788461538461244,5.4,15.349999999999998,-0.09499999999999997,-5.0,5.0,0.65,1.5,0.45,7.0,0.35,0.0,17.5,5.0,4.0,0.8,0.0,1.4,0.45,0.35,0.2,0.35,0.15,0.05,7.0,5.4,buyer_value_audit_cost_grid
audit_penalty,Audit/penalty,none,5.4,-5.0,-0.8173076923076912,-0.007788461538461244,5.4,17.65,1.88,-5.0,5.0,0.65,1.5,0.45,7.0,0.35,0.0,18.0,5.0,0.0,0.8,0.0,1.4,0.45,0.35,0.2,0.35,0.15,0.05,7.0,5.4,buyer_value_audit_cost_grid
audit_penalty,Audit/penalty,none,5.4,-5.0,-0.8173076923076912,-0.007788461538461244,5.4,17.537499999999998,1.7674999999999998,-5.0,5.0,0.65,1.5,0.45,7.0,0.35,0.0,18.0,5.0,0.25,0.8,0.0,1.4,0.45,0.35,0.2,0.35,0.15,0.05,7.0,5.4,buyer_value_audit_cost_grid
audit_penalty,Audit/penalty,none,5.4,-5.0,-0.8173076923076912,-0.007788461538461244,5.4,17.424999999999997,1.6549999999999998,-5.0,5.0,0.65,1.5,0.45,7.0,0.35,0.0,18.0,5.0,0.5,0.8,0.0,1.4,0.45,0.35,0.2,0.35,0.15,0.05,7.0,5.4,buyer_value_audit_cost_grid
audit_penalty,Audit/penalty,none,5.4,-5.0,-0.8173076923076912,-0.007788461538461244,5.4,17.3125,1.5425,-5.0,5.0,0.65,1.5,0.45,7.0,0.35,0.0,18.0,5.0,0.75,0.8,0.0,1.4,0.45,0.35,0.2,0.35,0.15,0.05,7.0,5.4,buyer_value_audit_cost_grid
audit_penalty,Audit/penalty,none,5.4,-5.0,-0.8173076923076912,-0.007788461538461244,5.4,17.2,1.43,-5.0,5.0,0.65,1.5,0.45,7.0,0.35,0.0,18.0,5.0,1.0,0.8,0.0,1.4,0.45,0.35,0.2,0.35,0.15,0.05,7.0,5.4,buyer_value_audit_cost_grid
audit_penalty,Audit/penalty,none,5.4,-5.0,-0.8173076923076912,-0.007788461538461244,5.4,17.0875,1.3175,-5.0,5.0,0.65,1.5,0.45,7.0,0.35,0.0,18.0,5.0,1.25,0.8,0.0,1.4,0.45,0.35,0.2,0.35,0.15,0.05,7.0,5.4,buyer_value_audit_cost_grid
audit_penalty,Audit/penalty,none,5.4,-5.0,-0.8173076923076912,-0.007788461538461244,5.4,16.974999999999998,1.2049999999999998,-5.0,5.0,0.65,1.5,0.45,7.0,0.35,0.0,18.0,5.0,1.5,0.8,0.0,1.4,0.45,0.35,0.2,0.35,0.15,0.05,7.0,5.4,buyer_value_audit_cost_grid
audit_penalty,Audit/penalty,none,5.4,-5.0,-0.8173076923076912,-0.007788461538461244,5.4,16.862499999999997,1.0925,-5.0,5.0,0.65,1.5,0.45,7.0,0.35,0.0,18.0,5.0,1.75,0.8,0.0,1.4,0.45,0.35,0.2,0.35,0.15,0.05,7.0,5.4,buyer_value_audit_cost_grid
audit_penalty,Audit/penalty,none,5.4,-5.0,-0.8173076923076912,-0.007788461538461244,5.4,16.75,0.98,-5.0,5.0,0.65,1.5,0.45,7.0,0.35,0.0,18.0,5.0,2.0,0.8,0.0,1.4,0.45,0.35,0.2,0.35,0.15,0.05,7.0,5.4,buyer_value_audit_cost_grid
audit_penalty,Audit/penalty,none,5.4,-5.0,-0.8173076923076912,-0.007788461538461244,5.4,16.6375,0.8674999999999999,-5.0,5.0,0.65,1.5,0.45,7.0,0.35,0.0,18.0,5.0,2.25,0.8,0.0,1.4,0.45,0.35,0.2,0.35,0.15,0.05,7.0,5.4,buyer_value_audit_cost_grid
audit_penalty,Audit/penalty,none,5.4,-5.0,-0.8173076923076912,-0.007788461538461244,5.4,16.525,0.7549999999999999,-5.0,5.0,0.65,1.5,0.45,7.0,0.35,0.0,18.0,5.0,2.5,0.8,0.0,1.4,0.45,0.35,0.2,0.35,0.15,0.05,7.0,5.4,buyer_value_audit_cost_grid
audit_penalty,Audit/penalty,none,5.4,-5.0,-0.8173076923076912,-0.007788461538461244,5.4,16.412499999999998,0.6424999999999998,-5.0,5.0,0.65,1.5,0.45,7.0,0.35,0.0,18.0,5.0,2.75,0.8,0.0,1.4,0.45,0.35,0.2,0.35,0.15,0.05,7.0,5.4,buyer_value_audit_cost_grid
audit_penalty,Audit/penalty,none,5.4,-5.0,-0.8173076923076912,-0.007788461538461244,5.4,16.299999999999997,0.5299999999999998,-5.0,5.0,0.65,1.5,0.45,7.0,0.35,0.0,18.0,5.0,3.0,0.8,0.0,1.4,0.45,0.35,0.2,0.35,0.15,0.05,7.0,5.4,buyer_value_audit_cost_grid
audit_penalty,Audit/penalty,none,5.4,-5.0,-0.8173076923076912,-0.007788461538461244,5.4,16.1875,0.4174999999999998,-5.0,5.0,0.65,1.5,0.45,7.0,0.35,0.0,18.0,5.0,3.25,0.8,0.0,1.4,0.45,0.35,0.2,0.35,0.15,0.05,7.0,5.4,buyer_value_audit_cost_grid
audit_penalty,Audit/penalty,none,5.4,-5.0,-0.8173076923076912,-0.007788461538461244,5.4,16.075,0.305,-5.0,5.0,0.65,1.5,0.45,7.0,0.35,0.0,18.0,5.0,3.5,0.8,0.0,1.4,0.45,0.35,0.2,0.35,0.15,0.05,7.0,5.4,buyer_value_audit_cost_grid
audit_penalty,Audit/penalty,none,5.4,-5.0,-0.8173076923076912,-0.007788461538461244,5.4,15.962499999999999,0.19249999999999995,-5.0,5.0,0.65,1.5,0.45,7.0,0.35,0.0,18.0,5.0,3.75,0.8,0.0,1.4,0.45,0.35,0.2,0.35,0.15,0.05,7.0,5.4,buyer_value_audit_cost_grid
audit_penalty,Audit/penalty,none,5.4,-5.0,-0.8173076923076912,-0.007788461538461244,5.4,15.849999999999998,0.07999999999999985,-5.0,5.0,0.65,1.5,0.45,7.0,0.35,0.0,18.0,5.0,4.0,0.8,0.0,1.4,0.45,0.35,0.2,0.35,0.15,0.05,7.0,5.4,buyer_value_audit_cost_grid
